Date/Time;Depth water [m];Species;Group;Samp type;Size;Ind No [#];Samp m [mg];δ13C [‰ PDB]_new;δ15N [‰ air]_new;δ13C [‰ PDB]_wrong;δ15N [‰ air]_wrong;δ34S [‰ CDT];C/N;N [mg];C [mg];S [mg];Temp [°C];Sal
22.03.11;65;Abra prismatica;Bivalvia;muscle tissue;<23 mm;6;0.05140;-21.546;7.147;7.147;-21.546;12.272;4.608;0.004852;0.019163;0.000648;22;149
22.03.11;65;Abra prismatica;Bivalvia;muscle tissue;<10 mm;1;0.05540;-18.679;8.204;8.204;-18.679;15.455;6.015;0.003098;0.015973;0.000475;22;149
04.08.11;18;Abra prismatica;Bivalvia;muscle tissue;<10 mm;1;0.05690;-21.180;9.639;9.639;-21.180;14.830;4.743;0.005559;0.022602;0.000869;187;137
05.05.11;40;Abra prismatica;Bivalvia;muscle tissue;<10 mm;1;0.06500;-19.816;11.487;11.487;-19.816;15.149;4.563;0.006307;0.024671;0.000650;99;171
15.09.11;19;Acartia sp.;Copepoda;whole individual;;10;0.07560;-23.889;5.935;5.935;-23.889;20.284;5.979;0.001011;0.005183;0.005436;150;174
07.07.11;23;Acartia sp.;Copepoda;whole individual;;5;0.09360;-25.717;7.411;7.411;-25.717;19.321;12.067;0.004185;0.043280;0.001794;174;152
19.05.11;22;Acartia sp.;Copepoda;whole individual;;5;0.10190;-24.095;7.712;7.712;-24.095;19.358;4.002;0.003729;0.012792;0.001664;120;131
07.04.11;44;Acartia sp.;Copepoda;whole individual;;5;0.10850;-24.853;7.141;7.141;-24.853;21.504;5.764;0.001993;0.009850;0.003708;48;164
07.07.11;23;Acartia sp.;Copepoda;whole individual;;5;0.11030;-24.178;7.307;7.307;-24.178;17.414;5.325;0.001608;0.007337;0.001207;174;152
30.08.11;43;Acartia sp.;Copepoda;whole individual;;10;0.12130;-22.016;8.801;8.801;-22.016;19.827;4.932;0.004897;0.020699;0.005044;151;169
08.03.11;50;Acartia sp.;Copepoda;whole individual;;15;0.12630;-25.999;6.846;6.846;-25.999;17.286;6.116;0.002467;0.012931;0.000772;12;132
07.07.11;23;Acartia sp.;Copepoda;whole individual;;5;0.13170;-25.353;8.452;8.452;-25.353;16.311;9.667;0.006466;0.053580;0.000944;174;152
09.06.11;26;Acartia sp.;Copepoda;whole individual;;5;0.13220;-26.000;8.493;8.493;-26.000;20.992;4.681;0.001829;0.007339;0.002914;156;155
21.04.11;67;Acartia sp.;Copepoda;whole individual;;5;0.13910;-26.254;5.234;5.234;-26.254;17.299;4.618;0.001633;0.006463;0.000211;71;165
05.05.11;40;Acartia sp.;Copepoda;whole individual;;5;0.13940;-25.791;4.809;4.809;-25.791;20.542;5.192;0.001523;0.006778;0.001968;99;171
21.04.11;67;Acartia sp.;Copepoda;whole individual;;5;0.13970;-27.015;1.386;1.386;-27.015;18.084;4.616;0.001355;0.005360;0.000265;71;165
18.08.11;24;Acartia sp.;Copepoda;whole individual;;5;0.15190;-21.709;8.102;8.102;-21.709;19.067;5.075;0.002350;0.010220;0.002880;170;148
08.03.11;50;Acartia sp.;Copepoda;whole individual;;15;0.15330;-25.392;9.492;9.492;-25.392;20.219;4.795;0.005000;0.020550;0.002067;12;132
07.07.11;23;Acartia sp.;Copepoda;whole individual;;5;0.15330;-24.958;7.767;7.767;-24.958;18.324;9.492;0.006535;0.053169;0.001473;174;152
07.04.11;44;Acartia sp.;Copepoda;whole individual;;5;0.16400;-24.409;9.806;9.806;-24.409;20.643;5.482;0.002859;0.013433;0.001886;48;164
19.05.11;22;Acartia sp.;Copepoda;whole individual;;5;0.16490;-25.161;8.551;8.551;-25.161;19.578;4.314;0.002677;0.009900;0.001834;120;131
09.06.11;26;Acartia sp.;Copepoda;whole individual;;5;0.17050;-25.517;7.293;7.293;-25.517;21.175;5.093;0.002162;0.009438;0.002670;156;155
04.08.11;18;Acartia sp.;Copepoda;whole individual;;10;0.17630;-22.053;7.374;7.374;-22.053;18.909;4.928;0.003371;0.014239;0.003111;187;137
23.06.11;24;Acartia sp.;Copepoda;whole individual;;10;0.18040;-19.696;10.151;10.151;-19.696;13.106;8.251;0.008382;0.059281;0.000840;151;162
08.03.11;50;Acartia sp.;Copepoda;whole individual;;15;0.20140;-24.576;9.541;9.541;-24.576;19.959;4.841;0.007033;0.029184;0.002007;12;132
08.03.11;50;Acartia sp.;Copepoda;whole individual;;7;0.21150;-18.101;12.287;12.287;-18.101;9.773;4.318;0.006874;0.025444;0.000783;12;132
09.06.11;26;Acartia sp.;Copepoda;whole individual;;5;0.21460;-26.108;7.331;7.331;-26.108;20.496;5.271;0.001458;0.006586;0.001933;156;155
07.07.11;23;Acartia sp.;Copepoda;whole individual;;5;0.23320;-25.490;6.854;6.854;-25.490;18.645;9.393;0.006474;0.052122;0.001662;174;152
21.07.11;26;Acartia sp.;Copepoda;whole individual;;5;0.23510;-24.425;5.093;5.093;-24.425;18.411;5.755;0.001337;0.006595;0.001701;177;138
15.09.11;19;Acartia sp.;Copepoda;whole individual;;10;0.23820;-22.380;7.380;7.380;-22.380;20.228;6.017;0.001313;0.006772;0.005343;150;174
07.07.11;23;Acartia sp.;Copepoda;whole individual;;5;0.24670;-25.580;8.118;8.118;-25.580;16.605;9.312;0.006874;0.054864;0.001020;174;152
05.05.11;40;Acartia sp.;Copepoda;whole individual;;5;0.24930;-26.069;4.260;4.260;-26.069;20.980;4.990;0.001586;0.006784;0.003120;99;171
07.07.11;23;Acartia sp.;Copepoda;whole individual;;5;0.25440;-24.821;6.915;6.915;-24.821;19.573;10.208;0.005492;0.048052;0.002765;174;152
08.03.11;50;Acartia sp.;Copepoda;whole individual;;15;0.29070;-25.695;7.175;7.175;-25.695;21.312;5.121;0.002389;0.010484;0.002520;12;132
08.03.11;50;Acartia sp.;Copepoda;whole individual;;15;0.29130;-21.177;9.027;9.027;-21.177;10.903;5.340;0.002725;0.012471;0.000396;12;132
07.07.11;23;Acartia sp.;Copepoda;whole individual;;5;0.29160;-24.993;7.416;7.416;-24.993;18.090;4.729;0.004483;0.018173;0.001734;174;152
21.04.11;67;Acartia sp.;Copepoda;whole individual;;5;0.30200;-26.160;6.140;6.140;-26.160;21.623;6.224;0.001690;0.009018;0.004021;71;165
15.09.11;19;Acartia sp.;Copepoda;whole individual;;10;0.32700;-24.453;4.884;4.884;-24.453;19.361;8.077;0.000703;0.004870;0.002082;150;174
23.06.11;24;Acartia sp.;Copepoda;whole individual;;10;0.34900;-24.414;6.039;6.039;-24.414;20.018;8.419;0.007736;0.055826;0.004795;151;162
09.06.11;26;Acartia sp.;Copepoda;whole individual;;5;0.39080;-25.937;6.201;6.201;-25.937;19.801;4.839;0.002000;0.008293;0.001322;156;155
07.04.11;44;Acartia sp.;Copepoda;whole individual;;5;0.43000;-25.858;7.263;7.263;-25.858;21.871;6.946;0.001168;0.006956;0.004007;48;164
05.05.11;40;Acartia sp.;Copepoda;whole individual;;5;0.48980;-26.039;7.184;7.184;-26.039;18.372;5.087;0.001406;0.006131;0.000691;99;171
22.03.11;65;Acartia sp.;Copepoda;whole individual;;15;0.51870;-25.624;9.394;9.394;-25.624;17.054;5.773;0.002887;0.014287;0.000232;22;149
15.09.11;19;Acartia sp.;Copepoda;whole individual;;10;0.51910;-23.247;7.688;7.688;-23.247;20.230;6.797;0.001197;0.006974;0.005767;150;174
21.07.11;26;Acartia sp.;Copepoda;whole individual;;5;0.61960;-24.682;4.944;4.944;-24.682;18.757;6.200;0.001080;0.005738;0.002066;177;138
04.08.11;18;Acartia sp.;Copepoda;whole individual;;10;0.65570;-22.101;7.595;7.595;-22.101;18.365;4.873;0.004366;0.018234;0.002276;187;137
21.04.11;67;Actinia equina;Cnidaria;whole individual;5 mm;3;0.05580;-26.063;7.563;7.563;-26.063;16.410;5.659;0.004414;0.021412;0.001124;71;165
09.06.11;26;Akera bullata;Gastropoda;whole individual;10 mm;1;0.05120;-19.293;8.537;8.537;-19.293;17.740;6.381;0.003586;0.019612;0.000730;156;155
05.05.11;40;Alitta virens;Annelida;whole individual;60 mm;2;0.04630;-19.417;11.207;11.207;-19.417;13.602;4.780;0.005210;0.021348;0.000572;99;171
05.05.11;40;Alitta virens;Annelida;whole individual;60 mm;2;0.05350;-18.778;12.172;12.172;-18.778;10.858;5.396;0.004497;0.020802;0.013688;99;171
05.05.11;40;Alitta virens;Annelida;whole individual;80 mm;2;0.05670;-20.061;10.566;10.566;-20.061;12.872;4.147;0.007762;0.027591;0.001083;99;171
05.05.11;40;Alitta virens;Annelida;whole individual;50 mm;2;0.05690;-18.619;12.660;12.660;-18.619;10.754;5.261;0.004211;0.018989;0.013962;99;171
05.05.11;40;Alitta virens;Annelida;whole individual;40 mm;3;0.06860;-19.888;11.618;11.618;-19.888;17.085;4.742;0.007135;0.028999;0.000753;99;171
19.05.11;22;Ammodytes tobianus;Fish;muscle tissue;78 mm;1;0.05020;-22.669;13.032;13.032;-22.669;15.898;4.341;0.007282;0.027098;0.000581;120;131
07.07.11;23;Ammodytes tobianus;Fish;muscle tissue;73 mm;1;0.05320;-22.023;11.856;11.856;-22.023;16.436;4.018;0.007029;0.024211;0.016558;174;152
19.05.11;22;Ammodytes tobianus;Fish;muscle tissue;63 mm;1;0.06110;-22.855;12.560;12.560;-22.855;16.566;4.125;0.008036;0.028416;0.000644;120;131
19.05.11;22;Ammodytes tobianus;Fish;muscle tissue;94 mm;1;0.06120;-22.841;13.098;13.098;-22.841;16.547;4.469;0.007366;0.028213;0.000662;120;131
07.07.11;23;Ammodytes tobianus;Fish;muscle tissue;66 mm;1;0.06650;-22.805;11.050;11.050;-22.805;17.004;4.085;0.006759;0.023667;0.012180;174;152
30.08.11;43;Amphibalanus improvisus;Crustacea;"whole individual; no shell";<5 mm;6;0.05350;-17.908;8.034;8.034;-17.908;17.573;6.662;0.003857;0.022024;0.000545;151;169
04.08.11;18;Amphibalanus improvisus;Crustacea;"whole individual; no shell";<5 mm;2;0.06010;-20.661;9.267;9.267;-20.661;17.432;5.247;0.005643;0.025380;0.000682;187;137
08.03.11;50;Arenicola marina;Annelida ;whole individual;53 mm;1;0.05900;-18.289;11.430;11.430;-18.289;11.209;5.277;0.004317;0.019526;0.013950;12;132
08.03.11;50;Arenicola marina;Annelida ;whole individual;69 mm;1;0.06000;-17.543;10.807;10.807;-17.543;9.270;5.193;0.003672;0.016343;0.012811;12;132
29.09.11;52;Ascidiella aspersa;Tunicata;whole individual;20 mm;1;0.05370;-20.291;10.346;10.346;-20.291;18.312;6.698;0.002080;0.011941;0.000792;150;181
05.05.11;40;Asterias rubens;Echinodermata;"whole individual; no shell";45 mm;1;0.05000;-22.682;7.515;7.515;-22.682;16.131;6.159;0.004136;0.021835;0.013029;99;171
30.08.11;43;Asterias rubens;Echinodermata;"whole individual; no shell";<41 mm;3;0.05110;-16.776;9.439;9.439;-16.776;14.899;5.022;0.005535;0.023828;0.000897;151;169
15.09.11;19;Asterias rubens;Echinodermata;"whole individual; no shell";51 mm;1;0.05120;-21.844;7.156;7.156;-21.844;13.622;9.357;0.009208;0.073853;0.000889;150;174
08.03.11;50;Asterias rubens;Echinodermata;"whole individual; no shell";39 mm;1;0.05210;-23.623;6.880;6.880;-23.623;17.463;7.082;0.004351;0.026416;0.000650;12;132
22.03.11;65;Asterias rubens;Echinodermata;"whole individual; no shell";35 mm;1;0.05230;-21.916;8.153;8.153;-21.916;15.207;6.802;0.004277;0.024936;0.014489;22;149
15.09.11;19;Asterias rubens;Echinodermata;"whole individual; no shell";40 mm;1;0.05380;-15.879;7.761;7.761;-15.879;12.409;7.148;0.011829;0.072473;0.001461;150;174
05.05.11;40;Asterias rubens;Echinodermata;"whole individual; no shell";66 mm;1;0.05400;-22.088;8.676;8.676;-22.088;14.928;6.444;0.005138;0.028378;0.000675;99;171
08.03.11;50;Asterias rubens;Echinodermata;"whole individual; no shell";42 mm;1;0.05500;-23.633;7.454;7.454;-23.633;16.847;6.876;0.004720;0.027817;0.000622;12;132
18.08.11;24;Asterias rubens;Echinodermata;"whole individual; no shell";37 mm;1;0.05500;-20.304;10.244;10.244;-20.304;14.675;4.687;0.006150;0.024707;0.000850;170;148
19.05.11;22;Asterias rubens;Echinodermata;"whole individual; no shell";<39 mm;2;0.05500;-21.483;8.791;8.791;-21.483;10.371;4.467;0.004619;0.017682;0.000474;120;131
21.07.11;26;Asterias rubens;Echinodermata;"whole individual; no shell";59 mm;1;0.05590;-23.764;7.113;7.113;-23.764;16.365;5.354;0.005832;0.026762;0.000629;177;138
29.09.11;52;Asterias rubens;Echinodermata;"whole individual; no shell";57 mm;1;0.05680;-22.151;7.119;7.119;-22.151;17.262;7.682;0.004400;0.028974;0.000578;150;181
05.05.11;40;Asterias rubens;Echinodermata;"whole individual; no shell";72 mm;1;0.05700;-21.661;8.678;8.678;-21.661;16.007;6.016;0.005177;0.026696;0.000706;99;171
29.09.11;52;Asterias rubens;Echinodermata;"whole individual; no shell";54 mm;1;0.06190;-25.275;6.949;6.949;-25.275;16.211;8.868;0.004016;0.030529;0.000493;150;181
07.07.11;23;Asterias rubens;Echinodermata;"whole individual; no shell";<50 mm;3;0.06250;-24.234;9.938;9.938;-24.234;15.831;7.059;0.003531;0.021363;0.015099;174;152
07.04.11;44;Aurelia sp;Cnidaria;whole individual;6 mm;1;0.17900;-25.569;7.830;7.830;-25.569;19.305;5.419;0.002098;0.009743;0.001143;48;164
19.05.11;22;Belone belone;Fish ;muscle tissue;268 mm;1;0.05610;-20.008;12.306;12.306;-20.008;18.200;3.853;0.006749;0.022288;0.016934;120;131
29.09.11;52;Buccinum undatum;Gastropoda;"whole individual; no shell";19 mm;1;0.05150;-19.137;12.624;12.624;-19.137;16.891;5.731;0.004996;0.022024;0.000601;150;181
19.05.11;22;Buccinum undatum;Gastropoda;"whole individual; no shell";23 mm;1;0.05710;-18.137;12.158;12.158;-18.137;14.401;5.143;0.006725;0.033034;0.000866;120;131
22.03.11;65;Capitella capitata;Annelida ;whole individual;49 mm;1;0.05300;-19.894;10.867;10.867;-19.894;7.338;4.756;0.005436;0.022158;0.000542;22;149
22.03.11;65;Capitella capitata;Annelida ;whole individual;<32 mm;2;0.06680;-20.074;11.473;11.473;-20.074;7.615;4.948;0.005348;0.022680;0.000596;22;149
30.08.11;43;Carcinus maenas;Crustacea;muscle tissue;33 mm;1;0.05180;-20.443;9.157;9.157;-20.443;13.936;6.088;0.004454;0.023243;0.000590;151;169
08.03.11;50;Carcinus maenas;Crustacea;muscle tissue;52 mm;1;0.05570;-14.071;10.619;10.619;-14.071;10.750;5.601;0.004363;0.020947;0.016752;12;132
29.09.11;52;Carcinus maenas;Crustacea;muscle tissue;60 mm;1;0.06030;-20.781;12.509;12.509;-20.781;17.421;6.299;0.004747;0.025626;0.000597;150;181
07.04.11;44;Cerastoderma edule;Bivalvia;muscle tissue;<20 mm;4;0.04700;-21.309;8.124;8.124;-21.309;15.923;4.733;0.004946;0.020067;0.019997;48;164
22.03.11;65;Cerastoderma edule;Bivalvia;muscle tissue;<13 mm;6;0.04930;-20.971;7.335;7.335;-20.971;14.669;4.612;0.005766;0.022790;0.000848;22;149
30.08.11;43;Cerastoderma edule;Bivalvia;muscle tissue;<20 mm;2;0.04970;-20.976;7.385;7.385;-20.976;17.431;6.667;0.004152;0.023729;0.000649;151;169
21.07.11;26;Cerastoderma edule;Bivalvia;muscle tissue;<13 mm;4;0.05210;-22.541;6.640;6.640;-22.541;17.413;5.088;0.006375;0.027802;0.000761;177;138
08.03.11;50;Cerastoderma edule;Bivalvia;muscle tissue;<12 mm;3;0.05240;-21.180;7.628;7.628;-21.180;9.201;4.884;0.004877;0.020419;0.000453;12;132
09.06.11;26;Cerastoderma edule;Bivalvia;muscle tissue;20 mm;1;0.05250;-24.203;7.440;7.440;-24.203;18.074;4.945;0.004965;0.021046;0.000804;156;155
30.08.11;43;Cerastoderma edule;Bivalvia;muscle tissue;<12 mm;3;0.05260;-20.553;7.645;7.645;-20.553;16.323;5.598;0.004926;0.025271;0.000631;151;169
29.09.11;52;Cerastoderma edule;Bivalvia;muscle tissue;<26 mm;4;0.05260;-20.351;8.067;8.067;-20.351;15.000;5.902;0.004258;0.021541;0.000530;150;181
19.05.11;22;Cerastoderma edule;Bivalvia;muscle tissue;15 - 20 mm;5;0.05270;-20.921;9.021;9.021;-20.921;15.868;4.917;0.005764;0.024294;0.001017;120;131
30.08.11;43;Cerastoderma edule;Bivalvia;muscle tissue;<15 mm;3;0.05330;-20.478;7.848;7.848;-20.478;15.899;5.971;0.005124;0.026226;0.000708;151;169
19.05.11;22;Cerastoderma edule;Bivalvia;muscle tissue;15 - 20 mm;4;0.05390;-21.165;8.200;8.200;-21.165;16.132;4.856;0.005551;0.023105;0.000933;120;131
18.08.11;24;Cerastoderma edule;Bivalvia;muscle tissue;<15 mm;4;0.05430;-21.636;7.622;7.622;-21.636;15.166;5.164;0.003300;0.014607;0.001026;170;148
08.03.11;50;Cerastoderma edule;Bivalvia;muscle tissue;<12 mm;3;0.05480;-17.942;12.793;12.793;-17.942;11.183;4.654;0.005227;0.020851;0.000561;12;132
15.09.11;19;Cerastoderma edule;Bivalvia;muscle tissue;32 mm;1;0.05490;-20.874;8.292;8.292;-20.874;17.177;6.713;0.003934;0.022636;0.000610;150;174
07.04.11;44;Cerastoderma edule;Bivalvia;muscle tissue;<20 mm;5;0.05520;-21.288;6.982;6.982;-21.288;15.159;5.145;0.005409;0.023857;0.000849;48;164
15.09.11;19;Cerastoderma edule;Bivalvia;muscle tissue;<15 mm;3;0.05530;-20.528;8.184;8.184;-20.528;17.090;5.986;0.005598;0.026861;0.000751;150;174
29.09.11;52;Cerastoderma edule;Bivalvia;muscle tissue;<17 mm;4;0.05690;-20.427;9.186;9.186;-20.427;15.430;6.160;0.004247;0.022424;0.000546;150;181
19.05.11;22;Cerastoderma edule;Bivalvia;muscle tissue;30 mm;1;0.05710;-21.049;8.062;8.062;-21.049;16.957;4.855;0.005291;0.022017;0.000987;120;131
21.04.11;67;Cerastoderma edule;Bivalvia;muscle tissue;<10 mm;4;0.05780;-21.346;6.975;6.975;-21.346;12.585;5.222;0.005129;0.022957;0.000978;71;165
21.04.11;67;Cerastoderma edule;Bivalvia;muscle tissue;30 mm;1;0.05800;-21.300;8.137;8.137;-21.300;14.963;5.528;0.005159;0.024447;0.000836;71;165
05.05.11;40;Cerastoderma edule;Bivalvia;muscle tissue;46 mm;1;0.05810;-21.273;8.043;8.043;-21.273;14.300;5.561;0.005268;0.025110;0.000643;99;171
29.09.11;52;Cerastoderma edule;Bivalvia;muscle tissue;<19 mm;4;0.05830;-21.240;9.402;9.402;-21.240;16.011;6.303;0.003990;0.021555;0.000506;150;181
22.03.11;65;Cerastoderma edule;Bivalvia;muscle tissue;35 mm;1;0.05890;-21.349;7.769;7.769;-21.349;15.380;4.633;0.005634;0.022374;0.000831;22;149
22.03.11;65;Cerastoderma edule;Bivalvia;muscle tissue;<15 mm;6;0.05890;-21.091;6.994;6.994;-21.091;15.982;4.756;0.005280;0.021524;0.000873;22;149
05.05.11;40;Cerastoderma edule;Bivalvia;muscle tissue;<10 mm;5;0.05910;-21.697;8.770;8.770;-21.697;16.258;5.854;0.003466;0.017391;0.017747;99;171
07.04.11;44;Cerastoderma edule;Bivalvia;muscle tissue;<20 mm;5;0.06040;-21.142;7.320;7.320;-21.142;15.470;4.934;0.006123;0.025894;0.000949;48;164
30.08.11;43;Cerastoderma edule;Bivalvia;muscle tissue;30 mm;1;0.06100;-21.008;7.024;7.024;-21.008;14.158;8.273;0.009503;0.067393;0.000910;151;169
18.08.11;24;Cerastoderma edule;Bivalvia;muscle tissue;<18 mm;3;0.06130;-20.881;7.436;7.436;-20.881;16.131;5.551;0.004233;0.020137;0.000811;170;148
09.06.11;26;Cerastoderma edule;Bivalvia;muscle tissue;<15 mm;5;0.06260;-17.893;9.327;9.327;-17.893;18.558;4.628;0.006031;0.023922;0.000870;156;155
30.08.11;43;Cerastoderma edule;Bivalvia;muscle tissue;25 mm;1;0.06340;-20.739;7.707;7.707;-20.739;16.947;6.385;0.004358;0.023849;0.000569;151;169
18.08.11;24;Chaetognath larvae;Chaetognatha;whole individual;;5;0.21470;-21.117;7.746;7.746;-21.117;19.736;5.421;0.002115;0.009826;0.004782;170;148
21.04.11;67;Chalinula limbata;Porifera ;whole individual;12 mm;1;0.05920;-21.745;7.472;7.472;-21.745;16.729;5.225;0.002261;0.010127;0.000765;71;165
29.09.11;52;Ciona intestinalis;Tunicata;whole individual;21 mm;1;0.05240;-21.049;8.605;8.605;-21.049;17.860;5.780;0.002040;0.010107;0.000790;150;181
15.09.11;19;Ciona intestinalis;Tunicata;whole individual;11 mm;1;0.05650;-20.874;8.292;8.292;-20.874;17.177;6.713;;;;150;174
30.08.11;43;Ciona intestinalis;Tunicata;whole individual;10 mm;1;0.06090;-21.546;7.706;7.706;-21.546;18.409;5.431;0.003897;0.018142;0.000928;151;169
15.09.11;19;Ciona intestinalis;Tunicata;whole individual;19 mm;1;0.06120;-20.308;9.003;9.003;-20.308;17.173;6.586;0.001796;0.010138;0.000720;150;174
29.09.11;52;Ciona intestinalis;Tunicata;whole individual;15 mm;1;0.06310;-21.405;7.778;7.778;-21.405;19.316;6.248;0.002465;0.013204;0.001116;150;181
18.08.11;24;Ciona intestinalis;Tunicata;whole individual;20 mm;1;0.06610;-17.426;7.191;7.191;-17.426;12.631;5.002;0.004389;0.018819;0.000520;170;148
15.09.11;19;Ciona intestinalis;Tunicata;whole individual;13 mm;1;0.26370;-20.528;8.184;8.184;-20.528;17.090;5.986;0.004926;0.025271;0.000631;150;174
05.05.11;40;Cladocera larvae;Crustacea;whole individual;;10;0.03970;-25.411;3.087;3.087;-25.411;18.183;4.940;0.002285;0.009673;0.000245;99;171
05.05.11;40;Cladocera larvae;Crustacea;whole individual;;10;0.07990;-24.677;6.744;6.744;-24.677;20.392;4.805;0.001408;0.005801;0.001899;99;171
30.08.11;43;Cladocera larvae;Crustacea;whole individual;;5;0.12030;-26.384;3.010;3.010;-26.384;19.349;7.517;0.000678;0.004370;0.003091;151;169
18.08.11;24;Cladocera larvae;Crustacea;whole individual;;5;0.12640;-21.794;7.981;7.981;-21.794;16.285;6.189;0.001020;0.005413;0.000916;170;148
07.04.11;44;Cladocera larvae;Crustacea;whole individual;;10;0.13610;-24.941;7.914;7.914;-24.941;17.957;5.306;0.003176;0.014445;0.000183;48;164
18.08.11;24;Cladocera larvae;Crustacea;whole individual;;5;0.13830;-22.651;5.301;5.301;-22.651;18.187;6.987;0.000788;0.004721;0.001661;170;148
04.08.11;18;Cladocera larvae;Crustacea;whole individual;;8;0.18360;-21.806;6.513;6.513;-21.806;19.467;5.945;0.001395;0.007109;0.004778;187;137
05.05.11;40;Cladocera larvae;Crustacea;whole individual;;10;0.18590;-24.392;7.099;7.099;-24.392;20.268;4.662;0.001900;0.007594;0.002705;99;171
30.08.11;43;Cladocera larvae;Crustacea;whole individual;;10;0.22430;-21.935;7.489;7.489;-21.935;19.781;5.860;0.001356;0.006812;0.004219;151;169
09.06.11;26;Cladocera larvae;Crustacea;whole individual;;5;0.22700;-26.431;6.179;6.179;-26.431;21.700;5.446;0.001460;0.006815;0.003530;156;155
09.06.11;26;Cladocera larvae;Crustacea;whole individual;;5;0.27860;-25.034;6.237;6.237;-25.034;20.585;5.017;0.001447;0.006223;0.002086;156;155
21.07.11;26;Cladocera larvae;Crustacea;whole individual;;5;0.31000;-24.159;6.096;6.096;-24.159;18.375;5.870;0.002314;0.011642;0.002243;177;138
18.08.11;24;Cladocera larvae;Crustacea;whole individual;;10;0.49230;-21.606;7.015;7.015;-21.606;19.654;5.891;0.001820;0.009191;0.003984;170;148
09.06.11;26;Cladocera larvae;Crustacea;whole individual;;5;0.58820;-24.442;6.372;6.372;-24.442;21.033;4.610;0.002257;0.008917;0.003046;156;155
15.09.11;19;Cladocera larvae;Crustacea;whole individual;;5;0.31140;-24.502;5.075;5.075;-24.502;19.807;6.713;0.000690;0.003971;0.004078;150;174
04.08.11;18;Clupea harengus;Fish;muscle tissue;49 mm;1;0.05830;-20.580;5.310;5.310;-20.580;13.162;5.067;0.004649;0.020188;0.000477;187;137
23.06.11;24;Corophium volutator;Amphipoda;whole individual;<5 mm;3;0.04930;-20.570;8.720;8.720;-20.570;14.307;5.240;0.004204;0.018880;0.000704;151;162
21.04.11;67;Corophium volutator;Amphipoda;whole individual;10 mm;5;0.05020;-20.189;10.356;10.356;-20.189;9.572;4.602;0.007404;0.029208;0.000761;71;165
30.08.11;43;Corophium volutator;Amphipoda;whole individual;<10 mm;2;0.05050;-20.091;5.576;5.576;-20.091;14.626;4.910;0.004106;0.017281;0.000437;151;169
21.04.11;67;Corophium volutator;Amphipoda;whole individual;<5 mm;3;0.06170;-20.366;8.273;8.273;-20.366;13.832;5.573;0.005048;0.024114;0.000741;71;165
05.05.11;40;Crangon crangon;Decapoda;whole individual;40 mm;1;0.04960;-16.823;11.237;11.237;-16.823;9.286;4.699;0.005105;0.020560;0.000515;99;171
07.04.11;44;Crangon crangon;Decapoda;whole individual;50 mm;1;0.05020;-19.867;12.593;12.593;-19.867;13.189;4.124;0.006433;0.022739;0.000588;48;164
19.05.11;22;Crangon crangon;Decapoda;whole individual;20 mm;1;0.05160;-19.317;9.368;9.368;-19.317;14.251;5.993;0.003962;0.020353;0.000596;120;131
05.05.11;40;Crangon crangon;Decapoda;whole individual;40 mm;1;0.05390;-15.819;11.882;11.882;-15.819;9.787;4.199;0.006186;0.022262;0.011929;99;171
07.04.11;44;Crangon crangon;Decapoda;whole individual;50 mm;1;0.05520;-15.043;11.034;11.034;-15.043;8.909;4.337;0.006433;0.023914;0.000557;48;164
09.06.11;26;Crangon crangon;Decapoda;whole individual;30 mm;1;0.05620;-20.676;13.007;13.007;-20.676;15.027;4.369;0.007117;0.026651;0.000562;156;155
07.04.11;44;Crangon crangon;Decapoda;whole individual;30 mm;1;0.05650;-15.619;11.993;11.993;-15.619;7.243;4.248;0.007286;0.026527;0.000538;48;164
09.06.11;26;Crangon crangon;Decapoda;whole individual;35 mm;1;0.05720;-17.942;11.072;11.072;-17.942;12.296;4.620;0.004583;0.018152;0.011662;156;155
19.05.11;22;Crangon crangon;Decapoda;whole individual;40 mm;1;0.05810;-16.912;11.956;11.956;-16.912;8.213;4.711;0.005912;0.023874;0.011449;120;131
22.03.11;65;Crangon crangon;Decapoda;whole individual;59 mm;1;0.05830;-14.027;10.889;10.889;-14.027;8.319;4.179;0.006628;0.023740;0.000629;22;149
22.03.11;65;Crangon crangon;Decapoda;whole individual;42 mm;1;0.05850;-17.709;10.278;10.278;-17.709;10.557;4.545;0.005682;0.022135;0.000487;22;149
19.05.11;22;Crangon crangon;Decapoda;whole individual;23 mm;1;0.06170;-16.938;11.240;11.240;-16.938;9.501;4.521;0.005817;0.022539;0.000615;120;131
09.06.11;26;Crangon crangon;Decapoda;whole individual;33 mm;1;0.06420;-17.688;11.652;11.652;-17.688;13.334;4.607;0.006022;0.023782;0.005840;156;155
29.09.11;52;Crangon crangon;Decapoda;whole individual;47 mm;1;0.05400;-17.937;11.602;11.602;-17.937;13.015;3.973;0.007101;0.024180;0.000691;150;181
29.09.11;52;Crangon crangon;Decapoda;whole individual;45 mm;1;0.05970;-17.130;11.095;11.095;-17.130;12.875;4.138;0.006859;0.024327;0.000664;150;181
09.06.11;26;Cryptocelides loveni;Platyhelminthes ;whole individual;<7 mm;7;0.05280;-18.121;8.767;8.767;-18.121;17.133;4.956;0.005813;0.024694;0.000978;156;155
15.09.11;19;Cryptocelides loveni;Platyhelminthes ;whole individual;<8 mm;2;0.05520;-21.776;7.296;7.296;-21.776;16.463;7.351;0.004276;0.026945;0.000565;150;174
30.08.11;43;Cryptocelides loveni;Platyhelminthes ;whole individual;<5 mm;12;0.05520;-18.692;9.033;9.033;-18.692;12.022;7.023;0.010796;0.064992;0.000961;151;169
15.09.11;19;Cryptocelides loveni;Platyhelminthes ;whole individual;<5 mm;5;0.06180;-17.389;8.369;8.369;-17.389;15.584;5.057;0.004797;0.020789;0.000924;150;174
29.09.11;52;Cryptocelides loveni;Platyhelminthes ;whole individual;8 mm;1;0.05630;-17.078;7.972;7.972;-17.078;18.888;6.826;0.003290;0.019246;0.001019;150;181
07.07.11;23;Cyclopterus lumpus;Platyhelminthes ;muscle tissue;21 mm;1;0.05200;-20.699;10.059;10.059;-20.699;16.847;4.551;0.005561;0.021690;0.014827;174;152
15.09.11;19;Cyclopterus lumpus;Platyhelminthes ;muscle tissue;<18 mm;3;0.05840;-18.318;10.704;10.704;-18.318;15.953;4.589;0.006983;0.027467;0.000895;150;174
07.07.11;23;Cyclopterus lumpus;Platyhelminthes ;muscle tissue;29 mm;1;0.06270;-18.414;10.746;10.746;-18.414;13.661;5.655;0.004764;0.023090;0.000423;174;152
07.07.11;23;Cyclopterus lumpus;Platyhelminthes ;muscle tissue;39 mm;1;0.06520;-18.878;8.048;8.048;-18.878;14.112;6.548;0.004649;0.026093;0.000612;174;152
29.09.11;52;Cyclopterus lumpus;Platyhelminthes ;muscle tissue;19 mm;1;0.05520;-18.817;11.181;11.181;-18.817;15.868;5.245;0.006327;0.028443;0.000995;150;181
29.09.11;52;Cyclopterus lumpus;Platyhelminthes ;muscle tissue;34 mm;1;0.06390;-18.659;10.742;10.742;-18.659;15.420;4.629;0.005262;0.020880;0.000865;150;181
29.09.11;52;Cyclopterus lumpus;Platyhelminthes ;muscle tissue;25 mm;1;0.06170;-19.114;9.980;9.980;-19.114;13.965;5.161;0.005509;0.024368;0.000783;150;181
19.05.11;22;Dexamine spinosa;Amphipod ;whole individual;15 mm;1;0.05190;-19.140;9.883;9.883;-19.140;15.531;4.434;0.006007;0.022830;0.000507;120;131
15.09.11;19;Diastylis rathkei;Malocostraca ;whole individual;12 mm;1;0.05800;-18.763;8.085;8.085;-18.763;16.445;6.274;0.002912;0.015661;0.000463;150;174
23.06.11;24;Edwardsia longicornis;Cnidaria ;whole individual;<12 mm;3;0.05070;-21.858;8.746;8.746;-21.858;11.578;4.188;0.005484;0.019688;0.015453;151;162
04.08.11;18;Edwardsia longicornis;Cnidaria ;whole individual;<15 mm;1;0.05250;-21.683;7.639;7.639;-21.683;8.130;4.653;0.004470;0.017828;0.000535;187;137
07.07.11;23;Edwardsia longicornis;Cnidaria ;whole individual;<10 mm;7;0.05480;-21.741;8.634;8.634;-21.741;9.582;4.926;0.004753;0.020069;0.009060;174;152
05.05.11;40;Edwardsia longicornis;Cnidaria ;whole individual;10 mm;1;0.05590;-21.225;8.494;8.494;-21.225;12.152;4.371;0.004619;0.017303;0.012950;99;171
23.06.11;24;Edwardsia longicornis;Cnidaria ;whole individual;15 - 20 mm;5;0.06020;-23.561;7.295;7.295;-23.561;17.665;4.271;0.007283;0.026664;0.000792;151;162
04.08.11;18;Ensis siliqua;Bivalvia;muscle tissue;128 mm;1;0.05980;-16.265;7.512;7.512;-16.265;6.981;4.623;0.003656;0.014488;0.000479;187;137
09.06.11;26;Epihytes;Primary prodcucers;;;;0.25070;-14.540;7.439;-14.540;7.439;15.480;8.380;0.003918;0.030976;;156;155
09.06.11;26;Epihytes;Primary prodcucers;;;;0.25370;-12.566;8.293;-12.566;8.293;14.954;9.742;0.003879;0.031019;;156;155
23.06.11;24;Epihytes;Primary prodcucers;;;;0.25670;-14.023;8.011;-14.023;8.011;14.564;11.297;0.003226;0.032089;0.005781;151;162
23.06.11;24;Epihytes;Primary prodcucers;;;;0.25830;-12.175;6.929;-12.175;6.929;16.135;10.232;0.003226;0.032089;0.005781;151;162
22.03.11;65;Epihytes;Primary prodcucers;;;;0.26000;-15.073;6.729;-15.073;6.729;10.057;8.359;0.004322;0.030965;0.000476;22;149
07.04.11;44;Epihytes;Primary prodcucers;;;;0.26080;-15.141;5.889;-15.141;5.889;12.749;8.328;0.004215;0.030089;0.005781;48;164
08.03.11;50;Epihytes;Primary prodcucers;;;;0.26170;-14.083;5.889;-14.083;5.889;13.581;7.716;0.004297;0.028422;0.007015;12;132
08.03.11;50;Epihytes;Primary prodcucers;;;;0.26270;-15.678;6.148;-15.678;6.148;12.984;8.123;0.004493;0.031283;0.008203;12;132
22.03.11;65;Epihytes;Primary prodcucers;;;;0.26380;-14.083;5.189;-14.083;5.189;13.511;9.565;0.003866;0.031693;0.002509;22;149
19.05.11;22;Epihytes;Primary prodcucers;;;;0.26450;-16.354;7.055;-16.354;7.055;12.098;11.470;0.003226;0.032089;0.005781;120;131
19.05.11;22;Epihytes;Primary prodcucers;;;;0.26450;-15.187;8.310;-15.187;8.310;13.895;9.651;0.003961;0.030955;;120;131
21.07.11;26;Epihytes;Primary prodcucers;;;;0.27090;-14.875;7.098;-14.875;7.098;15.325;10.450;0.003226;0.032089;0.005781;177;138
21.07.11;26;Epihytes;Primary prodcucers;;;;0.27170;-15.933;8.180;-15.933;8.180;13.896;9.985;0.003379;0.031842;;177;138
07.04.11;44;Epihytes;Primary prodcucers;;;;0.28010;-16.075;7.765;-16.075;7.765;10.896;8.854;0.003981;0.030214;0.002341;48;164
21.04.11;67;Epihytes;Primary prodcucers;;;;0.25220;-14.985;6.198;-14.985;6.198;10.749;9.084;0.004090;0.031849;;71;165
21.04.11;67;Epihytes;Primary prodcucers;;;;0.25520;-15.979;7.193;-15.979;7.193;11.975;8.465;0.004378;0.031762;;71;165
05.05.11;40;Epihytes;Primary prodcucers;;;;0.25750;-16.272;7.709;-16.272;7.709;10.938;7.923;0.004502;0.030576;;99;171
05.05.11;40;Epihytes;Primary prodcucers;;;;0.25920;-16.239;8.442;-16.239;8.442;10.939;8.789;0.004129;0.030498;;99;171
07.07.11;23;Epihytes;Primary prodcucers;;;;0.26040;-12.047;7.433;-12.047;7.433;16.666;4.490;0.003642;0.031425;;174;152
07.07.11;23;Epihytes;Primary prodcucers;;;;0.26130;-13.423;6.300;-13.423;6.300;15.387;7.470;0.003578;0.031519;;174;152
04.08.11;18;Epihytes;Primary prodcucers;;;;0.26220;-15.060;6.911;-15.060;6.911;13.226;10.559;0.003226;0.032089;0.005781;187;137
04.08.11;18;Epihytes;Primary prodcucers;;;;0.26330;-19.120;8.803;-19.120;8.803;11.647;11.032;0.003410;0.031793;;187;137
18.08.11;24;Epihytes;Primary prodcucers;;;;0.26420;-15.984;7.002;-15.984;7.002;12.972;12.185;0.003364;0.031866;;170;148
18.08.11;24;Epihytes;Primary prodcucers;;;;0.26450;-16.655;5.720;-16.655;5.720;11.654;11.325;0.003321;0.031936;;170;148
30.08.11;43;Epihytes;Primary prodcucers;;;;0.26770;-14.532;7.707;-14.532;7.707;12.510;12.236;0.003340;0.031905;;151;169
30.08.11;43;Epihytes;Primary prodcucers;;;;0.27130;-14.008;6.113;-14.008;6.113;10.943;12.673;0.003332;0.031918;;151;169
15.09.11;19;Epihytes;Primary prodcucers;;;;0.27590;-14.756;6.998;-14.756;6.998;12.189;14.770;0.003353;0.031884;;150;174
15.09.11;19;Epihytes;Primary prodcucers;;;;0.26620;-13.967;5.718;-13.967;5.718;10.123;14.024;0.003342;0.031902;;150;174
29.09.11;52;Epihytes;Primary prodcucers;;;;0.25370;-14.083;5.117;-14.083;5.117;13.581;13.985;0.003338;0.031909;;150;181
29.09.11;52;Epihytes;Primary prodcucers;;;;0.25640;-15.891;4.383;-15.891;4.383;10.741;14.678;0.003341;0.031903;;150;181
05.05.11;40;Eteone longa;Annelida ;whole individual;<20 mm;8;0.05220;-18.636;12.294;12.294;-18.636;10.111;4.346;0.005813;0.021652;0.000627;99;171
07.04.11;44;Eteone longa;Annelida ;whole individual;<30 mm;2;0.06150;-21.825;7.998;7.998;-21.825;10.941;4.479;0.004697;0.018032;0.000508;48;164
22.03.11;65;Eteone longa;Annelida ;whole individual;<18 mm;4;0.06560;-21.300;11.807;11.807;-21.300;9.405;4.744;0.005535;0.022510;0.000354;22;149
29.09.11;52;Facelina drummondi;Gastropoda ;whole individual;5 mm;1;0.05970;-19.598;12.325;12.325;-19.598;15.601;4.721;0.006175;0.024991;0.000554;150;181
21.04.11;67;Gammarus locusta;Arthropoda ;whole individual;5 - 8  mm;10;0.04470;-21.849;8.843;8.843;-21.849;12.636;5.099;0.005356;0.023408;0.000726;71;165
21.04.11;67;Gammarus locusta;Arthropoda ;whole individual;8 - 12  mm;10;0.04900;-21.436;8.110;8.110;-21.436;12.047;5.465;0.004858;0.022757;0.000606;71;165
21.04.11;67;Gammarus locusta;Arthropoda ;whole individual;8 - 12  mm;10;0.04910;-21.053;9.007;9.007;-21.053;15.946;5.645;0.004637;0.022439;0.000698;71;165
21.04.11;67;Gammarus locusta;Arthropoda ;whole individual;8 - 12  mm;10;0.04910;-21.480;8.071;8.071;-21.480;12.706;5.384;0.004594;0.021201;0.000612;71;165
30.08.11;43;Gammarus locusta;Arthropoda ;whole individual;5 - 10 mm;12;0.05090;-17.865;7.625;7.625;-17.865;14.818;8.615;0.008591;0.063436;0.000968;151;169
15.09.11;19;Gammarus locusta;Arthropoda ;whole individual;<5 mm;6;0.05100;-17.522;8.094;8.094;-17.522;16.625;5.166;0.005040;0.022316;0.000565;150;174
21.04.11;67;Gammarus locusta;Arthropoda ;whole individual;20 - 23 mm;2;0.05140;-20.445;8.959;8.959;-20.445;14.907;5.238;0.004951;0.022228;0.000636;71;165
21.04.11;67;Gammarus locusta;Arthropoda ;whole individual;15 - 18 mm;4;0.05140;-20.232;8.435;8.435;-20.232;13.307;5.781;0.004407;0.021839;0.000540;71;165
21.07.11;26;Gammarus locusta;Arthropoda ;whole individual;<10 mm;10;0.05180;-18.415;6.699;6.699;-18.415;12.806;5.168;0.004607;0.020408;0.000538;177;138
05.05.11;40;Gammarus locusta;Arthropoda ;whole individual;15 - 18 mm;4;0.05200;-20.594;7.966;7.966;-20.594;14.813;5.469;0.004188;0.019632;0.000554;99;171
21.04.11;67;Gammarus locusta;Arthropoda ;whole individual;20 - 30  mm;2;0.05230;-19.452;7.983;7.983;-19.452;13.832;5.448;0.005060;0.023631;0.000605;71;165
23.06.11;24;Gammarus locusta;Arthropoda ;whole individual;<10 mm;10;0.05230;-20.713;7.878;7.878;-20.713;2.131;4.908;0.004424;0.019704;0.000650;151;162
30.08.11;43;Gammarus locusta;Arthropoda ;whole individual;5 - 10 mm;12;0.05250;-19.683;6.688;6.688;-19.683;11.754;8.629;0.008006;0.059212;0.000642;151;169
22.03.11;65;Gammarus locusta;Arthropoda ;whole individual;<8 mm;9;0.05260;-20.766;8.885;8.885;-20.766;14.655;5.518;0.003970;0.018779;0.000523;22;149
07.04.11;44;Gammarus locusta;Arthropoda ;whole individual;<10 mm;10;0.05320;-19.062;10.017;10.017;-19.062;14.887;4.159;0.007824;0.027892;0.000650;48;164
07.07.11;23;Gammarus locusta;Arthropoda ;whole individual;<15 mm;9;0.05320;-21.411;7.525;7.525;-21.411;12.831;6.093;0.003025;0.015795;0.013802;174;152
04.08.11;18;Gammarus locusta;Arthropoda ;whole individual;<10 mm;10;0.05370;-18.827;6.628;6.628;-18.827;14.427;5.110;0.004587;0.020087;0.000532;187;137
07.07.11;23;Gammarus locusta;Arthropoda ;whole individual;<15 mm;9;0.05370;-21.345;7.910;7.910;-21.345;11.735;5.764;0.003967;0.019599;0.011552;174;152
21.07.11;26;Gammarus locusta;Arthropoda ;whole individual;<10 mm;10;0.05400;-17.780;11.566;11.566;-17.780;4.534;4.275;0.005231;0.019168;0.000581;177;138
05.05.11;40;Gammarus locusta;Arthropoda ;whole individual;15 - 18 mm;4;0.05540;-20.090;9.187;9.187;-20.090;15.351;5.392;0.004420;0.020427;0.000563;99;171
21.04.11;67;Gammarus locusta;Arthropoda ;whole individual;20 - 23 mm;2;0.05560;-19.905;9.361;9.361;-19.905;14.442;5.452;0.004113;0.019221;0.000640;71;165
19.05.11;22;Gammarus locusta;Arthropoda ;whole individual;10 - 13 mm;3;0.05620;-28.798;3.695;3.695;-28.798;5.952;;0.011938;;0.000940;120;131
21.04.11;67;Gammarus locusta;Arthropoda ;whole individual;12 - 15  mm;4;0.05620;-22.039;8.171;8.171;-22.039;13.044;5.250;0.004073;0.018332;0.000665;71;165
21.04.11;67;Gammarus locusta;Arthropoda ;whole individual;12 - 15  mm;4;0.05630;-20.242;8.974;8.974;-20.242;12.850;5.839;0.004281;0.021429;0.000586;71;165
21.04.11;67;Gammarus locusta;Arthropoda ;whole individual;5 - 8  mm;10;0.05650;-18.959;6.504;6.504;-18.959;15.256;5.126;0.004522;0.019872;0.000565;71;165
07.07.11;23;Gammarus locusta;Arthropoda ;whole individual;<25 mm;5;0.05660;-19.896;8.852;8.852;-19.896;15.147;5.335;0.003527;0.016125;0.015161;174;152
21.04.11;67;Gammarus locusta;Arthropoda ;whole individual;5 - 8  mm;10;0.05680;-22.048;7.781;7.781;-22.048;15.273;5.478;0.004054;0.019034;0.000517;71;165
19.05.11;22;Gammarus locusta;Arthropoda ;whole individual;<10 mm;5;0.05690;-18.463;8.825;8.825;-18.463;13.662;5.353;0.004968;0.022666;0.000587;120;131
21.04.11;67;Gammarus locusta;Arthropoda ;whole individual;5 - 8  mm;10;0.05690;-22.844;9.000;9.000;-22.844;9.447;4.524;0.005224;0.020259;0.014817;71;165
30.08.11;43;Gammarus locusta;Arthropoda ;whole individual;5 - 10 mm;12;0.05700;-19.758;6.915;6.915;-19.758;11.807;8.243;0.008563;0.060507;0.000724;151;169
30.08.11;43;Gammarus locusta;Arthropoda ;whole individual;<5 mm;20;0.05710;-19.124;6.656;6.656;-19.124;14.103;5.450;0.004904;0.022913;0.000616;151;169
19.05.11;22;Gammarus locusta;Arthropoda ;whole individual;15 mm;1;0.05790;-20.782;10.296;10.296;-20.782;14.975;5.323;0.003934;0.018047;0.006020;120;131
09.06.11;26;Gammarus locusta;Arthropoda ;whole individual;<10 mm;6;0.05800;-18.929;7.078;7.078;-18.929;17.338;5.049;0.004486;0.019413;0.000639;156;155
21.07.11;26;Gammarus locusta;Arthropoda ;whole individual;<10 mm;10;0.05800;-18.081;6.695;6.695;-18.081;12.582;5.058;0.004365;0.018923;0.000506;177;138
21.04.11;67;Gammarus locusta;Arthropoda ;whole individual;8 - 12  mm;10;0.05860;-21.585;8.489;8.489;-21.585;13.231;5.076;0.004382;0.019063;0.000604;71;165
30.08.11;43;Gammarus locusta;Arthropoda ;whole individual;13 - 16 mm;4;0.05870;-18.572;6.394;6.394;-18.572;14.506;5.230;0.004497;0.020158;0.000560;151;169
21.04.11;67;Gammarus locusta;Arthropoda ;whole individual;12 - 15  mm;4;0.05920;-21.145;8.175;8.175;-21.145;12.211;5.289;0.003778;0.017127;0.000515;71;165
21.04.11;67;Gammarus locusta;Arthropoda ;whole individual;5 - 8  mm;10;0.05930;-22.119;8.716;8.716;-22.119;14.771;5.200;0.004897;0.021828;0.000525;71;165
21.04.11;67;Gammarus locusta;Arthropoda ;whole individual;8 - 12  mm;10;0.05940;-21.264;8.282;8.282;-21.264;11.735;5.229;0.004718;0.021149;0.000601;71;165
30.08.11;43;Gammarus locusta;Arthropoda ;whole individual;10 - 13 mm;5;0.05960;-19.709;7.780;7.780;-19.709;13.631;5.636;0.004240;0.020484;0.000533;151;169
21.04.11;67;Gammarus locusta;Arthropoda ;whole individual;20 - 30  mm;2;0.06000;-21.650;8.658;8.658;-21.650;13.291;;;0.007830;0.006579;71;165
19.05.11;22;Gammarus locusta;Arthropoda ;whole individual;10 - 13 mm;3;0.06020;-19.196;10.343;10.343;-19.196;14.320;5.501;0.004465;0.021053;0.000605;120;131
21.04.11;67;Gammarus locusta;Arthropoda ;whole individual;5 - 8  mm;10;0.06110;-22.186;7.680;7.680;-22.186;17.558;5.489;0.004101;0.019294;0.000633;71;165
30.08.11;43;Gammarus locusta;Arthropoda ;whole individual;5 - 10 mm;12;0.06190;-19.681;6.799;6.799;-19.681;12.044;8.026;0.009284;0.063871;0.000790;151;169
21.04.11;67;Gammarus locusta;Arthropoda ;whole individual;30 mm;1;0.06240;-20.593;8.555;8.555;-20.593;12.824;5.559;0.004071;0.019398;0.000466;71;165
30.08.11;43;Gammarus locusta;Arthropoda ;whole individual;10 - 13 mm;10;0.06300;-19.653;7.264;7.264;-19.653;10.871;8.165;0.008837;0.061848;0.000748;151;169
05.05.11;40;Gammarus locusta;Arthropoda ;whole individual;10 - 15 mm;5;0.06310;-19.412;9.313;9.313;-19.412;14.094;5.779;0.003621;0.017938;0.000550;99;171
30.08.11;43;Gammarus locusta;Arthropoda ;whole individual;10 - 13 mm;10;0.06320;-19.338;7.188;7.188;-19.338;11.264;8.304;0.008571;0.061006;0.000757;151;169
23.06.11;24;Gammarus locusta;Arthropoda ;whole individual;<10 mm;10;0.06370;-20.344;10.790;10.790;-20.344;12.172;5.197;0.006806;0.028629;0.000607;151;162
21.04.11;67;Gammarus locusta;Arthropoda ;whole individual;8 - 12  mm;10;0.06670;-18.571;11.502;11.502;-18.571;13.110;4.781;0.006231;0.025535;0.000838;71;165
15.09.11;19;Gammarus locusta;Arthropoda ;whole individual;<10 mm;5;0.08010;-17.129;7.281;7.281;-17.129;15.935;5.359;0.004377;0.020102;0.000484;150;174
18.08.11;24;Gammarus locusta;Arthropoda ;whole individual;<10 mm;8;0.06140;-21.647;6.216;6.216;-21.647;14.234;5.555;0.004446;0.021169;0.000586;170;148
29.09.11;52;Gammarus locusta;Arthropoda ;whole individual;<10 mm;5;0.06940;-18.190;7.635;7.635;-18.190;16.731;5.221;0.005350;0.023942;0.000713;150;181
08.03.11;50;Gammarus oceanicus;Arthropoda ;whole individual;<12 mm;4;0.05050;-19.050;8.485;8.485;-19.050;16.972;4.521;0.005697;0.022076;0.000642;12;132
08.03.11;50;Gammarus oceanicus;Arthropoda ;whole individual;<12 mm;4;0.05410;-22.903;7.420;7.420;-22.903;14.289;4.534;0.006092;0.023675;0.000928;12;132
08.03.11;50;Gammarus oceanicus;Arthropoda ;whole individual;<12 mm;4;0.05780;-15.987;11.893;11.893;-15.987;10.062;4.388;0.005544;0.020851;0.000552;12;132
09.06.11;26;Gasterosteus aculeatus;Fish ;muscle tissue;<25 mm;3;0.04530;-21.486;13.436;13.436;-21.486;16.594;4.594;0.005098;0.020076;0.012798;156;155
07.07.11;23;Gasterosteus aculeatus;Fish ;muscle tissue;43 mm;1;0.05130;-21.594;10.585;10.585;-21.594;13.575;5.199;0.004824;0.021498;0.011638;174;152
19.05.11;22;Gasterosteus aculeatus;Fish ;muscle tissue;51 mm;1;0.05240;-24.287;11.808;11.808;-24.287;15.499;6.621;0.005044;0.028625;0.000465;120;131
30.08.11;43;Gasterosteus aculeatus;Fish ;muscle tissue;<35 mm;3;0.05290;-21.459;12.187;12.187;-21.459;18.395;5.080;0.006622;0.028836;0.000756;151;169
19.05.11;22;Gasterosteus aculeatus;Fish ;muscle tissue;49 mm;1;0.05420;-22.827;12.776;12.776;-22.827;17.149;5.350;0.006034;0.027671;0.000613;120;131
07.07.11;23;Gasterosteus aculeatus;Fish ;muscle tissue;52 mm;1;0.05440;-19.966;10.421;10.421;-19.966;14.789;6.884;0.004701;0.027735;0.000463;174;152
05.05.11;40;Gasterosteus aculeatus;Fish ;muscle tissue;<30 mm;3;0.05550;-23.945;11.444;11.444;-23.945;17.695;5.829;0.005681;0.028383;0.000729;99;171
07.07.11;23;Gasterosteus aculeatus;Fish ;muscle tissue;55 mm;1;0.05760;-19.127;10.271;10.271;-19.127;18.548;4.823;0.005531;0.022865;0.000787;174;152
22.03.11;65;Gasterosteus aculeatus;Fish ;muscle tissue;59 mm;1;0.05890;-21.380;12.823;12.823;-21.380;16.847;4.432;0.007116;0.027034;0.000740;22;149
15.09.11;19;Gasterosteus aculeatus;Fish ;muscle tissue;<33 mm;3;0.08550;-20.474;13.494;13.494;-20.474;17.687;4.654;0.006319;0.025206;0.000591;150;174
29.09.11;52;Gasterosteus aculeatus;Fish ;muscle tissue;53 mm;1;0.06730;-22.922;12.838;12.838;-22.922;18.551;8.215;0.007195;0.050660;0.000935;150;181
21.04.11;67;Gattyana cirrhosa;Annelida ;whole individual;<10 mm;12;0.04340;-19.845;10.836;10.836;-19.845;11.212;;;0.009787;0.007012;71;165
07.04.11;44;Gattyana cirrhosa;Annelida ;whole individual;20 mm;1;0.04980;-19.268;12.684;12.684;-19.268;12.617;;;0.009918;0.006985;48;164
21.04.11;67;Gattyana cirrhosa;Annelida ;whole individual;<10 mm;10;0.05400;-20.892;9.070;9.070;-20.892;13.762;4.338;0.005637;0.020961;0.000963;71;165
15.09.11;19;Gattyana cirrhosa;Annelida ;whole individual;<12 mm;6;0.05750;-19.370;9.630;9.630;-19.370;15.326;4.447;0.006219;0.023702;0.000673;150;174
30.08.11;43;Gattyana cirrhosa;Annelida ;whole individual;<10 mm;7;0.06190;-19.475;9.264;9.264;-19.475;14.272;4.824;0.005643;0.023334;0.000655;151;169
07.04.11;44;Gattyana cirrhosa;Annelida ;whole individual;<10 mm;3;0.06370;-20.022;11.968;11.968;-20.022;12.434;5.042;0.007741;0.033456;0.000822;48;164
29.09.11;52;Gattyana cirrhosa;Annelida ;whole individual;<15 mm;2;0.06100;-19.141;10.249;10.249;-19.141;14.743;4.404;0.006867;0.025921;0.000712;150;181
09.06.11;26;Gobiusculus flavescens;Fish ;muscle tissue;44 mm;1;0.03960;-19.948;13.253;13.253;-19.948;15.169;3.988;0.005753;0.019666;0.000484;156;155
05.05.11;40;Gobiusculus flavescens;Fish ;muscle tissue;<34 mm;3;0.05300;-23.975;10.629;10.629;-23.975;15.405;5.817;0.005540;0.027623;0.000574;99;171
30.08.11;43;Gobiusculus flavescens;Fish ;muscle tissue;<31 mm;3;0.05400;-20.620;12.078;12.078;-20.620;17.894;4.200;0.008906;0.032066;0.000815;151;169
15.09.11;19;Gobiusculus flavescens;Fish ;muscle tissue;53 mm;1;0.05410;-19.908;8.968;8.968;-19.908;18.442;6.994;0.002319;0.013901;0.001055;150;174
15.09.11;19;Gobiusculus flavescens;Fish ;muscle tissue;51 mm;1;0.05800;-16.023;11.524;11.524;-16.023;9.361;3.764;0.009453;0.030500;0.000796;150;174
29.09.11;52;Gobiusculus flavescens;Fish ;muscle tissue;58 mm;1;0.05350;-20.123;12.482;12.482;-20.123;18.611;4.060;0.008109;0.028222;0.000805;150;181
29.09.11;52;Gobiusculus flavescens;Fish ;muscle tissue;49 mm;1;0.05600;-20.088;12.556;12.556;-20.088;18.462;4.234;0.007068;0.025650;0.000790;150;181
15.09.11;19;Halichondria panicea;Porifera ;whole individual;41 mm;1;0.04960;-21.290;7.951;7.951;-21.290;16.736;6.784;0.001625;0.009447;0.000408;150;174
21.04.11;67;Halichondria panicea;Porifera ;whole individual;34 mm;1;0.05220;-25.144;6.052;6.052;-25.144;15.171;6.519;0.002126;0.011883;0.000478;71;165
21.04.11;67;Halichondria panicea;Porifera ;whole individual;45 mm;1;0.05250;-20.675;5.504;5.504;-20.675;16.523;5.883;0.001491;0.007516;0.009345;71;165
21.04.11;67;Halichondria panicea;Porifera ;whole individual;58 mm;1;0.05670;-24.472;8.028;8.028;-24.472;14.634;6.284;0.002188;0.011786;0.000443;71;165
30.08.11;43;Halichondria panicea;Porifera ;whole individual;49 mm;1;0.05890;-18.566;10.090;10.090;-18.566;15.211;7.910;0.010123;0.068628;0.001206;151;169
29.09.11;52;Halichondria panicea;Porifera ;whole individual;53 mm;1;0.05090;-20.236;9.136;9.136;-20.236;17.634;6.082;0.002036;0.010615;0.000588;150;181
29.09.11;52;Halichondria panicea;Porifera ;whole individual;39 mm;1;0.05780;-20.033;11.363;11.363;-20.033;16.706;6.270;0.001744;0.009372;0.000554;150;181
21.04.11;67;Harmothoe imbricata;Annelida ;whole individual;30 mm;1;0.06980;-19.889;9.532;9.532;-19.889;13.797;4.532;0.006835;0.026549;0.000893;71;165
09.06.11;26;Hediste diversicolor;Annelida ;whole individual;50 mm;1;0.04850;-18.269;6.535;6.535;-18.269;18.522;5.323;0.004855;0.022152;0.000596;156;155
09.06.11;26;Hediste diversicolor;Annelida ;whole individual;69 mm;1;0.04850;-18.399;12.108;12.108;-18.399;10.714;4.448;;;;156;155
19.05.11;22;Hediste diversicolor;Annelida ;whole individual;30 mm;1;0.04970;-22.429;10.609;10.609;-22.429;17.741;6.105;0.005598;0.029292;0.000582;120;131
18.08.11;24;Hediste diversicolor;Annelida ;whole individual;70 mm;1;0.05000;-18.633;12.348;12.348;-18.633;11.070;4.933;0.005163;0.021833;0.000551;170;148
15.09.11;19;Hediste diversicolor;Annelida ;whole individual;<15 mm;5;0.05040;-19.147;11.802;11.802;-19.147;11.030;4.373;0.006560;0.024586;0.000672;150;174
05.05.11;40;Hediste diversicolor;Annelida ;whole individual;50 mm;1;0.05110;-17.806;12.054;12.054;-17.806;9.781;4.498;0.005414;0.020874;0.000592;99;171
21.07.11;26;Hediste diversicolor;Annelida ;whole individual;50 mm;1;0.05170;-19.890;7.253;7.253;-19.890;6.233;4.838;0.003935;0.016319;0.000494;177;138
23.06.11;24;Hediste diversicolor;Annelida ;whole individual;<40 mm;2;0.05170;-18.683;12.325;12.325;-18.683;9.267;;;0.010086;0.006606;151;162
22.03.11;65;Hediste diversicolor;Annelida ;whole individual;<34 mm;3;0.05180;-18.858;12.419;12.419;-18.858;6.712;;;0.008962;0.007069;22;149
15.09.11;19;Hediste diversicolor;Annelida ;whole individual;<40 mm;3;0.05210;-17.838;12.378;12.378;-17.838;11.651;3.963;0.005902;0.020048;0.000584;150;174
23.06.11;24;Hediste diversicolor;Annelida ;whole individual;29 mm;1;0.05260;-18.073;12.297;12.297;-18.073;6.312;4.216;0.006305;0.022788;0.000666;151;162
05.05.11;40;Hediste diversicolor;Annelida ;whole individual;50 mm;1;0.05360;-18.625;12.028;12.028;-18.625;10.961;4.660;0.004966;0.019835;0.000538;99;171
21.04.11;67;Hediste diversicolor;Annelida ;whole individual;70 mm;1;0.05520;-18.349;11.925;11.925;-18.349;7.650;4.918;0.004380;0.018463;0.015359;71;165
04.08.11;18;Hediste diversicolor;Annelida ;whole individual;100 mm;1;0.05530;-17.503;12.668;12.668;-17.503;7.410;4.161;0.005824;0.020775;0.000574;187;137
21.04.11;67;Hediste diversicolor;Annelida ;whole individual;<10 mm;2;0.05530;-20.918;8.708;8.708;-20.918;16.906;5.845;0.004797;0.024031;0.000765;71;165
22.03.11;65;Hediste diversicolor;Annelida ;whole individual;35 mm;1;0.05690;-21.232;13.590;13.590;-21.232;16.388;4.821;0.006446;0.026639;0.000663;22;149
21.04.11;67;Hediste diversicolor;Annelida ;whole individual;50 mm;1;0.05690;-18.257;12.019;12.019;-18.257;7.204;5.003;0.004993;0.021415;0.013709;71;165
18.08.11;24;Hediste diversicolor;Annelida ;whole individual;80 mm;1;0.05690;-18.979;12.523;12.523;-18.979;7.866;4.196;0.005677;0.020417;0.000554;170;148
19.05.11;22;Hediste diversicolor;Annelida ;whole individual;<20 mm;3;0.05730;-18.452;12.577;12.577;-18.452;8.687;4.406;0.006289;0.023750;0.000764;120;131
09.06.11;26;Hediste diversicolor;Annelida ;whole individual;20 mm;1;0.05790;-18.479;10.614;10.614;-18.479;5.033;4.787;0.006337;0.025999;0.000617;156;155
18.08.11;24;Hediste diversicolor;Annelida ;whole individual;<30 mm;3;0.05810;-18.621;12.301;12.301;-18.621;9.657;4.911;0.005385;0.022667;0.000534;170;148
23.06.11;24;Hediste diversicolor;Annelida ;whole individual;<30 mm;3;0.05870;-18.572;12.155;12.155;-18.572;8.901;4.795;0.004920;0.020222;0.013039;151;162
21.07.11;26;Hediste diversicolor;Annelida ;whole individual;<30 mm;2;0.05940;-17.778;11.905;11.905;-17.778;9.452;4.742;0.006567;0.026692;0.000821;177;138
30.08.11;43;Hediste diversicolor;Annelida ;whole individual;35 mm;1;0.05960;-18.914;10.689;10.689;-18.914;11.525;4.762;0.005494;0.022424;0.000627;151;169
19.05.11;22;Hediste diversicolor;Annelida ;whole individual;30 mm;1;0.06040;-18.413;12.262;12.262;-18.413;7.668;4.710;0.006297;0.025421;0.000685;120;131
23.06.11;24;Hediste diversicolor;Annelida ;whole individual;<10 mm;2;0.06070;-18.715;12.312;12.312;-18.715;9.750;5.064;0.006023;0.026140;0.000754;151;162
09.06.11;26;Hediste diversicolor;Annelida ;whole individual;100 mm;1;0.06090;-10.620;8.542;8.542;-10.620;10.960;22.362;0.002300;0.044083;0.015518;156;155
09.06.11;26;Hediste diversicolor;Annelida ;whole individual;<30 mm;3;0.06090;-18.902;11.206;11.206;-18.902;7.890;5.064;0.004471;0.019407;0.011563;156;155
18.08.11;24;Hediste diversicolor;Annelida ;whole individual;<30 mm;3;0.06100;-16.967;7.145;7.145;-16.967;14.964;5.789;0.003639;0.018058;0.000545;170;148
19.05.11;22;Hediste diversicolor;Annelida ;whole individual;60 mm;1;0.06130;-20.007;11.303;11.303;-20.007;17.137;5.670;0.005392;0.026205;0.001017;120;131
21.07.11;26;Hediste diversicolor;Annelida ;whole individual;10 - 20 mm;6;0.06160;-18.312;10.613;10.613;-18.312;10.675;5.024;0.005604;0.024130;0.000590;177;138
21.04.11;67;Hediste diversicolor;Annelida ;whole individual;68 mm;1;0.06180;-18.945;11.798;11.798;-18.945;8.637;;;0.010299;0.006735;71;165
15.09.11;19;Hediste diversicolor;Annelida ;whole individual;<40 mm;3;0.06330;-18.126;12.077;12.077;-18.126;12.114;4.208;0.006480;0.023374;0.000631;150;174
29.09.11;52;Hediste diversicolor;Annelida ;whole individual;<20 mm;4;0.06220;-17.841;9.178;9.178;-17.841;11.921;5.200;0.004094;0.018248;0.000433;150;181
05.05.11;40;Idotea balthica;Isopoda;whole individual;20 - 25 mm;2;0.04460;-17.366;10.151;10.151;-17.366;16.155;5.175;0.003708;0.016448;0.009978;99;171
23.06.11;24;Idotea balthica;Isopoda;whole individual;10 - 15 mm;5;0.04700;-18.118;7.541;7.541;-18.118;17.222;6.212;0.003079;0.016396;0.010076;151;162
15.09.11;19;Idotea balthica;Isopoda;whole individual;<5 mm;15;0.04740;-16.346;7.602;7.602;-16.346;17.527;5.620;0.003612;0.017400;0.000546;150;174
15.09.11;19;Idotea balthica;Isopoda;whole individual;<8 mm;15;0.04800;-21.918;6.805;6.805;-21.918;14.445;9.485;0.008699;0.070721;0.000767;150;174
07.04.11;44;Idotea balthica;Isopoda;whole individual;<10 mm;2;0.04910;-12.349;8.606;8.606;-12.349;15.115;5.230;0.005341;0.023941;0.000798;48;164
18.08.11;24;Idotea balthica;Isopoda;whole individual;<15 mm;3;0.05000;-16.611;7.026;7.026;-16.611;14.999;6.044;0.003648;0.018900;0.000579;170;148
23.06.11;24;Idotea balthica;Isopoda;whole individual;<10 mm;5;0.05030;-18.281;7.241;7.241;-18.281;17.173;6.110;0.003628;0.019001;0.010104;151;162
21.07.11;26;Idotea balthica;Isopoda;whole individual;10 mm;10;0.05060;-16.959;7.411;7.411;-16.959;18.160;6.012;0.004251;0.021908;0.000635;177;138
18.08.11;24;Idotea balthica;Isopoda;whole individual;<8 mm;15;0.05080;-16.588;8.678;8.678;-16.588;9.274;4.226;0.004887;0.017704;0.000474;170;148
08.03.11;50;Idotea balthica;Isopoda;whole individual;10 - 15 mm;3;0.05100;-19.717;7.830;7.830;-19.717;15.367;6.140;0.003068;0.016145;0.000456;12;132
18.08.11;24;Idotea balthica;Isopoda;whole individual;<10 mm;10;0.05140;-22.392;7.133;7.133;-22.392;13.491;7.040;0.005423;0.032723;0.000665;170;148
22.03.11;65;Idotea balthica;Isopoda;whole individual;10 - 15 mm;3;0.05150;-18.753;8.897;8.897;-18.753;15.612;5.821;0.003673;0.018329;0.000495;22;149
21.04.11;67;Idotea balthica;Isopoda;whole individual;10 - 15 mm;3;0.05170;-20.617;8.014;8.014;-20.617;17.160;5.334;0.003968;0.018141;0.018112;71;165
21.07.11;26;Idotea balthica;Isopoda;whole individual;10 mm;10;0.05170;-16.995;6.193;6.193;-16.995;18.037;5.469;0.003936;0.018451;0.000627;177;138
04.08.11;18;Idotea balthica;Isopoda;whole individual;<10 mm;10;0.05190;-16.574;7.123;7.123;-16.574;18.309;5.737;0.004098;0.020151;0.000671;187;137
15.09.11;19;Idotea balthica;Isopoda;whole individual;<13 mm;7;0.05200;-15.933;8.378;8.378;-15.933;15.131;8.533;0.008810;0.064436;0.000822;150;174
19.05.11;22;Idotea balthica;Isopoda;whole individual;<10 mm;5;0.05210;-23.174;7.882;7.882;-23.174;15.822;6.431;0.005873;0.032372;0.000675;120;131
04.08.11;18;Idotea balthica;Isopoda;whole individual;<15 mm;4;0.05230;-16.256;7.583;7.583;-16.256;17.103;5.676;0.004053;0.019717;0.000617;187;137
05.05.11;40;Idotea balthica;Isopoda;whole individual;15 - 20 mm;3;0.05280;-18.050;9.528;9.528;-18.050;16.560;5.901;0.003306;0.016721;0.014083;99;171
23.06.11;24;Idotea balthica;Isopoda;whole individual;10 - 15 mm;5;0.05320;-18.016;7.874;7.874;-18.016;17.475;6.062;0.003559;0.018493;0.010617;151;162
18.08.11;24;Idotea balthica;Isopoda;whole individual;<13 mm;8;0.05320;-16.822;7.669;7.669;-16.822;18.153;5.900;0.004691;0.023724;0.000724;170;148
07.07.11;23;Idotea balthica;Isopoda;whole individual;<20 mm;13;0.05410;-20.824;8.629;8.629;-20.824;16.585;6.230;0.003067;0.016378;0.011167;174;152
21.04.11;67;Idotea balthica;Isopoda;whole individual;10 mm;5;0.05430;-20.775;8.274;8.274;-20.775;16.764;5.374;0.003778;0.017403;0.011821;71;165
09.06.11;26;Idotea balthica;Isopoda;whole individual;10 - 15 mm;5;0.05480;-18.275;12.496;12.496;-18.275;11.617;4.237;0.005697;0.020687;0.000562;156;155
05.05.11;40;Idotea balthica;Isopoda;whole individual;10 - 15 mm;5;0.05490;-18.996;10.321;10.321;-18.996;16.576;6.078;0.004033;0.021009;0.012146;99;171
21.04.11;67;Idotea balthica;Isopoda;whole individual;10 - 15 mm;3;0.05510;-19.354;8.400;8.400;-19.354;17.193;5.558;0.003953;0.018834;0.012459;71;165
07.04.11;44;Idotea balthica;Isopoda;whole individual;<10 mm;2;0.05520;-19.290;8.930;8.930;-19.290;14.075;6.415;0.004086;0.022465;0.000469;48;164
30.08.11;43;Idotea balthica;Isopoda;whole individual;10 - 13 mm;10;0.05570;-18.021;7.185;7.185;-18.021;17.614;6.347;0.003365;0.018306;0.000539;151;169
30.08.11;43;Idotea balthica;Isopoda;whole individual;10 - 13 mm;10;0.05590;-17.525;7.909;7.909;-17.525;17.896;5.952;0.004771;0.024339;0.000709;151;169
23.06.11;24;Idotea balthica;Isopoda;whole individual;20 - 25 mm;3;0.05680;-17.518;8.325;8.325;-17.518;17.261;4.997;0.004658;0.019949;0.009372;151;162
22.03.11;65;Idotea balthica;Isopoda;whole individual;10 - 15 mm;3;0.05720;-21.381;7.644;7.644;-21.381;9.110;4.611;0.004366;0.017257;0.000628;22;149
05.05.11;40;Idotea balthica;Isopoda;whole individual;<10 mm;10;0.05760;-19.292;9.583;9.583;-19.292;16.388;6.399;0.003143;0.017240;0.011187;99;171
04.08.11;18;Idotea balthica;Isopoda;whole individual;<13 mm;8;0.05780;-17.174;7.436;7.436;-17.174;17.273;6.133;0.003390;0.017821;0.000535;187;137
04.08.11;18;Idotea balthica;Isopoda;whole individual;<10 mm;10;0.05790;-17.380;7.109;7.109;-17.380;16.989;6.236;0.002946;0.015746;0.000435;187;137
19.05.11;22;Idotea balthica;Isopoda;whole individual;<10 mm;5;0.05800;-16.349;8.292;8.292;-16.349;16.136;6.549;0.003602;0.020223;0.000521;120;131
21.07.11;26;Idotea balthica;Isopoda;whole individual;<15 mm;7;0.05860;-17.452;7.183;7.183;-17.452;17.282;5.570;0.004082;0.019488;0.000681;177;138
21.07.11;26;Idotea balthica;Isopoda;whole individual;<20 mm;4;0.05920;-15.062;7.524;7.524;-15.062;17.742;4.380;0.004920;0.018469;0.000540;177;138
30.08.11;43;Idotea balthica;Isopoda;whole individual;5 - 10 mm;13;0.05920;-16.313;7.023;7.023;-16.313;14.616;9.088;0.007826;0.060963;0.000780;151;169
30.08.11;43;Idotea balthica;Isopoda;whole individual;<5 mm;15;0.05930;-21.062;8.335;8.335;-21.062;13.773;9.874;0.007779;0.065838;0.000697;151;169
30.08.11;43;Idotea balthica;Isopoda;whole individual;5 - 10 mm;13;0.06030;-17.046;7.934;7.934;-17.046;17.522;6.445;0.003645;0.020134;0.000614;151;169
09.06.11;26;Idotea balthica;Isopoda;whole individual;<15 mm;3;0.06070;-15.447;8.288;8.288;-15.447;15.189;5.396;0.004307;0.019918;0.000541;156;155
08.03.11;50;Idotea balthica;Isopoda;whole individual;10 - 15 mm;3;0.06090;-19.720;7.916;7.916;-19.720;15.772;6.315;0.003700;0.020026;0.000589;12;132
21.07.11;26;Idotea balthica;Isopoda;whole individual;10 mm;10;0.06140;-16.416;7.118;7.118;-16.416;17.989;5.585;0.004951;0.023702;0.000798;177;138
22.03.11;65;Idotea balthica;Isopoda;whole individual;<15 mm;8;0.06180;-20.086;9.294;9.294;-20.086;9.344;4.693;0.005750;0.023130;0.000605;22;149
08.03.11;50;Idotea balthica;Isopoda;whole individual;10 - 15 mm;3;0.06220;-18.650;7.423;7.423;-18.650;15.667;6.959;0.003221;0.019212;0.000538;12;132
04.08.11;18;Idotea balthica;Isopoda;whole individual;<10 mm;10;0.06440;-17.035;7.068;7.068;-17.035;17.664;6.116;0.003939;0.020648;0.000608;187;137
19.05.11;22;Idotea balthica;Isopoda;whole individual;10 - 15 mm;5;0.06640;-17.424;8.148;8.148;-17.424;16.882;6.322;0.004298;0.023293;0.000604;120;131
21.07.11;26;Idotea balthica;Isopoda;whole individual;10 mm;10;0.06860;-15.847;6.902;6.902;-15.847;18.089;5.929;0.003125;0.015881;0.000520;177;138
23.06.11;24;Idotea balthica;Isopoda;whole individual;15 - 20 mm;3;0.06950;-17.919;8.016;8.016;-17.919;18.548;5.394;0.003842;0.017763;0.011073;151;162
22.03.11;65;Idotea balthica;Isopoda;whole individual;23 mm;1;0.08630;-19.641;8.078;8.078;-19.641;15.295;6.225;0.003390;0.018091;0.000474;22;149
30.08.11;43;Idotea balthica;Isopoda;whole individual;5 - 10 mm;13;0.26480;-17.574;6.803;6.803;-17.574;16.989;6.261;0.003819;0.020497;0.000631;151;169
30.08.11;43;Idotea balthica;Isopoda;whole individual;15 - 18 mm;5;0.26890;-17.089;7.819;7.819;-17.089;18.014;6.062;0.004104;0.021326;0.000627;151;169
21.07.11;26;Idotea balthica;Isopoda;whole individual;10 mm;10;0.27040;-16.948;6.485;6.485;-16.948;18.476;5.890;0.003330;0.016810;0.000520;177;138
30.08.11;43;Idotea balthica;Isopoda;whole individual;5 - 10 mm;13;0.27500;-17.581;7.091;7.091;-17.581;17.100;6.406;0.003514;0.019295;0.000542;151;169
04.08.11;18;Idotea balthica;Isopoda;whole individual;<8 mm;15;0.30565;-15.933;6.689;6.689;-15.933;17.816;6.234;0.003957;0.021144;0.000627;187;137
29.09.11;52;Idotea balthica;Isopoda;whole individual;<12 mm;8;0.05930;-17.930;9.297;9.297;-17.930;18.003;5.568;0.004488;0.021423;0.000685;150;181
29.09.11;52;Idotea balthica;Isopoda;whole individual;<8 mm;10;0.06030;-16.953;8.556;8.556;-16.953;17.407;6.162;0.003803;0.020085;0.000520;150;181
29.09.11;52;Idotea balthica;Isopoda;whole individual;<10 mm;10;0.06070;-16.320;8.391;8.391;-16.320;18.506;5.919;0.003920;0.019889;0.000597;150;181
21.07.11;26;Lacuna vincta;Gastropoda ;muscle tissue;<8 mm;2;0.05990;-18.391;6.589;6.589;-18.391;12.999;5.252;0.004152;0.018691;0.000430;177;138
15.09.11;19;Lepidonotus squamatus;Annelida ;whole individual;<10 mm;5;0.04920;-18.684;9.415;9.415;-18.684;14.526;4.287;0.006223;0.022868;0.000704;150;174
19.05.11;22;Lepidonotus squamatus;Annelida ;whole individual;<10 mm;3;0.05140;-20.841;11.977;11.977;-20.841;11.874;4.965;0.005677;0.024160;0.000591;120;131
21.07.11;26;Lepidonotus squamatus;Annelida ;whole individual;10 - 15 mm;5;0.05140;-19.974;12.364;12.364;-19.974;13.639;4.690;0.006218;0.024994;0.000829;177;138
18.08.11;24;Lepidonotus squamatus;Annelida ;whole individual;<10 mm;11;0.05150;-21.224;7.748;7.748;-21.224;14.062;5.035;0.005783;0.024956;0.000742;170;148
30.08.11;43;Lepidonotus squamatus;Annelida ;whole individual;10 - 13 mm;5;0.05960;-20.658;8.021;8.021;-20.658;13.433;8.611;0.009108;0.067230;0.000751;151;169
05.05.11;40;Lepidonotus squamatus;Annelida ;whole individual;32 mm;1;0.05970;-29.032;3.576;3.576;-29.032;5.987;14.976;0.002718;0.034893;0.000259;99;171
22.03.11;65;Lepidonotus squamatus;Annelida ;whole individual;48 mm;1;0.06100;-19.735;10.099;10.099;-19.735;15.815;4.053;0.007466;0.025936;0.000974;22;149
21.04.11;67;Lepidonotus squamatus;Annelida ;whole individual;20 mm;1;0.06340;-18.521;11.250;11.250;-18.521;5.040;4.460;0.005158;0.019722;0.000544;71;165
09.06.11;26;Lineus ruber;Nemertea;whole individual;<10 mm;2;0.05550;-19.739;13.358;13.358;-19.739;14.859;4.027;0.007417;0.025603;0.000672;156;155
21.04.11;67;Lineus ruber;Nemertea;whole individual;80 mm;1;0.05950;-20.779;11.531;11.531;-20.779;10.923;5.704;0.004977;0.024335;0.015451;71;165
30.08.11;43;Littorina littorea;Gastropoda;"muscle tissue; no shell";10 - 15 mm;3;0.04900;-18.626;10.678;10.678;-18.626;18.002;5.395;0.006040;0.027931;0.001028;151;169
21.07.11;26;Littorina littorea;Gastropoda;"muscle tissue; no shell";<20 mm;3;0.05000;-18.428;9.648;9.648;-18.428;18.051;3.947;0.007433;0.025145;0.001023;177;138
19.05.11;22;Littorina littorea;Gastropoda;"muscle tissue; no shell";26 mm;1;0.05070;-15.205;9.282;9.282;-15.205;18.122;4.951;0.006222;0.026406;0.001094;120;131
15.09.11;19;Littorina littorea;Gastropoda;"muscle tissue; no shell";19 mm;5;0.05400;-16.833;9.567;9.567;-16.833;18.040;5.211;0.005299;0.023670;0.000861;150;174
04.08.11;18;Littorina littorea;Gastropoda;"muscle tissue; no shell";<21 mm;2;0.05420;-21.205;11.172;11.172;-21.205;13.863;4.075;0.006626;0.023146;0.000570;187;137
05.05.11;40;Littorina littorea;Gastropoda;"muscle tissue; no shell";<23 mm;3;0.05460;-15.497;10.549;10.549;-15.497;16.393;5.161;0.005606;0.024801;0.000805;99;171
18.08.11;24;Littorina littorea;Gastropoda;"muscle tissue; no shell";<10 mm;4;0.05510;-20.078;10.137;10.137;-20.078;13.187;4.377;0.005982;0.022443;0.000725;170;148
23.06.11;24;Littorina littorea;Gastropoda;"muscle tissue; no shell";10 &15 mm;2;0.05540;-21.554;8.577;8.577;-21.554;12.305;4.310;0.006593;0.024357;0.000727;151;162
04.08.11;18;Littorina littorea;Gastropoda;"muscle tissue; no shell";<19 mm;3;0.05560;-19.819;9.234;9.234;-19.819;17.750;4.939;0.005719;0.024208;0.000825;187;137
22.03.11;65;Littorina littorea;Gastropoda;"muscle tissue; no shell";<16 mm;3;0.05830;-22.898;7.268;7.268;-22.898;14.305;4.618;0.005590;0.022125;0.000806;22;149
30.08.11;43;Littorina littorea;Gastropoda;"muscle tissue; no shell";10 - 15 mm;4;0.05830;-19.784;6.589;6.589;-19.784;11.691;8.799;0.007823;0.058998;0.000642;151;169
22.03.11;65;Littorina littorea;Gastropoda;"muscle tissue; no shell";29 mm;1;0.05960;-15.164;8.823;8.823;-15.164;16.502;5.109;0.005834;0.025547;0.000955;22;149
07.07.11;23;Littorina littorea;Gastropoda;"muscle tissue; no shell";16 mm;5;0.06050;-18.209;10.538;10.538;-18.209;16.887;5.293;0.004899;0.022228;0.022632;174;152
09.06.11;26;Littorina littorea;Gastropoda;"muscle tissue; no shell";10 mm;5;0.06140;-16.599;7.693;7.693;-16.599;15.624;5.325;0.003896;0.017784;0.000524;156;155
19.05.11;22;Littorina littorea;Gastropoda;"muscle tissue; no shell";<19 mm;2;0.06190;-17.080;9.208;9.208;-17.080;18.272;4.841;0.005108;0.021196;0.000959;120;131
21.04.11;67;Littorina littorea;Gastropoda;"muscle tissue; no shell";10 mm;4;0.06230;-15.714;8.825;8.825;-15.714;16.074;5.145;0.006449;0.028437;0.001032;71;165
29.09.11;52;Littorina littorea;Gastropoda;"muscle tissue; no shell";23 mm;5;0.05000;-17.866;11.854;11.854;-17.866;18.993;4.833;0.006346;0.026287;0.001133;150;181
29.09.11;52;Littorina littorea;Gastropoda;"muscle tissue; no shell";27 mm;5;0.05070;-17.108;11.190;11.190;-17.108;18.058;4.851;0.005918;0.024604;0.000921;150;181
29.09.11;52;Littorina littorea;Gastropoda;"muscle tissue; no shell";24 mm;5;0.05400;-16.594;11.783;11.783;-16.594;18.386;4.828;0.006283;0.026001;0.001037;150;181
08.03.11;50;Macoma balthica;Bivalvia;muscle tissue;8 mm;1;0.05120;-20.789;6.985;6.985;-20.789;2.468;5.449;0.004384;0.020475;0.000582;12;132
07.04.11;44;Macoma balthica;Bivalvia;muscle tissue;<20 mm;5;0.05460;-19.187;7.536;7.536;-19.187;8.578;5.530;0.005338;0.025300;0.000654;48;164
08.03.11;50;Macoma balthica;Bivalvia;muscle tissue;17 mm;4;0.05540;-19.401;8.748;8.748;-19.401;8.483;4.708;0.004793;0.019340;0.000500;12;132
22.03.11;65;Macoma balthica;Bivalvia;muscle tissue;31 mm;1;0.05620;-19.172;8.255;8.255;-19.172;7.653;4.292;0.006472;0.023809;0.000762;22;149
08.03.11;50;Macoma balthica;Bivalvia;muscle tissue;21 mm;3;0.05680;-14.476;6.743;6.743;-14.476;7.565;9.266;0.002781;0.022084;0.000269;12;132
07.04.11;44;Macoma balthica;Bivalvia;muscle tissue;<20 mm;4;0.05750;-19.571;7.777;7.777;-19.571;8.449;5.240;0.004560;0.020481;0.000540;48;164
21.04.11;67;Macoma balthica;Bivalvia;muscle tissue;10 mm;3;0.05890;-20.550;8.771;8.771;-20.550;6.022;5.837;0.004833;0.024184;0.000650;71;165
22.03.11;65;Macoma balthica;Bivalvia;muscle tissue;29 mm;1;0.05900;-21.385;8.024;8.024;-21.385;8.055;5.104;0.002644;0.011569;0.000381;22;149
22.03.11;65;Macoma balthica;Bivalvia;muscle tissue;21 mm;1;0.05920;-20.783;8.277;8.277;-20.783;6.930;4.859;0.005475;0.022804;0.000710;22;149
22.03.11;65;Macoma balthica;Bivalvia;muscle tissue;19 mm;1;0.06440;-19.477;7.439;7.439;-19.477;5.852;4.510;0.006135;0.023716;0.000650;22;149
05.05.11;40;Macoma balthica;Bivalvia;muscle tissue;<10 mm;5;0.06710;-19.558;7.606;7.606;-19.558;10.870;5.321;0.004736;0.021601;0.000620;99;171
07.04.11;44;Macoma calcarea;Bivalvia;muscle tissue;<20 mm;3;0.05750;-20.038;8.616;8.616;-20.038;11.634;4.425;0.004411;0.016730;0.010697;48;164
05.05.11;40;Macoma calcarea;Bivalvia;muscle tissue;44 mm;1;0.05860;-22.005;10.666;10.666;-22.005;13.771;5.241;0.004229;0.019001;0.011251;99;171
07.07.11;23;Macoma calcarea;Bivalvia;muscle tissue;<50 mm;4;0.06030;-21.918;10.249;10.249;-21.918;9.807;5.289;0.004091;0.018545;0.017438;174;152
23.06.11;24;Macoma calcarea;Bivalvia;muscle tissue;<10 mm;5;0.06240;-19.825;10.448;10.448;-19.825;10.724;4.790;0.005222;0.021442;0.000644;151;162
05.05.11;40;Macoma calcarea;Bivalvia;muscle tissue;<10 mm;5;0.06280;-19.101;9.925;9.925;-19.101;9.341;6.041;0.003521;0.018229;0.012607;99;171
04.08.11;18;Macoma calcarea;Bivalvia;muscle tissue;<15 mm;4;0.06180;-14.767;7.684;7.684;-14.767;10.641;7.247;0.003451;0.021441;0.000463;187;137
21.04.11;67;Mya arenaria;Bivalvia;muscle tissue;20 mm;2;0.05040;-21.669;8.179;8.179;-21.669;10.684;4.648;0.004507;0.017956;0.017906;71;165
21.04.11;67;Mya arenaria;Bivalvia;muscle tissue;15 mm;3;0.05040;-22.385;7.634;7.634;-22.385;6.882;4.979;0.004574;0.019519;0.000778;71;165
04.08.11;18;Mya arenaria;Bivalvia;muscle tissue;<15 mm;10;0.05510;-22.264;6.657;6.657;-22.264;16.571;4.562;0.006266;0.024501;0.000706;187;137
21.04.11;67;Mya truncata;Bivalvia;muscle tissue;45 mm;1;0.04980;-21.249;8.696;8.696;-21.249;11.265;5.430;0.004365;0.020315;0.000502;71;165
29.09.11;52;Mya truncata;Bivalvia;muscle tissue;<13 mm;8;0.05140;-20.079;8.072;8.072;-20.079;16.741;4.586;0.005830;0.022915;0.000764;150;181
22.03.11;65;Mysis mixta;Crustacea;whole individual;31 mm;4;0.05130;-22.237;8.152;8.152;-22.237;13.551;5.204;0.004108;0.018323;0.000585;22;149
22.03.11;65;Mysis mixta;Crustacea;whole individual;25 mm;4;0.05330;-21.185;8.096;8.096;-21.185;15.161;5.633;0.004122;0.019902;0.000547;22;149
22.03.11;65;Mysis mixta;Crustacea;whole individual;26 mm;1;0.05590;-21.064;9.936;9.936;-21.064;15.673;4.295;0.006427;0.023660;0.000596;22;149
23.06.11;24;Mysis mixta;Crustacea;whole individual;<10 mm;8;0.05610;-19.272;6.998;6.998;-19.272;13.813;4.803;0.005629;0.023171;0.000593;151;162
22.03.11;65;Mysis mixta;Crustacea;whole individual;27 mm;3;0.06070;-22.891;7.659;7.659;-22.891;12.098;5.899;0.004370;0.022096;0.000518;22;149
22.03.11;65;Mysis mixta;Crustacea;whole individual;21 mm;1;0.06100;-20.435;10.376;10.376;-20.435;14.705;4.190;0.007104;0.025512;0.000652;22;149
19.05.11;22;Mytilus edulis;Bivalvia;muscle tissue;15 - 20 mm;5;0.03140;-22.702;7.607;7.607;-22.702;16.397;4.667;0.006720;0.026883;0.001020;120;131
21.04.11;67;Mytilus edulis;Bivalvia;muscle tissue;47 mm;1;0.04830;-21.350;6.698;6.698;-21.350;13.982;4.919;0.004978;0.020988;0.000809;71;165
19.05.11;22;Mytilus edulis;Bivalvia;muscle tissue;15 - 20 mm;5;0.04940;-23.096;6.971;6.971;-23.096;17.935;4.928;0.005615;0.023714;0.001013;120;131
30.08.11;43;Mytilus edulis;Bivalvia;muscle tissue;23 mm;1;0.04990;-21.521;6.622;6.622;-21.521;16.910;5.960;0.004970;0.025388;0.000671;151;169
21.04.11;67;Mytilus edulis;Bivalvia;muscle tissue;15 mm;3;0.04990;-22.460;9.121;9.121;-22.460;15.697;4.453;0.005399;0.020607;0.019360;71;165
21.04.11;67;Mytilus edulis;Bivalvia;muscle tissue;40 mm;1;0.05000;-23.958;7.961;7.961;-23.958;16.304;6.311;0.004209;0.022768;0.000635;71;165
04.08.11;18;Mytilus edulis;Bivalvia;muscle tissue;<30 mm;5;0.05050;-22.166;6.026;6.026;-22.166;17.362;4.988;0.006002;0.025661;0.000838;187;137
18.08.11;24;Mytilus edulis;Bivalvia;muscle tissue;<20 mm;4;0.05070;-21.382;7.450;7.450;-21.382;14.254;4.567;0.006962;0.027252;0.000910;170;148
30.08.11;43;Mytilus edulis;Bivalvia;muscle tissue;17 mm;2;0.05110;-21.290;6.960;6.960;-21.290;15.146;7.810;0.009960;0.066670;0.000914;151;169
30.08.11;43;Mytilus edulis;Bivalvia;muscle tissue;~10 mm;3;0.05110;-21.462;7.294;7.294;-21.462;14.567;7.629;0.009922;0.064876;0.000944;151;169
23.06.11;24;Mytilus edulis;Bivalvia;muscle tissue;20 - 25 mm;7;0.05120;-24.192;7.232;7.232;-24.192;17.174;5.187;0.004910;0.021826;0.015954;151;162
21.04.11;67;Mytilus edulis;Bivalvia;muscle tissue;35 mm;1;0.05160;-22.459;9.065;9.065;-22.459;16.865;5.059;0.005154;0.022350;0.015966;71;165
21.04.11;67;Mytilus edulis;Bivalvia;muscle tissue;15 mm;4;0.05170;-19.464;10.048;10.048;-19.464;14.410;4.735;0.005279;0.021426;0.000421;71;165
04.08.11;18;Mytilus edulis;Bivalvia;muscle tissue;<30 mm;5;0.05170;-21.928;6.460;6.460;-21.928;17.314;4.599;0.006330;0.024954;0.000894;187;137
07.07.11;23;Mytilus edulis;Bivalvia;muscle tissue;<35 mm;12;0.05170;-22.686;8.430;8.430;-22.686;15.802;5.196;0.004486;0.019979;0.020126;174;152
19.05.11;22;Mytilus edulis;Bivalvia;muscle tissue;15 - 20 mm;5;0.05280;-21.484;10.346;10.346;-21.484;12.355;5.456;0.004570;0.021372;0.000687;120;131
18.08.11;24;Mytilus edulis;Bivalvia;muscle tissue;<20 mm;5;0.05300;-21.241;6.511;6.511;-21.241;14.425;4.927;0.005353;0.022609;0.000652;170;148
08.03.11;50;Mytilus edulis;Bivalvia;muscle tissue;<8 mm;1;0.05310;-20.691;6.378;6.378;-20.691;13.720;4.362;0.005368;0.020072;0.000698;12;132
21.07.11;26;Mytilus edulis;Bivalvia;muscle tissue;20 mm;10;0.05530;-23.314;6.789;6.789;-23.314;16.540;5.224;0.004877;0.021839;0.000673;177;138
21.07.11;26;Mytilus edulis;Bivalvia;muscle tissue;20 mm;10;0.05590;-23.141;7.138;7.138;-23.141;16.963;5.338;0.005529;0.025297;0.000891;177;138
22.03.11;65;Mytilus edulis;Bivalvia;muscle tissue;36 mm;1;0.05640;-21.768;7.111;7.111;-21.768;13.921;4.290;0.006038;0.022203;0.000803;22;149
04.08.11;18;Mytilus edulis;Bivalvia;muscle tissue;<30 mm;5;0.05640;-22.207;6.117;6.117;-22.207;17.157;5.058;0.005791;0.025107;0.000724;187;137
08.03.11;50;Mytilus edulis;Bivalvia;muscle tissue;<8 mm;1;0.05690;-21.660;6.971;6.971;-21.660;13.551;4.325;0.006128;0.022715;0.000822;12;132
09.06.11;26;Mytilus edulis;Bivalvia;muscle tissue;20 mm;5;0.05710;-22.642;8.104;8.104;-22.642;17.001;4.403;0.006226;0.023494;0.000766;156;155
23.06.11;24;Mytilus edulis;Bivalvia;muscle tissue;10 - 20 mm;10;0.05730;-23.375;7.990;7.990;-23.375;17.843;4.609;0.006241;0.024655;0.000724;151;162
19.05.11;22;Mytilus edulis;Bivalvia;muscle tissue;27 mm;1;0.05800;-23.083;6.994;6.994;-23.083;16.226;4.829;0.005176;0.021425;0.000782;120;131
30.08.11;43;Mytilus edulis;Bivalvia;muscle tissue;27 mm;1;0.05820;-18.000;12.272;12.272;-18.000;7.910;6.628;0.011644;0.066154;0.000963;151;169
23.06.11;24;Mytilus edulis;Bivalvia;muscle tissue;30 mm;1;0.05830;-23.996;7.056;7.056;-23.996;18.232;4.782;0.005320;0.021804;0.000722;151;162
08.03.11;50;Mytilus edulis;Bivalvia;muscle tissue;<8 mm;1;0.05960;-21.592;6.827;6.827;-21.592;13.488;4.377;0.006296;0.023620;0.000816;12;132
15.09.11;19;Mytilus edulis;Bivalvia;muscle tissue;<15 mm;4;0.06020;-21.059;6.815;6.815;-21.059;17.383;5.140;0.006452;0.028428;0.000877;150;174
05.05.11;40;Mytilus edulis;Bivalvia;muscle tissue;46 mm;1;0.06050;-22.413;8.479;8.479;-22.413;16.374;5.244;0.004403;0.019790;0.000669;99;171
15.09.11;19;Mytilus edulis;Bivalvia;muscle tissue;<11 mm;4;0.06100;-21.095;7.560;7.560;-21.095;17.186;5.374;0.005708;0.026291;0.000704;150;174
09.06.11;26;Mytilus edulis;Bivalvia;muscle tissue;10 - 20 mm;10;0.06240;-23.703;7.857;7.857;-23.703;17.899;4.708;0.006012;0.024257;0.000791;156;155
22.03.11;65;Mytilus edulis;Bivalvia;muscle tissue;31 mm;1;0.06260;-20.987;9.138;9.138;-20.987;1.643;5.883;0.003964;0.019989;0.000531;22;149
19.05.11;22;Mytilus edulis;Bivalvia;muscle tissue;15 - 20 mm;5;0.06370;-18.873;10.559;10.559;-18.873;11.039;4.526;0.005832;0.022624;0.000641;120;131
21.04.11;67;Mytilus edulis;Bivalvia;muscle tissue;43 mm;1;0.06410;-22.466;8.178;8.178;-22.466;16.053;5.139;0.005400;0.023787;0.000728;71;165
18.08.11;24;Mytilus edulis;Bivalvia;muscle tissue;<20 mm;5;0.06410;-18.805;12.533;12.533;-18.805;8.628;4.361;0.005721;0.021386;0.000617;170;148
04.08.11;18;Mytilus edulis;Bivalvia;muscle tissue;<30 mm;5;0.06470;-22.200;6.864;6.864;-22.200;17.311;5.224;0.005313;0.023791;0.000784;187;137
21.07.11;26;Mytilus edulis;Bivalvia;muscle tissue;25 mm;13;0.06630;-23.003;6.737;6.737;-23.003;16.371;4.053;0.006901;0.023974;0.000802;177;138
29.09.11;52;Mytilus edulis;Bivalvia;muscle tissue;34 mm;5;0.05690;-20.962;7.395;7.395;-20.962;16.800;6.195;0.004571;0.024271;0.000726;150;181
29.09.11;52;Mytilus edulis;Bivalvia;muscle tissue;28 mm;5;0.05710;-20.959;7.621;7.621;-20.959;17.366;6.146;0.004719;0.024861;0.000696;150;181
22.03.11;65;Mytilus galloprovincialis;Bivalvia;muscle tissue;20 mm;1;0.05540;-18.095;9.087;9.087;-18.095;13.873;5.903;0.005295;0.024115;0.000811;22;149
07.04.11;44;Mytilus galloprovincialis;Bivalvia;muscle tissue;<25 mm;3;0.06050;-23.641;7.290;7.290;-23.641;14.707;5.313;0.003584;0.018135;0.000472;48;164
07.04.11;44;Neoamphitrite figulus;Annelida ;whole individual;50 mm;1;0.05510;-21.841;11.332;11.332;-21.841;17.151;5.585;0.005435;0.018384;0.000472;48;164
07.04.11;44;Neoamphitrite figulus;Annelida ;whole individual;50 mm;1;0.06200;-20.750;10.127;10.127;-20.750;10.888;5.826;0.003449;0.017226;0.010003;48;164
07.04.11;44;Neoamphitrite figulus;Annelida ;whole individual;50 mm;1;0.06390;-17.666;10.095;10.095;-17.666;7.873;3.946;0.005490;0.026281;0.000536;48;164
07.04.11;44;Nephtys hombergii;Annelida ;whole individual;<20 mm;5;0.04230;-18.937;10.583;10.583;-18.937;11.486;4.567;0.005845;0.022879;0.000609;48;164
07.04.11;44;Nephtys hombergii;Annelida ;whole individual;70 mm;1;0.04990;-18.813;10.567;10.567;-18.813;10.925;4.291;0.007062;0.025975;0.000722;48;164
04.08.11;18;Nephtys hombergii;Annelida ;whole individual;<15 mm;5;0.05110;-18.414;5.941;5.941;-18.414;6.141;5.530;0.002970;0.014076;0.000323;187;137
19.05.11;22;Nephtys hombergii;Annelida ;whole individual;<10 mm;10;0.05110;-20.374;10.427;10.427;-20.374;9.302;5.137;0.004368;0.019235;0.000490;120;131
04.08.11;18;Nephtys hombergii;Annelida ;whole individual;<15 mm;5;0.05180;-10.095;7.246;7.246;-10.095;15.183;4.942;0.005432;0.023012;0.000751;187;137
07.04.11;44;Nephtys hombergii;Annelida ;whole individual;50 mm;1;0.05200;-21.201;6.920;6.920;-21.201;14.305;4.437;0.005955;0.022644;0.000849;48;164
08.03.11;50;Nephtys hombergii;Annelida ;whole individual;<10 mm;5;0.05210;-20.218;10.878;10.878;-20.218;8.650;;;0.011425;0.006814;12;132
07.04.11;44;Nephtys hombergii;Annelida ;whole individual;<10 mm;5;0.05350;-19.499;11.493;11.493;-19.499;7.829;4.663;0.005535;0.022122;0.000515;48;164
07.04.11;44;Nephtys hombergii;Annelida ;whole individual;<20 mm;6;0.05380;-20.748;11.628;11.628;-20.748;8.376;;;0.012527;0.007230;48;164
04.08.11;18;Nephtys hombergii;Annelida ;whole individual;<15 mm;5;0.05500;-18.667;7.596;7.596;-18.667;8.279;5.661;0.003393;0.016464;0.000373;187;137
04.08.11;18;Nephtys hombergii;Annelida ;whole individual;<15 mm;6;0.05540;-17.657;6.039;6.039;-17.657;8.837;5.638;0.003977;0.019221;0.000375;187;137
09.06.11;26;Nephtys hombergii;Annelida ;whole individual;20 mm;1;0.05620;-18.549;11.246;11.246;-18.549;10.923;4.311;0.006441;0.023799;0.000658;156;155
23.06.11;24;Nephtys hombergii;Annelida ;whole individual;<15 mm;10;0.06300;-20.217;8.180;8.180;-20.217;7.911;;;0.008378;0.006604;151;162
22.03.11;65;Nephtys hombergii;Annelida ;whole individual;49 mm;1;0.06490;-20.515;11.151;11.151;-20.515;9.636;;;0.007625;0.005827;22;149
07.07.11;23;Nereis pelagica;Annelida ;whole individual;20 mm;1;0.02600;-18.949;10.806;10.806;-18.949;8.945;4.586;0.005135;0.019575;0.000597;174;152
07.04.11;44;Nereis pelagica;Annelida ;whole individual;70 mm;1;0.04440;-18.191;10.917;10.917;-18.191;16.788;4.880;0.005167;0.021611;0.000670;48;164
08.03.11;50;Nereis pelagica;Annelida ;whole individual;19 mm;1;0.04640;-20.100;10.223;10.223;-20.100;13.014;4.468;0.006444;0.024676;0.000806;12;132
08.03.11;50;Nereis pelagica;Annelida ;whole individual;28 mm;1;0.04680;-18.729;11.006;11.006;-18.729;9.440;4.546;0.006022;0.023467;0.000647;12;132
05.05.11;40;Nereis pelagica;Annelida ;whole individual;41 mm;1;0.04680;-19.560;9.722;9.722;-19.560;11.763;4.301;0.005712;0.021056;0.000534;99;171
08.03.11;50;Nereis pelagica;Annelida ;whole individual;88 mm;1;0.04720;-18.917;10.298;10.298;-18.917;10.821;4.476;0.005566;0.021357;0.000683;12;132
08.03.11;50;Nereis pelagica;Annelida ;whole individual;50 mm;1;0.04730;-18.312;10.217;10.217;-18.312;9.268;4.484;0.005728;0.022015;0.000574;12;132
08.03.11;50;Nereis pelagica;Annelida ;whole individual;31 mm;1;0.04810;-18.411;11.320;11.320;-18.411;7.531;4.624;0.004542;0.018005;0.000569;12;132
07.07.11;23;Nereis pelagica;Annelida ;whole individual;<15 mm;3;0.04940;-18.740;10.041;10.041;-18.740;8.611;4.516;0.005476;0.021195;0.000751;174;152
05.05.11;40;Nereis pelagica;Annelida ;whole individual;40 mm;1;0.04960;-17.891;11.852;11.852;-17.891;8.091;4.284;0.004977;0.018274;0.000565;99;171
18.08.11;24;Nereis pelagica;Annelida ;whole individual;<23 mm;3;0.05000;-19.036;12.313;12.313;-19.036;8.382;4.269;0.006399;0.023413;0.000667;170;148
18.08.11;24;Nereis pelagica;Annelida ;whole individual;<20 mm;3;0.05050;-15.753;7.664;7.664;-15.753;15.452;5.482;0.004042;0.018993;0.000552;170;148
18.08.11;24;Nereis pelagica;Annelida ;whole individual;<22 mm;3;0.05050;-18.686;11.910;11.910;-18.686;8.527;4.237;0.006240;0.022663;0.000650;170;148
07.04.11;44;Nereis pelagica;Annelida ;whole individual;<15 mm;2;0.05070;-18.149;11.662;11.662;-18.149;9.085;;;0.009202;0.006584;48;164
08.03.11;50;Nereis pelagica;Annelida ;whole individual;52 mm;1;0.05090;-17.431;11.758;11.758;-17.431;12.315;4.361;0.006269;0.023434;0.000616;12;132
08.03.11;50;Nereis pelagica;Annelida ;whole individual;49 mm;1;0.05090;-19.035;12.105;12.105;-19.035;9.967;4.729;0.005536;0.022444;0.000758;12;132
22.03.11;65;Nereis pelagica;Annelida ;whole individual;40 mm;1;0.05140;-20.246;9.505;9.505;-20.246;8.277;0.023;0.634021;0.011599;0.006794;22;149
22.03.11;65;Nereis pelagica;Annelida ;whole individual;<22 mm;3;0.05140;-20.779;10.430;10.430;-20.779;9.306;5.193;0.004899;0.021806;0.000602;22;149
21.07.11;26;Nereis pelagica;Annelida ;whole individual;10 - 20 mm;6;0.05140;-19.330;10.001;10.001;-19.330;11.794;4.674;0.004176;0.016732;0.000476;177;138
08.03.11;50;Nereis pelagica;Annelida ;whole individual;61 mm;1;0.05160;-18.857;10.077;10.077;-18.857;9.368;4.512;0.005957;0.023037;0.000676;12;132
23.06.11;24;Nereis pelagica;Annelida ;whole individual;<15 mm;9;0.05160;-19.325;10.571;10.571;-19.325;9.228;;;0.008701;0.007254;151;162
22.03.11;65;Nereis pelagica;Annelida ;whole individual;<13 mm;6;0.05170;-18.639;10.614;10.614;-18.639;10.733;4.654;0.005629;0.022457;0.000604;22;149
08.03.11;50;Nereis pelagica;Annelida ;whole individual;26 mm;1;0.05190;-18.907;10.842;10.842;-18.907;9.795;4.323;0.005610;0.020789;0.000544;12;132
09.06.11;26;Nereis pelagica;Annelida ;whole individual;20 mm;1;0.05220;-18.481;12.611;12.611;-18.481;12.151;4.834;0.004354;0.018038;0.012586;156;155
08.03.11;50;Nereis pelagica;Annelida ;whole individual;86 mm;1;0.05240;-17.457;12.830;12.830;-17.457;9.759;4.587;0.005116;0.020114;0.014491;12;132
08.03.11;50;Nereis pelagica;Annelida ;whole individual;46 mm;1;0.05240;-20.374;11.745;11.745;-20.374;12.336;4.795;0.005847;0.024031;0.000710;12;132
05.05.11;40;Nereis pelagica;Annelida ;whole individual;<20 mm;2;0.05240;-19.421;10.054;10.054;-19.421;18.599;6.087;0.004501;0.023482;0.000670;99;171
08.03.11;50;Nereis pelagica;Annelida ;whole individual;34 mm;1;0.05320;-22.747;7.974;7.974;-22.747;16.689;4.763;0.007045;0.028762;0.001031;12;132
19.05.11;22;Nereis pelagica;Annelida ;whole individual;<15 mm;2;0.05380;-18.340;11.742;11.742;-18.340;10.054;4.389;0.005194;0.019540;0.000545;120;131
15.09.11;19;Nereis pelagica;Annelida ;whole individual;<8 mm;2;0.05390;-19.174;9.884;9.884;-19.174;11.516;4.465;0.006731;0.025759;0.000594;150;174
08.03.11;50;Nereis pelagica;Annelida ;whole individual;48 mm;1;0.05440;-18.866;11.697;11.697;-18.866;10.778;4.543;0.005744;0.022368;0.000747;12;132
09.06.11;26;Nereis pelagica;Annelida ;whole individual;21 mm;1;0.05450;-18.619;12.746;12.746;-18.619;13.515;4.944;0.004328;0.018344;0.009394;156;155
07.04.11;44;Nereis pelagica;Annelida ;whole individual;<15 mm;8;0.05450;-18.744;12.241;12.241;-18.744;7.681;;;0.009592;0.006727;48;164
08.03.11;50;Nereis pelagica;Annelida ;whole individual;52 mm;1;0.05470;-18.932;9.965;9.965;-18.932;10.848;4.800;0.004863;0.020008;0.000598;12;132
07.07.11;23;Nereis pelagica;Annelida ;whole individual;44 mm;1;0.05490;-18.178;12.664;12.664;-18.178;9.821;4.412;0.004892;0.018502;0.000589;174;152
04.08.11;18;Nereis pelagica;Annelida ;whole individual;<15 mm;5;0.05520;-17.793;9.771;9.771;-17.793;12.860;4.529;0.004906;0.019047;0.000496;187;137
08.03.11;50;Nereis pelagica;Annelida ;whole individual;65 mm;1;0.05570;-18.498;12.019;12.019;-18.498;9.939;4.400;0.005557;0.020958;0.000565;12;132
04.08.11;18;Nereis pelagica;Annelida ;whole individual;<20 mm;4;0.05700;-17.935;5.871;5.871;-17.935;6.218;5.492;0.002169;0.010213;0.000265;187;137
08.03.11;50;Nereis pelagica;Annelida ;whole individual;34 mm;1;0.05740;-16.686;10.974;10.974;-16.686;11.213;4.506;0.005463;0.021097;0.000587;12;132
23.06.11;24;Nereis pelagica;Annelida ;whole individual;<40 mm;2;0.05790;-18.180;8.586;8.586;-18.180;6.428;;;0.010214;0.006851;151;162
18.08.11;24;Nereis pelagica;Annelida ;whole individual;<24 mm;3;0.05900;-19.225;11.826;11.826;-19.225;11.519;4.756;0.005985;0.024397;0.000595;170;148
04.08.11;18;Nereis pelagica;Annelida ;whole individual;<25 mm;3;0.05920;-18.495;11.943;11.943;-18.495;9.354;4.420;0.005769;0.021854;0.000630;187;137
08.03.11;50;Nereis pelagica;Annelida ;whole individual;46 mm;1;0.05930;-18.324;10.367;10.367;-18.324;10.690;4.412;0.005887;0.022262;0.000631;12;132
07.07.11;23;Nereis pelagica;Annelida ;whole individual;<15 mm;10;0.05940;-18.518;10.766;10.766;-18.518;9.810;;;0.010977;0.007442;174;152
04.08.11;18;Nereis pelagica;Annelida ;whole individual;<20 mm;2;0.05950;-19.148;11.759;11.759;-19.148;11.609;4.401;0.005721;0.021578;0.000585;187;137
30.08.11;43;Nereis pelagica;Annelida ;whole individual;30 mm;1;0.05960;-22.245;7.606;7.606;-22.245;13.856;8.940;0.010697;0.081966;0.001003;151;169
05.05.11;40;Nereis pelagica;Annelida ;whole individual;<23 mm;2;0.05960;-17.851;12.455;12.455;-17.851;12.043;4.485;0.005946;0.022856;0.000760;99;171
08.03.11;50;Nereis pelagica;Annelida ;whole individual;16 mm;1;0.06050;-23.120;7.339;7.339;-23.120;16.291;4.909;0.005834;0.024550;0.000773;12;132
07.04.11;44;Nereis pelagica;Annelida ;whole individual;<20 mm;1;0.06050;-22.939;10.824;10.824;-22.939;18.501;6.266;0.004993;0.026815;0.000578;48;164
08.03.11;50;Nereis pelagica;Annelida ;whole individual;14 mm;1;0.06070;-18.739;12.325;12.325;-18.739;9.923;5.058;0.004185;0.018144;0.012274;12;132
08.03.11;50;Nereis pelagica;Annelida ;whole individual;25 mm;1;0.06100;-23.358;6.930;6.930;-23.358;12.514;4.986;0.004494;0.019204;0.000720;12;132
18.08.11;24;Nereis pelagica;Annelida ;whole individual;<21 mm;3;0.06110;-18.782;11.940;11.940;-18.782;10.580;4.350;0.006485;0.024180;0.000722;170;148
07.07.11;23;Nereis pelagica;Annelida ;whole individual;43 mm;1;0.06200;-18.249;11.421;11.421;-18.249;9.713;4.417;0.005115;0.019366;0.000612;174;152
19.05.11;22;Nereis pelagica;Annelida ;whole individual;39 mm;1;0.06210;-17.502;8.541;8.541;-17.502;16.337;6.539;0.004273;0.023949;0.000576;120;131
04.08.11;18;Nereis pelagica;Annelida ;whole individual;<60 mm;1;0.06370;-18.021;10.421;10.421;-18.021;7.583;4.397;0.005160;0.019448;0.000559;187;137
05.05.11;40;Nereis pelagica;Annelida ;whole individual;<20 mm;2;0.06390;-17.849;12.510;12.510;-17.849;8.226;4.335;0.007389;0.027454;0.000798;99;171
08.03.11;50;Nereis pelagica;Annelida ;whole individual;37 mm;1;0.06740;-18.758;10.340;10.340;-18.758;10.779;4.588;0.006197;0.024369;0.000711;12;132
08.03.11;50;Nereis pelagica;Annelida ;whole individual;19 mm;1;0.06940;-22.315;7.887;7.887;-22.315;14.818;4.491;0.006246;0.024042;0.000881;12;132
29.09.11;52;Nereis pelagica;Annelida ;whole individual;<30 mm;3;0.06420;-18.637;9.911;9.911;-18.637;8.835;4.279;0.007068;0.025922;0.000716;150;181
05.05.11;40;Nerophis ophidion;Fish;muscle tissue;110 mm;1;0.04970;-22.287;11.554;11.554;-22.287;15.947;4.701;0.004684;0.018874;0.000372;99;171
07.07.11;23;Nerophis ophidion;Fish;muscle tissue;153 mm;1;0.05420;-21.139;8.454;8.454;-21.139;14.547;5.332;0.004408;0.020148;0.000644;174;152
05.05.11;40;Nerophis ophidion;Fish;muscle tissue;98 mm;1;0.05470;-20.976;11.015;11.015;-20.976;16.173;4.722;0.005118;0.020713;0.000399;99;171
07.07.11;23;Nerophis ophidion;Fish;muscle tissue;114 mm;1;0.05830;-17.483;10.435;10.435;-17.483;12.336;4.323;0.005074;0.018801;0.008987;174;152
05.05.11;40;Nerophis ophidion;Fish;muscle tissue;132 mm;1;0.05840;-23.244;8.897;8.897;-23.244;17.065;5.549;0.004214;0.020042;0.000629;99;171
15.09.11;19;Nerophis ophidion;Fish;muscle tissue;120 mm;1;0.05940;-22.448;10.740;10.740;-22.448;17.605;8.546;0.004283;0.031375;0.000505;150;174
07.07.11;23;Nerophis ophidion;Fish;muscle tissue;138 mm;1;0.05960;-18.359;11.668;11.668;-18.359;7.167;4.497;0.005928;0.022846;0.000743;174;152
29.09.11;52;Nerophis ophidion;Fish;muscle tissue;90 mm;1;0.05280;-19.183;10.501;10.501;-19.183;13.216;6.153;0.006090;0.032119;0.000413;150;181
29.09.11;52;Nerophis ophidion;Fish;muscle tissue;56 mm;2;0.05910;-19.340;10.049;10.049;-19.340;15.547;7.462;0.004082;0.026106;0.000525;150;181
07.04.11;44;Oithona sp.;Copepoda ;whole individual;;12;0.04010;-25.093;8.728;8.728;-25.093;20.092;5.416;0.002603;0.012085;0.001293;48;164
09.06.11;26;Oithona sp.;Copepoda ;whole individual;;15;0.06860;-26.473;4.497;4.497;-26.473;21.904;4.365;0.001755;0.006567;0.005183;156;155
22.03.11;65;Oithona sp.;Copepoda ;whole individual;;15;0.09970;-25.293;8.243;8.243;-25.293;19.666;5.639;0.003252;0.015718;0.001531;22;149
19.05.11;22;Oithona sp.;Copepoda ;whole individual;;10;0.12610;-25.790;4.688;4.688;-25.790;20.456;4.893;0.001793;0.007518;0.002270;120;131
21.04.11;67;Oithona sp.;Copepoda ;whole individual;;10;0.12690;-24.930;8.502;8.502;-24.930;20.523;5.618;0.002165;0.010425;0.001871;71;165
05.05.11;40;Oithona sp.;Copepoda ;whole individual;;10;0.15510;-25.741;6.525;6.525;-25.741;19.239;5.044;0.001477;0.006388;0.001448;99;171
23.06.11;24;Oithona sp.;Copepoda ;whole individual;;15;0.16480;-25.088;7.248;7.248;-25.088;18.499;10.181;0.005793;0.050548;0.001526;151;162
07.04.11;44;Oithona sp.;Copepoda ;whole individual;;15;0.18890;-24.138;9.529;9.529;-24.138;21.102;6.050;0.001882;0.009761;0.003120;48;164
22.03.11;65;Oithona sp.;Copepoda ;whole individual;;15;0.20520;-25.367;9.149;9.149;-25.367;20.130;5.691;0.003171;0.015469;0.002387;22;149
19.05.11;22;Oithona sp.;Copepoda ;whole individual;;5;0.23770;-24.514;7.155;7.155;-24.514;20.921;4.391;0.002204;0.008295;0.002170;120;131
05.05.11;40;Oithona sp.;Copepoda ;whole individual;;10;0.24360;-25.809;5.725;5.725;-25.809;21.445;4.648;0.001771;0.007054;0.004886;99;171
22.03.11;65;Oithona sp.;Copepoda ;whole individual;;15;0.26810;-24.917;9.862;9.862;-24.917;20.923;5.227;0.004038;0.018091;0.003537;22;149
19.05.11;22;Oithona sp.;Copepoda ;whole individual;;10;0.31310;-24.697;6.014;6.014;-24.697;15.101;4.572;0.001835;0.007190;0.000536;120;131
21.04.11;67;Oithona sp.;Copepoda ;whole individual;;10;0.32610;-26.364;3.661;3.661;-26.364;21.122;5.270;0.001116;0.005043;0.002654;71;165
05.05.11;40;Oithona sp.;Copepoda ;whole individual;;10;0.37430;-25.858;7.317;7.317;-25.858;21.288;4.693;0.002135;0.008588;0.004356;99;171
08.03.11;50;Oithona sp.;Copepoda ;whole individual;;2;0.43230;-25.045;9.543;9.543;-25.045;19.450;4.893;0.003861;0.016196;0.001171;12;132
09.06.11;26;Oithona sp.;Copepoda ;whole individual;;15;0.53990;-26.721;6.027;6.027;-26.721;21.966;4.499;0.001390;0.005359;0.004705;156;155
19.05.11;22;Palaemon adspersus;Decapoda;whole individual;33 mm;1;0.05350;-18.081;11.179;11.179;-18.081;14.540;4.188;0.006045;0.021699;0.010590;120;131
09.06.11;26;Palaemon adspersus;Decapoda;whole individual;35 mm;1;0.05650;-17.023;11.229;11.229;-17.023;14.977;4.286;0.005646;0.020743;0.015842;156;155
19.05.11;22;Palaemon adspersus;Decapoda;whole individual;35 mm;1;0.06000;-20.482;10.030;10.030;-20.482;14.819;4.767;0.005168;0.021116;0.000582;120;131
29.09.11;52;Palaemon adspersus;Decapoda;whole individual;35 mm;1;0.05500;-18.534;11.144;11.144;-18.534;16.299;5.044;0.005950;0.025726;0.000561;150;181
29.09.11;52;Palaemon adspersus;Decapoda;whole individual;37 mm;1;0.05830;-11.849;10.937;10.937;-11.849;15.267;21.027;0.005606;0.101041;0.000509;150;181
29.09.11;52;Palaemon adspersus;Decapoda;whole individual;54 mm;1;0.05750;-17.979;10.522;10.522;-17.979;14.954;4.821;0.007141;0.029510;0.000635;150;181
29.09.11;52;Palaemon adspersus;Decapoda;whole individual;40 mm;1;0.05660;-12.105;7.596;7.596;-12.105;15.521;26.898;0.004263;0.098297;0.000843;150;181
29.09.11;52;Palaemon adspersus;Decapoda;whole individual;<20 mm;2;0.05790;-18.856;10.830;10.830;-18.856;15.174;6.012;0.005211;0.026854;0.000558;150;181
04.08.11;18;Phascolion strombi;Annelida;whole individual;10 mm;1;0.05130;-18.937;12.899;12.899;-18.937;9.131;4.517;0.006164;0.023864;0.000652;187;137
21.04.11;67;Phascolion strombi;Annelida;whole individual;30 mm;1;0.05500;-18.704;11.849;11.849;-18.704;10.939;4.566;0.006692;0.026195;0.000780;71;165
22.03.11;65;Phascolion strombi;Annelida;whole individual;55 mm;1;0.05680;-20.731;6.902;6.902;-20.731;3.623;5.221;0.003439;0.015390;0.000626;22;149
05.05.11;40;Phascolion strombi;Annelida;whole individual;<15 mm;3;0.05720;-9.426;8.186;8.186;-9.426;0.887;25.310;0.003452;0.074891;0.001663;99;171
07.04.11;44;Polydora ciliata;Annelida;whole individual;<10 mm;5;0.05600;-19.817;11.813;11.813;-19.817;17.471;5.267;0.007480;0.033768;0.000699;48;164
30.08.11;43;Pomatoschistus minutus;Fish;muscle tissue;44 mm;1;0.05020;-15.404;10.451;10.451;-15.404;8.714;5.152;0.005637;0.024892;0.000541;151;169
30.08.11;43;Pomatoschistus minutus;Fish;muscle tissue;68 mm;1;0.05160;-15.336;11.658;11.658;-15.336;11.311;4.255;0.008261;0.030129;0.000890;151;169
15.09.11;19;Pomatoschistus minutus;Fish;muscle tissue;51 mm;1;0.05210;-20.237;12.752;12.752;-20.237;17.775;4.099;0.006967;0.024476;0.000656;150;174
15.09.11;19;Pomatoschistus minutus;Fish;muscle tissue;70 mm;1;0.05380;-19.334;12.151;12.151;-19.334;16.245;4.064;0.007103;0.024743;0.000644;150;174
05.05.11;40;Pomatoschistus minutus;Fish;muscle tissue;49 mm;1;0.05810;-21.594;5.363;5.363;-21.594;7.951;11.752;0.001276;0.012853;0.000309;99;171
19.05.11;22;Pomatoschistus minutus;Fish;muscle tissue;57 mm;1;0.05870;-21.029;12.315;12.315;-21.029;11.673;4.170;0.006888;0.024622;0.000592;120;131
29.09.11;52;Pomatoschistus minutus;Fish;muscle tissue;74 mm;1;0.05390;-20.429;12.259;12.259;-20.429;17.738;3.980;0.007585;0.025879;0.000805;150;181
19.05.11;22;Praunus flexuosus;Crustacea;whole individual;30 mm;1;0.04580;-18.790;9.652;9.652;-18.790;17.116;5.498;0.003706;0.017463;0.000434;120;131
19.05.11;22;Praunus flexuosus;Crustacea;whole individual;26 mm;1;0.04880;-20.329;10.383;10.383;-20.329;15.933;4.798;0.006040;0.024842;0.000662;120;131
19.05.11;22;Praunus flexuosus;Crustacea;whole individual;25 mm;1;0.04920;-19.194;10.386;10.386;-19.194;14.519;4.544;0.007696;0.029977;0.000809;120;131
19.05.11;22;Praunus flexuosus;Crustacea;whole individual;26 mm;1;0.05000;-19.835;10.649;10.649;-19.835;15.937;4.658;0.006684;0.026686;0.000645;120;131
21.04.11;67;Praunus flexuosus;Crustacea;whole individual;<20 mm;2;0.05150;-17.521;11.520;11.520;-17.521;10.326;4.398;0.005930;0.022354;0.000570;71;165
08.03.11;50;Praunus flexuosus;Crustacea;whole individual;<19 mm;8;0.05180;-21.115;8.133;8.133;-21.115;11.506;5.197;0.003716;0.016552;0.000469;12;132
30.08.11;43;Praunus flexuosus;Crustacea;whole individual;28 mm;1;0.05220;-21.097;6.257;6.257;-21.097;11.958;10.566;0.005445;0.049311;0.000672;151;169
08.03.11;50;Praunus flexuosus;Crustacea;whole individual;<31 mm;8;0.05230;-21.159;8.145;8.145;-21.159;11.155;5.008;0.005080;0.021807;0.000605;12;132
21.04.11;67;Praunus flexuosus;Crustacea;whole individual;<20 mm;2;0.05250;-19.317;10.823;10.823;-19.317;13.603;4.418;0.006446;0.024414;0.000590;71;165
08.03.11;50;Praunus flexuosus;Crustacea;whole individual;<29 mm;8;0.05260;-21.141;7.609;7.609;-21.141;10.995;5.329;0.004034;0.018425;0.000537;12;132
15.09.11;19;Praunus flexuosus;Crustacea;whole individual;<20 mm;2;0.05290;-17.499;10.065;10.065;-17.499;10.628;4.195;0.007124;0.025618;0.000651;150;174
19.05.11;22;Praunus flexuosus;Crustacea;whole individual;25 mm;1;0.05380;-21.588;8.562;8.562;-21.588;9.455;4.182;0.004857;0.017411;0.000522;120;131
21.04.11;67;Praunus flexuosus;Crustacea;whole individual;30 mm;1;0.05400;-19.526;9.173;9.173;-19.526;13.319;4.516;0.006140;0.023766;0.000578;71;165
05.05.11;40;Praunus flexuosus;Crustacea;whole individual;<10 mm;4;0.05480;-19.964;10.353;10.353;-19.964;16.174;5.034;0.005013;0.021630;0.012905;99;171
09.06.11;26;Praunus flexuosus;Crustacea;whole individual;15 mm;1;0.05500;-28.981;3.627;3.627;-28.981;6.075;13.781;0.003486;0.041174;0.000329;156;155
19.05.11;22;Praunus flexuosus;Crustacea;whole individual;24 mm;1;0.05510;-19.592;9.813;9.813;-19.592;15.999;4.744;0.005915;0.024049;0.000538;120;131
07.07.11;23;Praunus flexuosus;Crustacea;whole individual;<20 mm;1;0.05600;-20.067;9.817;9.817;-20.067;14.983;4.599;0.005946;0.023441;0.000654;174;152
05.05.11;40;Praunus flexuosus;Crustacea;whole individual;<15 mm;4;0.05710;-18.638;11.280;11.280;-18.638;12.602;4.420;0.006808;0.025794;0.000550;99;171
19.05.11;22;Praunus flexuosus;Crustacea;whole individual;15 - 20 mm;2;0.05770;-21.011;11.458;11.458;-21.011;16.232;4.767;0.005698;0.023280;0.009611;120;131
07.04.11;44;Praunus flexuosus;Crustacea;whole individual;<30 mm;1;0.05800;-21.053;8.967;8.967;-21.053;13.660;5.500;0.004022;0.018963;0.000536;48;164
07.04.11;44;Praunus flexuosus;Crustacea;whole individual;<30 mm;1;0.05910;-19.204;10.274;10.274;-19.204;13.130;4.653;0.006931;0.027641;0.000505;48;164
21.04.11;67;Praunus flexuosus;Crustacea;whole individual;<20 mm;2;0.05940;-20.099;10.472;10.472;-20.099;14.441;4.503;0.006597;0.025463;0.000675;71;165
21.04.11;67;Praunus flexuosus;Crustacea;whole individual;<10 mm;2;0.06150;-19.632;10.720;10.720;-19.632;15.898;4.345;0.006177;0.023007;0.000645;71;165
19.05.11;22;Praunus flexuosus;Crustacea;whole individual;22 mm;1;0.06260;-19.972;10.091;10.091;-19.972;15.459;4.656;0.006610;0.026376;0.000709;120;131
30.08.11;43;Pseudocalanus sp.;Copepoda ;whole individual;;10;0.05420;-21.497;8.362;8.362;-21.497;17.089;4.821;0.004990;0.020621;0.000237;151;169
19.05.11;22;Pseudocalanus sp.;Copepoda ;whole individual;;5;0.06400;-24.400;8.266;8.266;-24.400;20.451;4.133;0.003383;0.011983;0.002075;120;131
22.03.11;65;Pseudocalanus sp.;Copepoda ;whole individual;;15;0.10620;-25.243;8.118;8.118;-25.243;20.291;5.033;0.002774;0.011968;0.001824;22;149
08.03.11;50;Pseudocalanus sp.;Copepoda ;whole individual;;8;0.12470;-25.259;9.324;9.324;-25.259;20.284;4.750;0.005156;0.020990;0.002433;12;132
08.03.11;50;Pseudocalanus sp.;Copepoda ;whole individual;;15;0.15180;-25.791;6.106;6.106;-25.791;16.722;5.878;0.001154;0.005813;0.000582;12;132
19.05.11;22;Pseudocalanus sp.;Copepoda ;whole individual;;5;0.15580;-24.629;7.573;7.573;-24.629;19.141;4.478;0.002141;0.008217;0.000904;120;131
08.03.11;50;Pseudocalanus sp.;Copepoda ;whole individual;;10;0.15760;-20.514;9.519;9.519;-20.514;5.968;5.035;0.006647;0.028687;0.000803;12;132
22.03.11;65;Sarsia sp.;Cnidaria ;whole individual;5 mm;1;0.14110;-25.826;9.709;9.709;-25.826;19.153;5.711;0.003351;0.016404;0.001424;22;149
19.05.11;22;Seston;POC;;;;0.28370;-25.385;5.451;-25.385;5.451;8.322;10.670;0.003468;0.031720;;120;131
19.05.11;22;Seston;POC;;;;0.15650;-26.569;4.266;-26.569;4.266;9.716;10.312;0.003573;0.031581;;120;131
07.07.11;23;Seston;POC;;;;0.20270;-21.654;4.393;-21.654;4.393;11.947;13.987;0.004490;0.053826;;174;152
07.07.11;23;Seston;POC;;;;0.24890;-25.110;5.833;-25.110;5.833;10.711;15.224;0.004594;0.059949;;174;152
08.03.11;50;Seston;POC;;;;0.25150;-25.896;5.889;-25.896;5.889;7.660;15.538;0.002773;0.036934;;12;132
22.03.11;65;Seston;POC;;;;0.25390;-25.960;5.817;-25.960;5.817;7.596;14.777;0.002354;0.029817;0.002736;22;149
07.04.11;44;Seston;POC;;;;0.25630;-26.239;7.709;-26.239;7.709;6.920;13.420;0.002565;0.029507;;48;164
22.03.11;65;Seston;POC;;;;0.25940;-25.026;6.550;-25.026;6.550;4.516;13.998;0.002341;0.028088;0.002331;22;149
08.03.11;50;Seston;POC;;;;0.26760;-25.929;5.117;-25.929;5.117;6.895;15.159;0.002398;0.031160;;12;132
07.04.11;44;Seston;POC;;;;0.29580;-25.317;5.160;-25.317;5.160;7.157;12.010;0.002906;0.029918;;48;164
21.04.11;67;Seston;POC;;;;0.17960;-26.985;5.978;-26.985;5.978;7.686;10.599;0.003344;0.030374;;71;165
21.04.11;67;Seston;POC;;;;0.22580;-25.342;7.050;-25.342;7.050;10.274;11.357;0.002978;0.028990;;71;165
05.05.11;40;Seston;POC;;;;0.25020;-26.239;6.805;-26.239;6.805;6.920;11.020;0.003312;0.031288;;99;171
05.05.11;40;Seston;POC;;;;0.25270;-24.863;5.365;-24.863;5.365;8.314;10.985;0.003407;0.032074;;99;171
09.06.11;26;Seston;POC;;;;0.25510;-25.985;6.331;-25.985;6.331;11.947;13.853;0.002602;0.030897;;156;155
09.06.11;26;Seston;POC;;;;0.25790;-27.435;7.463;-27.435;7.463;9.651;14.370;0.002800;0.034491;;156;155
23.06.11;24;Seston;POC;;;;0.26350;-24.933;5.113;-24.933;5.113;9.985;15.300;0.002770;0.036331;;151;162
23.06.11;24;Seston;POC;;;;0.28170;-26.651;6.367;-26.651;6.367;7.976;16.737;0.002932;0.042065;;151;162
21.07.11;26;Seston;POC;;;;0.23770;-21.078;5.573;-21.078;5.573;12.306;16.463;0.004515;0.063707;0.005278;177;138
21.07.11;26;Seston;POC;;;;0.20270;-22.491;4.033;-22.491;4.033;10.987;15.742;0.004531;0.061137;0.005412;177;138
04.08.11;18;Seston;POC;;;;0.23800;-20.484;2.696;-20.484;2.696;11.858;16.730;0.004426;0.063471;0.005033;187;137
04.08.11;18;Seston;POC;;;;0.25150;-21.647;2.269;-21.647;2.269;12.428;14.490;0.004612;0.057275;;187;137
18.08.11;24;Seston;POC;;;;0.25390;-20.973;7.845;-20.973;7.845;14.473;12.250;0.004889;0.051338;0.008041;170;148
18.08.11;24;Seston;POC;;;;0.25650;-22.138;5.114;-22.138;5.114;13.225;14.985;0.004465;0.057355;;170;148
30.08.11;43;Seston;POC;;;;0.26070;-18.097;6.581;-18.097;6.581;15.913;15.002;0.004979;0.064029;0.001230;151;169
30.08.11;43;Seston;POC;;;;0.27260;-19.085;6.249;-19.085;6.249;14.055;15.975;0.004812;0.065884;;151;169
15.09.11;19;Seston;POC;;;;0.25970;-17.613;4.972;-17.613;4.972;12.456;16.419;0.004876;0.068617;0.004603;150;174
15.09.11;19;Seston;POC;;;;0.22020;-18.713;5.915;-18.713;5.915;10.997;17.543;0.005046;0.075870;;150;174
29.09.11;52;Seston;POC;;;;0.22040;-19.287;5.657;-19.287;5.657;11.071;17.481;0.006606;0.098984;0.006692;150;181
29.09.11;52;Seston;POC;;;;0.24470;-19.254;6.694;-19.254;6.694;14.892;17.991;0.006436;0.099252;;150;181
15.09.11;19;Spinachia spinachia;Fish;muscle tissue;129 mm;1;0.06140;-16.465;11.723;11.723;-16.465;14.408;4.259;0.008262;0.030159;0.000831;150;174
07.07.11;23;Spinachia spinachia;Fish;muscle tissue;98 mm;1;0.06150;-19.676;8.977;8.977;-19.676;9.121;5.167;0.005160;0.022853;0.000924;174;152
29.09.11;52;Spinachia spinachia;Fish;muscle tissue;110 mm;1;0.06110;-18.006;12.003;12.003;-18.006;16.662;3.830;0.007900;0.025930;0.000847;150;181
29.09.11;52;Spinachia spinachia;Fish;muscle tissue;131 mm;1;0.05720;-17.517;12.562;12.562;-17.517;16.417;3.961;0.007871;0.026722;0.000862;150;181
29.09.11;52;Spinachia spinachia;Fish;muscle tissue;75 mm;1;0.05310;-16.898;12.131;12.131;-16.898;15.946;3.935;0.007984;0.026933;0.000940;150;181
22.03.11;65;Suberites ficus;Porifera ;whole individual;75 mm;1;0.05990;-24.441;6.222;6.222;-24.441;14.802;5.741;0.002224;0.010943;0.000494;22;149
22.03.11;65;Suberites ficus;Porifera ;whole individual;86 mm;1;0.06220;-24.900;6.641;6.641;-24.900;14.653;5.866;0.002160;0.010862;0.000426;22;149
07.07.11;23;Syngnathus rostellatus;Fish;"Embryos; whole individuals";<10 mm;8;0.05210;-22.527;10.805;10.805;-22.527;14.276;5.376;0.005909;0.027228;0.010553;174;152
05.05.11;40;Syngnathus rostellatus;Fish;muscle tissue;98 mm;1;0.05410;-20.426;10.371;10.371;-20.426;15.574;4.401;0.005079;0.019159;0.000314;99;171
30.08.11;43;Syngnathus rostellatus;Fish;muscle tissue;59 mm;1;0.05500;-21.467;10.846;10.846;-21.467;17.236;7.040;0.004735;0.028570;0.000491;151;169
19.05.11;22;Syngnathus rostellatus;Fish;muscle tissue;73 mm;1;0.05540;-20.343;10.558;10.558;-20.343;14.619;4.602;0.005066;0.019985;0.006849;120;131
07.07.11;23;Syngnathus rostellatus;Fish;muscle tissue;58 mm;1;0.05570;-20.087;11.011;11.011;-20.087;10.946;5.987;0.004703;0.024136;0.011351;174;152
09.06.11;26;Syngnathus rostellatus;Fish;muscle tissue;60 mm;1;0.05610;-17.797;9.159;9.159;-17.797;9.119;4.058;0.003774;0.013128;0.000345;156;155
19.05.11;22;Syngnathus rostellatus;Fish;muscle tissue;68 mm;1;0.06260;-19.524;10.521;10.521;-19.524;13.988;4.690;0.005410;0.021748;0.000370;120;131
07.07.11;23;Syngnathus typhle;Fish;muscle tissue;174 mm;1;0.04780;-20.590;10.595;10.595;-20.590;19.761;5.279;0.006803;0.030782;0.000785;174;152
07.07.11;23;Syngnathus typhle;Fish;muscle tissue;139 mm;1;0.05160;-21.328;10.350;10.350;-21.328;17.788;5.467;0.005120;0.023994;0.000688;174;152
05.05.11;40;Syngnathus typhle;Fish;muscle tissue;140 mm;1;0.05220;-21.658;9.537;9.537;-21.658;15.444;5.248;0.005229;0.023524;0.000488;99;171
07.07.11;23;Syngnathus typhle;Fish;muscle tissue;126 mm;1;0.05250;-17.790;10.957;10.957;-17.790;14.665;4.832;0.006640;0.027501;0.000849;174;152
15.09.11;19;Syngnathus typhle;Fish;muscle tissue;156 mm;1;0.05390;-21.580;10.808;10.808;-21.580;16.858;9.136;0.003676;0.028788;0.000382;150;174
09.06.11;26;Syngnathus typhle;Fish;muscle tissue;121 mm;1;0.05490;-24.860;10.235;10.235;-24.860;16.860;6.276;0.005247;0.028226;0.009496;156;155
19.05.11;22;Syngnathus typhle;Fish;muscle tissue;119 mm;1;0.05540;-19.299;13.681;13.681;-19.299;16.265;4.111;0.007229;0.025476;0.007752;120;131
07.07.11;23;Syngnathus typhle;Fish;"Embryos; whole individuals";<13 mm;12;0.05640;-23.005;11.834;11.834;-23.005;15.583;4.810;0.006247;0.025754;0.010906;174;152
19.05.11;22;Syngnathus typhle;Fish;muscle tissue;144 mm;1;0.05740;-22.815;11.289;11.289;-22.815;16.699;5.261;0.005239;0.023625;0.000434;120;131
05.05.11;40;Syngnathus typhle;Fish;muscle tissue;153 mm;1;0.05900;-21.776;9.392;9.392;-21.776;14.501;5.073;0.005870;0.025523;0.000501;99;171
05.05.11;40;Syngnathus typhle;Fish;muscle tissue;126 mm;1;0.06060;-22.127;10.123;10.123;-22.127;16.130;5.096;0.005871;0.025646;0.000494;99;171
19.05.11;22;Syngnathus typhle;Fish;muscle tissue;138 mm;1;0.06250;-19.414;10.830;10.830;-19.414;14.422;4.722;0.005956;0.024107;0.000384;120;131
19.05.11;22;Syngnathus typhle;Fish;muscle tissue;99 mm;1;0.07290;-22.898;11.618;11.618;-22.898;14.193;5.104;0.005146;0.022511;0.000415;120;131
29.09.11;52;Syngnathus typhle;Fish;muscle tissue;147 mm;1;0.06530;-20.842;12.707;12.707;-20.842;16.690;8.324;0.003624;0.025857;0.000416;150;181
19.05.11;22;Temora sp.;Copepoda;whole individual;;5;0.05000;-24.481;6.758;6.758;-24.481;20.245;4.294;0.003024;0.011130;0.001971;120;131
07.04.11;44;Temora sp.;Copepoda;whole individual;;5;0.10080;-25.238;8.582;8.582;-25.238;21.400;6.351;0.002262;0.012314;0.003159;48;164
21.04.11;67;Temora sp.;Copepoda;whole individual;;5;0.10130;-26.840;6.245;6.245;-26.840;21.180;5.119;0.001211;0.005314;0.002223;71;165
21.04.11;67;Temora sp.;Copepoda;whole individual;;5;0.11080;-24.921;5.576;5.576;-24.921;21.325;5.989;0.001455;0.007468;0.002932;71;165
07.04.11;44;Temora sp.;Copepoda;whole individual;;5;0.12260;-25.773;9.507;9.507;-25.773;17.464;6.074;0.001574;0.008196;0.000640;48;164
07.04.11;44;Temora sp.;Copepoda;whole individual;;5;0.13460;-25.009;8.211;8.211;-25.009;19.865;5.682;0.002050;0.009985;0.001262;48;164
09.06.11;26;Temora sp.;Copepoda;whole individual;;5;0.13540;-26.370;6.764;6.764;-26.370;21.525;5.584;0.002733;0.013081;0.004199;156;155
21.04.11;67;Temora sp.;Copepoda;whole individual;;5;0.15790;-26.299;4.746;4.746;-26.299;17.909;6.768;0.001065;0.006181;0.000198;71;165
19.05.11;22;Temora sp.;Copepoda;whole individual;;5;0.16840;-23.785;7.188;7.188;-23.785;19.142;4.395;0.002589;0.009754;0.001485;120;131
05.05.11;40;Temora sp.;Copepoda;whole individual;;5;0.19940;-24.692;6.550;6.550;-24.692;20.562;4.400;0.002811;0.010602;0.002355;99;171
30.08.11;43;Temora sp.;Copepoda;whole individual;;5;0.21040;-21.764;7.849;7.849;-21.764;16.635;5.354;0.003417;0.015682;0.000208;151;169
08.03.11;50;Temora sp.;Copepoda;whole individual;;4;0.23850;-25.009;8.678;8.678;-25.009;19.036;4.900;0.003825;0.016066;0.000966;12;132
18.08.11;24;Temora sp.;Copepoda;whole individual;;5;0.28800;-21.764;8.598;8.598;-21.764;19.455;5.128;0.004284;0.018833;0.004200;170;148
19.05.11;22;Temora sp.;Copepoda;whole individual;;5;0.29450;-24.621;6.769;6.769;-24.621;20.108;4.214;0.002485;0.008978;0.001640;120;131
08.03.11;50;Temora sp.;Copepoda;whole individual;;4;0.31700;-25.863;5.062;5.062;-25.863;17.614;6.763;0.000726;0.004210;0.000693;12;132
22.03.11;65;Temora sp.;Copepoda;whole individual;;11;0.43440;-25.540;9.335;9.335;-25.540;21.294;5.555;0.002731;0.013002;0.004016;22;149
15.09.11;19;Urticina felina;Cnidaria ;whole individual;<48 mm;2;0.05210;-15.894;7.895;7.895;-15.894;14.489;8.648;0.008400;0.062271;0.000758;150;174
23.06.11;24;Veliger larvae;Bivalvia;whole individual;;6;0.11780;-25.653;7.713;7.713;-25.653;18.974;11.021;0.006608;0.062419;0.002806;151;162
08.03.11;50;Zostera marina;Primary prodcucers;leaf;;;0.14230;-13.796;6.420;-13.796;6.420;4.431;24.140;0.002183;0.045171;0.000699;12;132
08.03.11;50;Zostera marina;Primary prodcucers;leaf;;;0.23880;-13.953;7.109;-13.953;7.109;7.524;18.928;0.003927;0.063704;0.001080;12;132
19.05.11;22;Zostera marina;Primary prodcucers;leaf;;;0.24790;-11.154;8.341;-11.154;8.341;4.400;25.245;0.004255;0.092071;0.000869;120;131
22.03.11;65;Zostera marina;Primary prodcucers;leaf;;;0.24860;-15.182;6.936;-15.182;6.936;5.367;19.623;0.005872;0.098772;0.001012;22;149
04.08.11;18;Zostera marina;Primary prodcucers;leaf;;;0.24860;-11.294;6.732;-11.294;6.732;2.978;31.023;0.003679;0.097825;0.001002;187;137
05.05.11;40;Zostera marina;Primary prodcucers;leaf;;;0.25010;-10.171;7.542;-10.171;7.542;8.715;18.156;0.006259;0.097410;0.000672;99;171
23.06.11;24;Zostera marina;Primary prodcucers;leaf;;;0.25450;-21.330;10.750;-21.330;10.750;7.788;24.156;0.004389;0.090881;0.008855;151;162
09.06.11;26;Zostera marina;Primary prodcucers;leaf;;;0.25460;-11.608;7.995;-11.608;7.995;1.003;27.564;0.004046;0.095600;0.007559;156;155
21.07.11;26;Zostera marina;Primary prodcucers;leaf;;;0.25480;-11.820;6.095;-11.820;6.095;6.025;25.964;0.004370;0.097249;;177;138
05.05.11;40;Zostera marina;Primary prodcucers;leaf;;;0.25520;-9.520;8.366;-9.520;8.366;8.421;14.481;0.001589;0.019722;0.000156;99;171
07.07.11;23;Zostera marina;Primary prodcucers;leaf;;;0.25580;-11.949;7.890;-11.949;7.890;1.691;23.527;0.004549;0.090164;0.000873;174;152
19.05.11;22;Zostera marina;Primary prodcucers;leaf;;;0.25590;-9.658;7.922;-9.658;7.922;2.805;22.249;0.004962;0.094633;0.000970;120;131
23.06.11;24;Zostera marina;Primary prodcucers;leaf;;;0.25880;-19.200;9.484;-19.200;9.484;5.760;32.265;0.003346;0.092542;0.000904;151;162
07.07.11;23;Zostera marina;Primary prodcucers;leaf;;;0.25940;-11.670;7.839;-11.670;7.839;0.332;21.102;0.003765;0.068108;0.007430;174;152
07.04.11;44;Zostera marina;Primary prodcucers;leaf;;;0.25980;-12.364;5.662;-12.364;5.662;2.328;19.127;0.005703;0.093502;;48;164
21.04.11;67;Zostera marina;Primary prodcucers;leaf;;;0.26400;-8.378;7.675;-8.378;7.675;8.421;14.364;0.008306;0.102267;0.001304;71;165
21.04.11;67;Zostera marina;Primary prodcucers;leaf;;;0.26430;-10.662;8.575;-10.662;8.575;6.529;18.537;0.005893;0.093631;;71;165
09.06.11;26;Zostera marina;Primary prodcucers;leaf;;;0.26660;-9.774;7.878;-9.774;7.878;4.894;26.654;0.004243;0.096940;;156;155
21.07.11;26;Zostera marina;Primary prodcucers;leaf;;;0.26740;-9.969;7.448;-9.969;7.448;3.897;30.848;0.003641;0.096270;0.001128;177;138
22.03.11;65;Zostera marina;Primary prodcucers;leaf;;;0.27880;-14.883;6.178;-14.883;6.178;7.814;21.336;0.005457;0.099791;;22;149
07.04.11;44;Zostera marina;Primary prodcucers;leaf;;;0.28080;-13.823;4.175;-13.823;4.175;4.874;19.852;0.005632;0.095836;;48;164
04.08.11;18;Zostera marina;Primary prodcucers;leaf;;;0.24340;-11.634;6.562;-11.634;6.562;-5.428;38.991;0.003099;0.103563;0.001026;187;137
18.08.11;24;Zostera marina;Primary prodcucers;leaf;;;0.24830;-12.818;7.120;-12.818;7.120;7.897;23.124;0.004733;0.093806;;170;148
18.08.11;24;Zostera marina;Primary prodcucers;leaf;;;0.24860;-17.720;8.530;-17.720;8.530;7.769;25.943;0.004236;0.094207;;170;148
30.08.11;43;Zostera marina;Primary prodcucers;leaf;;;0.24890;-12.944;7.883;-12.944;7.883;7.957;29.248;0.003876;0.097168;0.001063;151;169
30.08.11;43;Zostera marina;Primary prodcucers;leaf;;;0.24960;-18.530;6.095;-18.530;6.095;10.139;27.315;0.003992;0.093454;;151;169
15.09.11;19;Zostera marina;Primary prodcucers;leaf;;;0.25030;-16.439;7.343;-16.439;7.343;10.116;28.892;0.003956;0.097975;;150;174
15.09.11;19;Zostera marina;Primary prodcucers;leaf;;;0.25250;-15.992;7.904;-15.992;7.904;7.419;36.510;0.003558;0.111359;0.001144;150;174
29.09.11;52;Zostera marina;Primary prodcucers;leaf;;;0.25460;-18.180;8.201;-18.180;8.201;12.180;35.344;0.003315;0.100433;0.000955;150;181
29.09.11;52;Zostera marina;Primary prodcucers;leaf;;;0.25470;-15.850;7.534;-15.850;7.534;10.314;31.196;0.003303;0.088315;0.000819;150;181
09.06.11;26;Zostera marina;Primary prodcucers;rhizom;;;0.24910;-12.673;7.258;7.258;-12.673;-0.867;22.346;0.002096;0.040141;0.001841;156;155
05.05.11;40;Zostera marina;Primary prodcucers;rhizom;;;0.25480;-11.852;7.199;7.199;-11.852;7.055;18.484;0.006262;0.099206;0.000812;99;171
07.07.11;23;Zostera marina;Primary prodcucers;rhizom;;;0.25490;-12.049;7.126;7.126;-12.049;-1.208;36.263;0.002041;0.063435;0.009324;174;152
09.06.11;26;Zostera marina;Primary prodcucers;rhizom;;;0.25540;-9.985;8.282;8.282;-9.985;;66.598;0.001487;0.084886;0.006305;156;155
21.07.11;26;Zostera marina;Primary prodcucers;rhizom;;;0.25700;-10.802;6.561;6.561;-10.802;4.908;64.118;0.001893;0.104040;0.000717;177;138
09.06.11;26;Zostera marina;Primary prodcucers;rhizom;;;0.26180;-10.199;7.573;7.573;-10.199;3.875;49.756;0.002038;0.086923;0.007516;156;155
22.03.11;65;Zostera marina;Primary prodcucers;rhizom;;;0.26660;-12.224;7.420;7.420;-12.224;1.282;31.530;0.002789;0.075370;0.014497;22;149
09.06.11;26;Zostera marina;Primary prodcucers;rhizom;;;0.26780;-11.254;7.733;7.733;-11.254;2.106;25.573;0.002628;0.057607;0.014578;156;155
21.07.11;26;Zostera marina;Primary prodcucers;rhizom;;;0.27700;-10.992;6.043;6.043;-10.992;-2.553;27.673;0.002815;0.066780;0.002753;177;138
23.06.11;24;Zostera marina;Primary prodcucers;rhizom;;;0.27790;-10.663;6.786;6.786;-10.663;-5.308;34.746;0.002644;0.078737;0.002143;151;162
05.05.11;40;Zostera marina;Primary prodcucers;rhizom;;;0.25480;-10.793;7.585;7.585;-10.793;4.074;21.837;0.001466;0.027435;0.009289;99;171
04.08.11;18;Zostera marina;Primary prodcucers;rhizom;;;0.25490;-11.184;6.554;6.554;-11.184;-0.962;68.260;0.001671;0.097783;0.000999;187;137
04.08.11;18;Zostera marina;Primary prodcucers;rhizom;;;0.25510;-12.779;6.330;6.330;-12.779;-0.813;22.344;0.002468;0.047280;0.014352;187;137
18.08.11;24;Zostera marina;Primary prodcucers;rhizom;;;0.25530;-11.373;6.167;6.167;-11.373;-6.998;68.265;0.001793;0.104940;0.001227;170;148
30.08.11;43;Zostera marina;Primary prodcucers;rhizom;;;0.25560;-12.163;6.486;6.486;-12.163;-2.164;53.912;0.002055;0.094981;0.000926;151;169
30.08.11;43;Zostera marina;Primary prodcucers;rhizom;;;0.25590;-13.212;5.920;5.920;-13.212;-7.815;23.257;0.002941;0.058625;0.002590;151;169
15.09.11;19;Zostera marina;Primary prodcucers;rhizom;;;0.25650;-12.070;6.193;6.193;-12.070;;26.059;0.002984;0.066649;0.003147;150;174
15.09.11;19;Zostera marina;Primary prodcucers;rhizom;;;0.25790;-11.171;5.792;5.792;-11.171;-1.804;54.094;0.002048;0.094947;0.001370;150;174
29.09.11;52;Zostera marina;Primary prodcucers;rhizom;;;0.25910;-11.969;7.438;7.438;-11.969;;28.061;0.004480;0.107761;0.000936;150;181
04.08.11;18;Zostera marina;Primary prodcucers;seeds;;;0.25960;-12.051;6.824;6.824;-12.051;10.590;32.551;0.004534;0.126497;0.000659;187;137
07.07.11;23;Zostera marina;Primary prodcucers;seeds;;;0.25050;-13.659;7.108;7.108;-13.659;10.023;22.207;0.003975;0.075669;0.006903;174;152