"tank","species","length_µm","length_mm","treatment","temperature","estimate_a","estimate_b","DW_mg","DW_µg","B_µg","B_mg.m2"
"A1","A_o",8546.04333072603,8.54604333072603,"0HW","20",-1.69,2.6,5.4024310804604,5402.4310804604,1941.63373031747,1.26904165380227
"A1","I_o",1872.285,1.872285,"0HW","20",-1.77,2.51,0.0819697507264508,81.9697507264508,24.8122435448967,0.0162171526437233
"A1","G_h",6618.312,6.618312,"0HW","20",0.19,2.34,128.987769864288,128987.769864288,7624.26069624626,4.98317692565115
"A1","A_o",11522.69009306,11.52269009306,"0HW","20",-1.69,2.6,11.7500602086547,11750.0602086547,4222.97163899049,2.76011218234673
"A1","I_o",6032.836,6.032836,"0HW","20",-1.77,2.51,1.54564236739964,1545.64236739964,467.865944611871,0.305794735040439
"A1","G_h",4136.334,4.136334,"0HW","20",0.19,2.34,42.9418255828747,42941.8255828747,2538.22260328279,1.65896902175346
"A1","A_o",8344.43133638391,8.34443133638391,"0HW","20",-1.69,2.6,5.07728495122204,5077.28495122204,1824.7762114692,1.19266419050274
"A1","I_o",14124.621,14.124621,"0HW","20",-1.77,2.51,13.075002378774,13075.002378774,3957.80322005489,2.58679949023195
"A1","G_h",4746.637,4.746637,"0HW","20",0.19,2.34,59.2574948362477,59257.4948362477,3502.61570777886,2.28929131227377
"A1","A_o",7695.24929569784,7.69524929569784,"0HW","20",-1.69,2.6,4.11319220353324,4113.19220353324,1478.28127794985,0.96619691369271
"A1","I_o",2980.864,2.980864,"0HW","20",-1.77,2.51,0.263389723765177,263.389723765177,79.728069383719,0.0521098492704045
"A1","G_h",3133.395,3.133395,"0HW","20",0.19,2.34,22.4220564608677,22422.0564608677,1325.33188211155,0.866229988308204
"A1","A_o",19065.9026104744,19.0659026104744,"0HW","20",-1.69,2.6,43.5180235401196,43518.0235401196,15640.377660319,10.222469059032
"A1","I_o",18637.649,18.637649,"0HW","20",-1.77,2.51,26.2229612061013,26222.9612061013,7937.69035708686,5.18803291312867
"A1","G_h",5053.83,5.05383,"0HW","20",0.19,2.34,68.6234063787711,68623.4063787711,4056.21975359895,2.6511240219601
"A1","A_o",19795.6944433913,19.7956944433913,"0HW","20",-1.69,2.6,47.9826167014033,47982.6167014033,17244.9524424843,11.2712107467218
"A1","I_o",5118.455,5.118455,"0HW","20",-1.77,2.51,1.02314836012004,1023.14836012004,309.707008608336,0.202422881443357
"A1","G_h",2589.486,2.589486,"0HW","20",0.19,2.34,14.3522419671542,14352.2419671542,848.338059091335,0.554469319667539
"A1","A_o",18877.2433030802,18.8772433030802,"0HW","20",-1.69,2.6,42.407267595966,42407.267595966,15241.1719739902,9.96155030979751
"A1","I_o",7027.217,7.027217,"0HW","20",-1.77,2.51,2.26686807113684,2266.86807113684,686.180965133121,0.448484290936681
"A1","G_h",3087.04,3.08704,"0HW","20",0.19,2.34,21.6535387270804,21653.5387270804,1279.90602849576,0.836539887905725
"A1","A_o",29526.4948386271,29.5264948386271,"0HW","20",-1.69,2.6,135.690962818855,135690.962818855,48767.3320370964,31.8740732268604
"A1","I_o",7187.187,7.187187,"0HW","20",-1.77,2.51,2.39862828813126,2398.62828813126,726.064782817333,0.474552145632244
"A1","G_h",3737.841,3.737841,"0HW","20",0.19,2.34,33.8791672532408,33879.1672532408,2002.54336967146,1.30885187560226
"A1","A_o",11001.4152423797,11.0014152423797,"0HW","20",-1.69,2.6,10.4175657150423,10417.5657150423,3744.0731179862,2.44710661306287
"A1","I_o",3161.172,3.161172,"0HW","20",-1.77,2.51,0.305224082971398,305.224082971398,92.3913299154422,0.0603864901408119
"A1","G_h",3254.515,3.254515,"0HW","20",0.19,2.34,24.5029226712942,24502.9226712942,1448.32855442393,0.946619970211717
"A1","A_o",9585.45114459176,9.58545114459176,"0HW","20",-1.69,2.6,7.28102715561625,7281.02715561625,2616.80115972848,1.71032755537809
"A1","I_o",5222.164,5.222164,"0HW","20",-1.77,2.51,1.07598141855881,1075.98141855881,325.699575397751,0.212875539475654
"A1","G_h",2668.846,2.668846,"0HW","20",0.19,2.34,15.4027059296451,15402.7059296451,910.429303171834,0.595051832138454
"A1","A_o",14509.0771081577,14.5090771081577,"0HW","20",-1.69,2.6,21.392594088579,21392.594088579,7688.4983154353,5.02516229767013
"A1","I_o",17097.938,17.097938,"0HW","20",-1.77,2.51,21.1197504450792,21119.7504450792,6392.94845972549,4.17839768609509
"A1","G_h",1406.782,1.406782,"0HW","20",0.19,2.34,3.44231586612304,3442.31586612304,203.469783141147,0.132986786366763
"A1","A_o",12976.695703035,12.976695703035,"0HW","20",-1.69,2.6,16.0039326110643,16003.9326110643,5751.81338041651,3.75935515059903
"A1","I_o",23260.663,23.260663,"0HW","20",-1.77,2.51,45.7321315533332,45732.1315533332,13843.1162211939,9.04778837986532
"A1","G_h",3984.603,3.984603,"0HW","20",0.19,2.34,39.3460405126945,39346.0405126945,2325.68150104055,1.52005326865396
"A1","A_o",22408.0584263778,22.4080584263778,"0HW","20",-1.69,2.6,66.2294263338962,66229.4263338962,23802.8558244023,15.5574221074525
"A1","I_o",22467.16,22.46716,"0HW","20",-1.77,2.51,41.9165883089206,41916.5883089206,12688.1512811103,8.29290933405899
"A1","G_h",1885.497,1.885497,"0HW","20",0.19,2.34,6.83119179682926,6831.19179682926,403.780817203703,0.263909030852093
"A1","A_o",19907.6964882261,19.9076964882261,"0HW","20",-1.69,2.6,48.6916653269885,48691.6653269885,17499.7845185197,11.4377676591632
"A1","I_o",5026.335,5.026335,"0HW","20",-1.77,2.51,0.977554750509001,977.554750509001,295.905822979075,0.193402498679134
"A1","G_h",2010.534,2.010534,"0HW","20",0.19,2.34,7.93868787361852,7938.68787361852,469.243138308993,0.306694861639865
"A1","A_o",17303.0207682906,17.3030207682906,"0HW","20",-1.69,2.6,33.8155936069024,33815.5936069024,12153.3243423207,7.94334924334688
"A1","I_o",2817.962,2.817962,"0HW","20",-1.77,2.51,0.228737401054323,228.737401054323,69.2388112991435,0.04525412503212
"A1","G_h",4235.384,4.235384,"0HW","20",0.19,2.34,45.3867549161785,45386.7549161785,2682.73846428745,1.75342383286761
"A1","A_o",11823.1345119011,11.8231345119011,"0HW","20",-1.69,2.6,12.5633320834057,12563.3320834057,4515.26155077602,2.95115134037649
"A1","I_o",5878.487,5.878487,"0HW","20",-1.77,2.51,1.44829343113641,1448.29343113641,438.398421604991,0.286534916081694
"A1","G_h",1862.08,1.86208,"0HW","20",0.19,2.34,6.63431525889651,6634.31525889651,392.143760048958,0.25630311114311
"A1","A_o",8165.4537711941,8.1654537711941,"0HW","20",-1.69,2.6,4.79897893275914,4798.97893275914,1724.75302843363,1.12728956106773
"A1","I_o",3843.54,3.84354,"0HW","20",-1.77,2.51,0.498512241059438,498.512241059438,150.899655368692,0.0986272257311712
"A1","G_h",7494.942,7.494942,"0HW","20",0.19,2.34,172.567006989985,172567.006989985,10200.1596759668,6.66677103004368
"A1","A_o",13732.4646023129,13.7324646023129,"0HW","20",-1.69,2.6,18.5415513992804,18541.5513992804,6663.83357290139,4.35544677967411
"A1","I_o",12303.711,12.303711,"0HW","20",-1.77,2.51,9.24678298030497,9246.78298030497,2799.00120813831,1.82941255433877
"A1","G_h",3539.227,3.539227,"0HW","20",0.19,2.34,29.8157473139088,29815.7473139088,1762.36111852945,1.15187001211075
"A1","A_o",9940.1140653038,9.9401140653038,"0HW","20",-1.69,2.6,8.00235027094466,8002.35027094466,2876.04468737751,1.87976776952778
"A1","I_o",6368.112,6.368112,"0HW","20",-1.77,2.51,1.77038140527998,1770.38140527998,535.894451378251,0.350257811358334
"A1","G_h",4167.607,4.167607,"0HW","20",0.19,2.34,43.7053915746698,43705.3915746698,2583.35576735221,1.68846782179883
"A1","A_o",10434.0390667368,10.4340390667368,"0HW","20",-1.69,2.6,9.07771182897226,9077.71182897225,3262.52963133263,2.13237230806054
"A1","I_o",4684.69,4.68469,"0HW","20",-1.77,2.51,0.819235856956473,819.235856956473,247.982693900724,0.162080192091977
"A1","G_h",2969.948,2.969948,"0HW","20",0.19,2.34,19.7802737769707,19780.2737769707,1169.18033451869,0.764170153280192
"A1","A_o",16750.6450885348,16.7506450885348,"0HW","20",-1.69,2.6,31.0800705536368,31080.0705536368,11170.1773569771,7.3007695143641
"A1","I_o",3496.88,3.49688,"0HW","20",-1.77,2.51,0.39322274470091,393.22274470091,119.028524820966,0.0777964214516115
"A1","G_h",3009.782,3.009782,"0HW","20",0.19,2.34,20.4066631138552,20406.6631138552,1206.205205999,0.788369415685621
"A1","A_o",8618.4295879899,8.6184295879899,"0HW","20",-1.69,2.6,5.52221305490638,5522.21305490637,1984.68337193335,1.29717867446624
"A1","I_o",3525.42,3.52542,"0HW","20",-1.77,2.51,0.401327822350081,401.327822350081,121.48193182537,0.079399955441418
"A1","G_h",4146.928,4.146928,"0HW","20",0.19,2.34,43.1996271538657,43199.6271538657,2553.46084166155,1.66892865468075
"A1","A_o",10974.8355639741,10.9748355639741,"0HW","20",-1.69,2.6,10.3522525179381,10352.2525179381,3720.59955494696,2.43176441499801
"A1","I_o",3253.438,3.253438,"0HW","20",-1.77,2.51,0.328080004776482,328.080004776482,99.3098174458412,0.0649083774155825
"A1","G_h",3434.445,3.434445,"0HW","20",0.19,2.34,27.7910121536577,27791.0121536577,1642.68226278326,1.07364853776684
"A1","A_o",12482.5715882078,12.4825715882078,"0HW","20",-1.69,2.6,14.4674026973506,14467.4026973506,5199.58452942782,3.39842126106394
"A1","I_o",8883.184,8.883184,"0HW","20",-1.77,2.51,4.08232269389721,4082.32269389721,1235.71907944269,0.807659529047507
"A1","G_h",1506.972,1.506972,"0HW","20",0.19,2.34,4.04358082459942,4043.58082459942,239.009592812752,0.156215420139054
"A1","A_o",8982.21918765805,8.98221918765805,"0HW","20",-1.69,2.6,6.14890079898043,6148.90079898043,2209.91494715357,1.44438885434874
"A1","I_o",2729.943,2.729943,"0HW","20",-1.77,2.51,0.211225080326219,211.225080326219,63.9378318147466,0.0417894325586579
"A1","G_h",2125.29,2.12529,"0HW","20",0.19,2.34,9.03979506745409,9039.79506745409,534.327822765103,0.349233871088303
"A1","A_o",21351.6133068908,21.3516133068908,"0HW","20",-1.69,2.6,58.4143849335246,58414.3849335246,20994.1299451088,13.7216535588946
"A1","I_o",13929.794,13.929794,"0HW","20",-1.77,2.51,12.6270291125587,12627.0291125587,3822.20171237153,2.4981710538376
"A1","G_h",2315.256,2.315256,"0HW","20",0.19,2.34,11.0448978332125,11044.8978332125,652.84623908466,0.426696888290627
"A1","A_o",10871.804912557,10.871804912557,"0HW","20",-1.69,2.6,10.1014633325431,10101.4633325431,3630.465921716,2.37285354360523
"A1","I_o",9919.167,9.919167,"0HW","20",-1.77,2.51,5.38459145147788,5384.59145147788,1629.91583236236,1.06530446559631
"A1","G_h",3901.711,3.901711,"0HW","20",0.19,2.34,37.4573396801054,37457.3396801054,2214.04341674754,1.44708720048859
"A1","A_o",9035.40372689052,9.03540372689052,"0HW","20",-1.69,2.6,6.24401105505085,6244.01105505085,2244.09757318528,1.46673043999038
"A1","I_o",16501.359,16.501359,"0HW","20",-1.77,2.51,19.3185479035904,19318.5479035904,5847.72445041683,3.82204212445544
"A1","G_h",1438.88,1.43888,"0HW","20",0.19,2.34,3.6289209506757,3628.9209506757,214.499711120919,0.140195889621516
"A1","A_o",12018.9107653551,12.0189107653551,"0HW","20",-1.69,2.6,13.1114066723678,13111.4066723678,4712.23955804899,3.07989513597973
"A1","I_o",14309.58,14.30958,"0HW","20",-1.77,2.51,13.5090088541441,13509.0088541441,4089.17698014941,2.67266469290811
"A1","G_h",3511.54,3.51154,"0HW","20",0.19,2.34,29.2728111137488,29272.8111137488,1730.26902843591,1.13089478982739
"A1","A_o",8261.18256557603,8.26118256557604,"0HW","20",-1.69,2.6,4.94663392403953,4946.63392403953,1777.82023229981,1.16197400803909
"A1","I_o",11374.611,11.374611,"0HW","20",-1.77,2.51,7.5927788112281,7592.7788112281,2298.33414615875,1.50217918049591
"A1","G_h",4434.522,4.434522,"0HW","20",0.19,2.34,50.5384065023346,50538.4065023346,2987.2443469026,1.95244728555725
"A1","A_o",7966.36655088733,7.96636655088733,"0HW","20",-1.69,2.6,4.5006655595405,4500.6655595405,1617.53920209886,1.05721516477049
"A1","I_o",16121.743,16.121743,"0HW","20",-1.77,2.51,18.2223382608034,18222.3382608034,5515.90179154519,3.60516456963738
"A1","G_h",6188.857,6.188857,"0HW","20",0.19,2.34,110.247423385773,110247.423385773,6516.5488004556,4.25918222252
"A1","A_o",20654.7360855224,20.6547360855224,"0HW","20",-1.69,2.6,53.5859692420215,53585.9692420215,19258.7973455825,12.5874492454788
"A1","I_o",3440.096,3.440096,"0HW","20",-1.77,2.51,0.377391497334015,377.391497334015,114.236406243006,0.0746643178058865
"A1","G_h",3687.915,3.687915,"0HW","20",0.19,2.34,32.8297301118628,32829.7301118628,1940.51281934403,1.268309032251
"A1","A_o",11655.9542850981,11.6559542850981,"0HW","20",-1.69,2.6,12.1066607302977,12106.6607302977,4351.13386646899,2.84387834409738
"A1","I_o",8321.378,8.321378,"0HW","20",-1.77,2.51,3.46489500071494,3464.89500071494,1048.82371671641,0.685505697200269
"A1","G_h",4514.177,4.514177,"0HW","20",0.19,2.34,52.6882635577598,52688.2635577598,3114.31895767749,2.03550258671731
"A1","A_o",13122.7716210497,13.1227716210497,"0HW","20",-1.69,2.6,16.4765577149852,16476.5577149852,5921.67484276568,3.87037571422593
"A1","I_o",15335.682,15.335682,"0HW","20",-1.77,2.51,16.0736596096549,16073.6596096549,4865.49676384253,3.18006324434152
"A1","G_h",2843.01,2.84301,"0HW","20",0.19,2.34,17.8583539445438,17858.3539445438,1055.57872829567,0.68992073744815
"A1","A_o",13728.2767991875,13.7282767991875,"0HW","20",-1.69,2.6,18.526853636737,18526.853636737,6658.55119704329,4.35199424643352
"A1","I_o",4374.859,4.374859,"0HW","20",-1.77,2.51,0.689953451752104,689.953451752104,208.848909845362,0.136502555454485
"A1","G_h",2810.379,2.810379,"0HW","20",0.19,2.34,17.3824042742378,17382.4042742378,1027.44610480336,0.67153340183226
"A1","A_o",12543.1909895882,12.5431909895882,"0HW","20",-1.69,2.6,14.6507848718047,14650.7848718047,5265.4920829266,3.44149809341607
"A1","I_o",4684.031,4.684031,"0HW","20",-1.77,2.51,0.818946628443469,818.946628443469,247.895144429838,0.16202297021558
"A1","G_h",2162.051,2.162051,"0HW","20",0.19,2.34,9.40992768704642,9409.92768704642,556.205769697015,0.363533182808506
"A1","A_o",8577.02370801437,8.57702370801437,"0HW","20",-1.69,2.6,5.45349836626602,5453.49836626602,1959.98731283601,1.28103745936994
"A1","I_o",12591.312,12.591312,"0HW","20",-1.77,2.51,9.79891912980024,9798.91912980024,2966.13282059053,1.93864890234675
"A1","G_h",5848.281,5.848281,"0HW","20",0.19,2.34,96.5708517469409,96570.8517469409,5708.14853339888,3.73081603490123
"A1","A_o",7489.13534691314,7.48913534691314,"0HW","20",-1.69,2.6,3.83285479373315,3832.85479373315,1377.52801286769,0.900345106449472
"A1","I_o",11390.614,11.390614,"0HW","20",-1.77,2.51,7.61961992301501,7619.61992301501,2306.45895069664,1.50748951025924
"A1","G_h",1022.709,1.022709,"0HW","20",0.19,2.34,1.63237472646419,1632.37472646419,96.4870582817358,0.0630634367854482
"A1","A_o",11235.5113330635,11.2355113330635,"0HW","20",-1.69,2.6,11.0037670947843,11003.7670947843,3954.75389386548,2.58480646657874
"A1","I_o",4197.035,4.197035,"0HW","20",-1.77,2.51,0.621707208877155,621.707208877155,188.190772127115,0.123000504658245
"A1","G_h",1162.067,1.162067,"0HW","20",0.19,2.34,2.20110588056833,2201.10588056833,130.103846830985,0.0850351940071796
"A1","A_o",11097.3512078728,11.0973512078728,"0HW","20",-1.69,2.6,10.6554123253884,10655.4123253884,3829.55518974459,2.50297724819908
"A1","I_o",2066.584,2.066584,"0HW","20",-1.77,2.51,0.105023185583855,105.023185583855,31.7905182762328,0.0207781165204136
"A1","G_h",2441.391,2.441391,"0HW","20",0.19,2.34,12.5046452009015,12504.6452009015,739.129570392964,0.483091222479061
"A1","A_o",11824.8023749573,11.8248023749573,"0HW","20",-1.69,2.6,12.5679405342184,12567.9405342184,4516.91782799809,2.95223387450855
"A1","I_o",3346.21,3.34621,"0HW","20",-1.77,2.51,0.352069589413988,352.069589413988,106.571464715614,0.0696545521017086
"A1","G_h",3024.622,3.024622,"0HW","20",0.19,2.34,20.6428848386744,20642.8848386744,1220.1678941983,0.797495355685163
"A1","A_o",8599.34915075229,8.59934915075229,"0HW","20",-1.69,2.6,5.49048253713956,5490.48253713956,1973.27942384796,1.28972511362612
"A1","I_o",8832.463,8.832463,"0HW","20",-1.77,2.51,4.02406868879608,4024.06868879608,1218.08559209857,0.796134373920636
"A1","G_h",4209.085,4.209085,"0HW","20",0.19,2.34,44.7300320147104,44730.0320147104,2643.92062433831,1.72805269564595
"A1","A_o",14258.6614839707,14.2586614839707,"0HW","20",-1.69,2.6,20.4458312559482,20445.8312559482,7348.2317533878,4.80276585188745
"A1","I_o",2491.293,2.491293,"0HW","20",-1.77,2.51,0.167890556032591,167.890556032591,50.8204713110652,0.0332159943209576
"A1","G_h",4105.912,4.105912,"0HW","20",0.19,2.34,42.2064233544354,42206.4233544354,2494.75415420331,1.63055827072112
"A1","A_o",10776.3147934828,10.7763147934828,"0HW","20",-1.69,2.6,9.87239902095677,9872.39902095677,3548.14020813186,2.31904588766788
"A1","I_o",3505.973,3.505973,"0HW","20",-1.77,2.51,0.395794271046987,395.794271046987,119.806925845923,0.078305180291453
"A1","G_h",1996.23,1.99623,"0HW","20",0.19,2.34,7.80715411588597,7807.15411588597,461.468388343434,0.301613325714663
"A1","A_o",8567.7132903873,8.5677132903873,"0HW","20",-1.69,2.6,5.43812022446085,5438.12022446085,1954.46040867123,1.27742510370669
"A1","I_o",4196.553,4.196553,"0HW","20",-1.77,2.51,0.621528013659548,621.528013659548,188.136529734745,0.122965052114212
"A1","G_h",6510.819,6.510819,"0HW","20",0.19,2.34,124.138746542367,124138.746542367,7337.64268612484,4.79584489289205
"A1","A_o",8483.22527325258,8.48322527325258,"0HW","20",-1.69,2.6,5.29978924817846,5299.78924817846,1904.74425579534,1.24493088614074
"A1","I_o",6726.525,6.726525,"0HW","20",-1.77,2.51,2.03120992161808,2031.20992161808,614.847243273793,0.401860943316205
"A1","G_h",2878.071,2.878071,"0HW","20",0.19,2.34,18.3779691484222,18377.9691484222,1086.2923516126,0.709995001053985
"A1","A_o",9067.00958207351,9.06700958207351,"0HW","20",-1.69,2.6,6.30095813695261,6300.95813695261,2264.56435442077,1.48010742119005
"A1","I_o",5099.751,5.099751,"0HW","20",-1.77,2.51,1.01378980428182,1013.78980428182,306.874173756107,0.200571355396149
"A1","G_h",2548.353,2.548353,"0HW","20",0.19,2.34,13.824436334734,13824.436334734,817.140312647992,0.534078635717642
"A1","A_o",12573.3674679961,12.5733674679961,"0HW","20",-1.69,2.6,14.7426033775727,14742.6033775727,5298.49165389964,3.46306644045728
"A1","I_o",9951.098,9.951098,"0HW","20",-1.77,2.51,5.42820471815986,5428.20471815986,1643.11756818699,1.07393305110261
"A1","G_h",6538.269,6.538269,"0HW","20",0.19,2.34,125.366908305611,125366.908305611,7410.2373628914,4.84329239404666
"A1","A_o",13386.3124819877,13.3863124819877,"0HW","20",-1.69,2.6,17.350759602197,17350.759602197,6235.86300102958,4.07572745165332
"A1","I_o",6552.189,6.552189,"0HW","20",-1.77,2.51,1.90164700999855,1901.64700999855,575.628549926561,0.376227810409517
"A1","G_h",1795.486,1.795486,"0HW","20",0.19,2.34,6.09236527576483,6092.36527576484,360.109963666018,0.235365989324195
"A1","A_o",10983.5422680417,10.9835422680417,"0HW","20",-1.69,2.6,10.3736193213899,10373.6193213899,3728.27878410753,2.43678351902453
"A1","I_o",3810.177,3.810177,"0HW","20",-1.77,2.51,0.487721981132051,487.721981132051,147.633443688672,0.0964924468553411
"A1","G_h",5302.681,5.302681,"0HW","20",0.19,2.34,76.7926179648722,76792.6179648722,4539.08877971485,2.96672469262409
"A1","A_o",8523.92900303819,8.52392900303819,"0HW","20",-1.69,2.6,5.36615906234055,5366.15906234055,1928.59756700519,1.26052128562431
"A1","I_o",9671.106,9.671106,"0HW","20",-1.77,2.51,5.05295138562464,5052.95138562464,1529.52838442858,0.999691754528483
"A1","G_h",2977.175,2.977175,"0HW","20",0.19,2.34,19.8930883075117,19893.0883075117,1175.84862091573,0.768528510402435
"A1","A_o",10002.9286114649,10.0029286114649,"0HW","20",-1.69,2.6,8.13449582018742,8134.49582018742,2923.53779777536,1.91080901815383
"A1","I_o",10313.672,10.313672,"0HW","20",-1.77,2.51,5.93837230774113,5938.37230774113,1797.54529755324,1.17486620755114
"A1","G_h",3555.887,3.555887,"0HW","20",0.19,2.34,30.1452025455609,30145.2025455609,1781.83469014403,1.16459783669545
"A1","A_o",7681.42799607959,7.68142799607959,"0HW","20",-1.69,2.6,4.0940119522453,4094.0119522453,1471.38789563696,0.961691435056837
"A1","I_o",10590.76,10.59076,"0HW","20",-1.77,2.51,6.34697938143877,6346.97938143877,1921.23065876152,1.25570631291602
"A1","G_h",6051.908,6.051908,"0HW","20",0.19,2.34,104.623205628016,104623.205628016,6184.110287543,4.04190214872092
"A1","A_o",10408.8096359525,10.4088096359525,"0HW","20",-1.69,2.6,9.02075258311293,9020.75258311293,3242.05847837079,2.11899246952339
"A1","I_o",3220.816,3.220816,"0HW","20",-1.77,2.51,0.319885420526831,319.885420526831,96.8293167934719,0.0632871351591319
"A1","G_h",4028.411,4.028411,"0HW","20",0.19,2.34,40.3657502897838,40365.7502897838,2385.95491442866,1.55944765648932
"A1","A_o",11883.5051765497,11.8835051765497,"0HW","20",-1.69,2.6,12.730804682798,12730.804682798,4575.4512029976,2.99049098235137
"A1","I_o",5430.848,5.430848,"0HW","20",-1.77,2.51,1.18718334706745,1187.18334706745,359.360399157317,0.234876077880599
"A1","G_h",3962.065,3.962065,"0HW","20",0.19,2.34,38.8272413150032,38827.2413150032,2295.01611054373,1.50001052976715
"A1","A_o",10469.9242703922,10.4699242703922,"0HW","20",-1.69,2.6,9.1591085276606,9159.1085276606,3291.78360484122,2.1514925521838
"A1","I_o",5344.511,5.344511,"0HW","20",-1.77,2.51,1.14037849245768,1140.37849245768,345.192569666941,0.225616058605844
"A1","G_h",2552.215,2.552215,"0HW","20",0.19,2.34,13.8735109380432,13873.5109380432,820.041033930234,0.535974531980545
"A1","A_o",9009.97293072729,9.00997293072729,"0HW","20",-1.69,2.6,6.19842091019865,6198.42091019865,2227.7124751254,1.45602122557215
"A1","I_o",11347.302,11.347302,"0HW","20",-1.77,2.51,7.54710617352369,7547.10617352369,2284.50903872562,1.49314316256577
"A1","G_h",4261.731,4.261731,"0HW","20",0.19,2.34,46.0501785769312,46050.1785769312,2721.95237539668,1.77905384012855
"A1","A_o",11493.9164509363,11.4939164509363,"0HW","20",-1.69,2.6,11.673924854683,11673.924854683,4195.60859277308,2.74222783841378
"A1","I_o",11375.981,11.375981,"0HW","20",-1.77,2.51,7.59507442052799,7595.07442052799,2299.02902709382,1.50263335104172
"A1","G_h",2309.059,2.309059,"0HW","20",0.19,2.34,10.9758451199703,10975.8451199703,648.764643689251,0.424029178881863
"A1","A_o",8459.4682365878,8.4594682365878,"0HW","20",-1.69,2.6,5.26128668103888,5261.28668103888,1890.90643316537,1.23588655762443
"A1","I_o",7400.397,7.400397,"0HW","20",-1.77,2.51,2.5812501618363,2581.2501618363,781.344423987848,0.510682630057417
"A1","G_h",3145.66,3.14566,"0HW","20",0.19,2.34,22.6279684748713,22627.9684748713,1337.50301180009,0.874184975032735
"A1","A_o",10087.5490720018,10.0875490720018,"0HW","20",-1.69,2.6,8.31462596282936,8314.62596282936,2988.27657104087,1.95312194185678
"A1","I_o",14517.738,14.517738,"0HW","20",-1.77,2.51,14.0076852841276,14007.6852841276,4240.12633550544,2.77132440229114
"A1","G_h",3369.693,3.369693,"0HW","20",0.19,2.34,26.5803922531636,26580.3922531636,1571.12445745689,1.02687873036398
"A1","A_o",8687.57298058313,8.68757298058313,"0HW","20",-1.69,2.6,5.6381420232551,5638.1420232551,2026.34824315788,1.32441061644306
"A1","I_o",7312.391,7.312391,"0HW","20",-1.77,2.51,2.50489258812407,2504.89258812407,758.230986425157,0.495575808121018
"A1","G_h",2639.493,2.639493,"0HW","20",0.19,2.34,15.0092158778677,15009.2158778677,887.170735795354,0.57985015411461
"A1","A_o",8246.1980339393,8.2461980339393,"0HW","20",-1.69,2.6,4.92333941033437,4923.33941033437,1769.44818407417,1.15650208109423
"A1","I_o",13113.151,13.113151,"0HW","20",-1.77,2.51,10.8503744512962,10850.3744512962,3284.40834640737,2.14667212183488
"A1","G_h",4395.172,4.395172,"0HW","20",0.19,2.34,49.4952529774075,49495.2529774075,2925.58521108979,1.91214719679071
"A1","A_o",11109.3277630168,11.1093277630168,"0HW","20",-1.69,2.6,10.6853371129786,10685.3371129786,3840.31015840452,2.51000663948008
"A1","I_o",7136.33,7.13633,"0HW","20",-1.77,2.51,2.35625376076675,2356.25376076675,713.238013384095,0.466168636198755
"A1","G_h",4942.027,4.942027,"0HW","20",0.19,2.34,65.1235349360647,65123.5349360647,3849.34795241489,2.51591369438881
"A1","A_o",10378.7270785234,10.3787270785234,"0HW","20",-1.69,2.6,8.95312480770047,8953.12480770047,3217.75305588755,2.10310657247552
"A1","I_o",4230.061,4.230061,"0HW","20",-1.77,2.51,0.634059540770703,634.059540770703,191.929822991292,0.125444328752478
"A1","G_h",4885.165,4.885165,"0HW","20",0.19,2.34,63.3836747521687,63383.6747521687,3746.50760072109,2.44869777824908
"A1","A_o",8117.68452450248,8.11768452450248,"0HW","20",-1.69,2.6,4.72632563633804,4726.32563633804,1698.64143369989,1.11022315928098
"A1","I_o",3105.334,3.105334,"0HW","20",-1.77,2.51,0.291871627064074,291.871627064074,88.3495415122953,0.0577447983740492
"A1","G_h",1580.073,1.580073,"0HW","20",0.19,2.34,4.51756630691573,4517.56630691573,267.026116295698,0.174526873395881
"A1","A_o",11634.0476694128,11.6340476694128,"0HW","20",-1.69,2.6,12.0475900536468,12047.5900536468,4329.90386528065,2.83000252632722
"A1","I_o",10140.463,10.140463,"0HW","20",-1.77,2.51,5.69121561919257,5691.21561919257,1722.73096792959,1.12596795289516
"A1","G_h",1328.875,1.328875,"0HW","20",0.19,2.34,3.01267904656554,3012.67904656554,178.074638156015,0.116388652389552
"A1","A_o",9250.5456600985,9.2505456600985,"0HW","20",-1.69,2.6,6.63796736576251,6637.96736576251,2385.68547125504,1.5592715498399
"A1","I_o",5191.164,5.191164,"0HW","20",-1.77,2.51,1.0600211265315,1060.0211265315,320.868395001085,0.209717905229468
"A1","G_h",2073.68,2.07368,"0HW","20",0.19,2.34,8.53445257455012,8534.45257455012,504.457836557539,0.329711004285973
"A1","A_o",8978.97668442015,8.97897668442016,"0HW","20",-1.69,2.6,6.14313124589004,6143.13124589004,2207.84136977288,1.44303357501495
"A1","I_o",3666.571,3.666571,"0HW","20",-1.77,2.51,0.442886914528705,442.886914528705,134.061869027839,0.0876221366195026
"A1","G_h",14080.291,14.080291,"0HW","20",0.19,2.34,754.659798807136,754659.798807136,44606.7332518117,29.1547276155632
"A1","A_o",8837.30634883788,8.83730634883788,"0HW","20",-1.69,2.6,5.8942936271976,5894.2936271976,2118.40912961482,1.3845811304672
"A1","I_o",3467.519,3.467519,"0HW","20",-1.77,2.51,0.384988105697695,384.988105697695,116.535899594692,0.0761672546370538
"A1","G_h",2082.299,2.082299,"0HW","20",0.19,2.34,8.61768929629071,8617.68929629071,509.37782600087,0.332926683660699
"A1","A_o",9409.58406929731,9.40958406929731,"0HW","20",-1.69,2.6,6.93877986601449,6938.77986601449,2493.79748384561,1.62993299597752
"A1","I_o",12655.915,12.655915,"0HW","20",-1.77,2.51,9.92560090575037,9925.60090575037,3004.47939417064,1.96371202233375
"A1","G_h",3521.726,3.521726,"0HW","20",0.19,2.34,29.4718921266227,29471.8921266227,1742.03638857727,1.1385858748871
"A1","A_o",9958.21865432148,9.95821865432148,"0HW","20",-1.69,2.6,8.04030105777274,8040.30105777274,2889.68420016352,1.88868248376701
"A1","G_h",19491.335,19.491335,"0HW","20",0.19,2.34,1615.21117562789,1615211.17562789,95472.5482534839,62.4003583356104
"A1","A_o",9588.18567439688,9.58818567439688,"0HW","20",-1.69,2.6,7.28642891472103,7286.42891472103,2618.74255195074,1.71159643918349
"A1","G_h",16092.51,16.09251,"0HW","20",0.19,2.34,1031.5722793464,1031572.2793464,60974.5869165189,39.8526711872673
"A1","A_o",8962.2284984979,8.9622284984979,"0HW","20",-1.69,2.6,6.11338338310323,6113.38338310323,2197.1499878873,1.43604574371719
"A1","G_h",14059.67,14.05967,"0HW","20",0.19,2.34,752.076117867264,752076.117867264,44454.0160053454,29.0549124217944
"A1","A_o",8549.62315773933,8.54962315773933,"0HW","20",-1.69,2.6,5.40831687445739,5408.31687445739,1943.74908467999,1.27042423835293
"A1","G_h",16044.248,16.044248,"0HW","20",0.19,2.34,1024.34751282941,1024347.51282941,60547.5425273256,39.5735572074024
"A1","A_o",9490.19115992395,9.49019115992395,"0HW","20",-1.69,2.6,7.0943873526216,7094.3873526216,2549.7228145322,1.66648549969425
"A1","G_h",2708.811,2.708811,"0HW","20",0.19,2.34,15.9478509554967,15947.8509554967,942.65195341788,0.616112387854823
"A1","A_o",8611.00160740887,8.61100160740888,"0HW","20",-1.69,2.6,5.50984704381615,5509.84704381615,1980.23902754753,1.29427387421407
"A1","G_h",5527.582,5.527582,"0HW","20",0.19,2.34,84.6315614723765,84631.5614723765,5002.43618813382,3.26956613603518
"A1","A_o",10378.7823464876,10.3787823464876,"0HW","20",-1.69,2.6,8.95324876702826,8953.24876702826,3217.79760686996,2.10313569076468
"A1","G_h",4650.774,4.650774,"0HW","20",0.19,2.34,56.4948749897845,56494.8749897845,3339.32166884618,2.18256318225241
"A1","A_o",6181.92918769819,6.18192918769819,"0HW","20",-1.69,2.6,2.32767567283234,2327.67567283234,836.566636815944,0.546775579618264
"A1","G_h",3459.385,3.459385,"0HW","20",0.19,2.34,28.2655487460012,28265.5487460012,1670.73136149814,1.09198128202493
"A1","A_o",9431.42087380651,9.43142087380651,"0HW","20",-1.69,2.6,6.98072494688192,6980.72494688192,2508.87254590936,1.63978597771854
"A1","G_h",6437.65,6.43765,"0HW","20",0.19,2.34,120.898809878469,120898.809878469,7146.13521382048,4.67067661034019
"A1","A_o",8576.6049241233,8.5766049241233,"0HW","20",-1.69,2.6,5.45280608125527,5452.80608125527,1959.73850560314,1.28087484026349
"A1","G_h",16163.581,16.163581,"0HW","20",0.19,2.34,1042.26450154231,1042264.50154231,61606.5870629636,40.2657431784076
"A1","A_o",6984.78306769088,6.98478306769088,"0HW","20",-1.69,2.6,3.19740462085971,3197.40462085971,1149.14722073698,0.751076614860771
"A1","G_h",13910.346,13.910346,"0HW","20",0.19,2.34,733.517977467744,733517.977467744,43357.0740193544,28.337956875395
"A1","A_o",6497.45592452565,6.49745592452565,"0HW","20",-1.69,2.6,2.64930945598704,2649.30945598704,952.161818481743,0.62232798593578
"A1","G_h",14765.314,14.765314,"0HW","20",0.19,2.34,843.38891359323,843388.91359323,49851.3692602341,32.5825942877347
"A1","A_o",7291.76542746634,7.29176542746634,"0HW","20",-1.69,2.6,3.57573225296966,3575.73225296966,1285.1181717173,0.839946517462284
"A1","G_h",20926.801,20.926801,"0HW","20",0.19,2.34,1907.4126390972,1907412.6390972,112744.109236813,73.6889602854986
"A1","A_o",7356.5192158758,7.3565192158758,"0HW","20",-1.69,2.6,3.65888004621037,3658.88004621037,1315.00148860801,0.859478097129416
"A1","A_o",12315.245657351,12.315245657351,"0HW","20",-1.69,2.6,13.9685718565272,13968.5718565272,5020.30472523589,3.28124491845483
"A1","A_o",12983.1795683259,12.9831795683259,"0HW","20",-1.69,2.6,16.0247316613534,16024.7316613534,5759.2885590904,3.76424088829438
"A1","A_o",8307.91900302864,8.30791900302864,"0HW","20",-1.69,2.6,5.01972424158289,5019.72424158289,1804.08889242489,1.17914306694437
"A1","A_o",9134.94517673777,9.13494517673777,"0HW","20",-1.69,2.6,6.42444266695825,6424.44266695825,2308.9446945048,1.5091141794149
"A1","A_o",11967.3339455482,11.9673339455482,"0HW","20",-1.69,2.6,12.9656193187185,12965.6193187185,4659.84358314744,3.04564940074996
"A1","A_o",13241.2553620918,13.2412553620918,"0HW","20",-1.69,2.6,16.8661445857714,16866.1445857714,6061.69236412624,3.96189043406943
"A1","A_o",12520.85007084,12.52085007084,"0HW","20",-1.69,2.6,14.5830350451208,14583.0350451208,5241.14279521641,3.42558352628524
"A1","A_o",8747.8616463851,8.7478616463851,"0HW","20",-1.69,2.6,5.74043699889548,5740.43699889548,2063.11305740304,1.34843990679937
"A1","A_o",9710.97915008293,9.71097915008293,"0HW","20",-1.69,2.6,7.5315412031265,7531.5412031265,2706.83590840366,1.76917379634226
"A1","A_o",10009.143374359,10.009143374359,"0HW","20",-1.69,2.6,8.14764253421088,8147.64253421088,2928.26272679539,1.91389720705581
"A1","A_o",8588.67089099704,8.58867089099704,"0HW","20",-1.69,2.6,5.47277381494024,5472.77381494024,1966.91490908952,1.28556530005851
"A1","A_o",6852.9491067852,6.8529491067852,"0HW","20",-1.69,2.6,3.04285681788493,3042.85681788493,1093.60274034784,0.714773032907088
"A1","A_o",5448.06796024586,5.44806796024586,"0HW","20",-1.69,2.6,1.67583224563035,1675.83224563035,602.294109079548,0.393656280444149
"A1","A_o",10741.0917875206,10.7410917875206,"0HW","20",-1.69,2.6,9.78872014472345,9788.72014472345,3518.06602001361,2.29938955556445
"A1","A_o",9621.67423141954,9.62167423141954,"0HW","20",-1.69,2.6,7.35278193821893,7352.78193821893,2642.58982859588,1.72718289450711
"A1","A_o",11245.6455007796,11.2456455007796,"0HW","20",-1.69,2.6,11.0295910824147,11029.5910824147,3964.03503501986,2.5908725719084
"A1","A_o",8582.12068256424,8.58212068256424,"0HW","20",-1.69,2.6,5.46192842949688,5461.92842949688,1963.01707756118,1.2830176977524
"A1","A_o",6924.8542359443,6.9248542359443,"0HW","20",-1.69,2.6,3.12656638358704,3126.56638358704,1123.68795826118,0.734436574026915
"A1","A_o",8929.70860207735,8.92970860207735,"0HW","20",-1.69,2.6,6.05587561424748,6055.87561424748,2176.48169576054,1.42253705605264
"A1","A_o",13262.4402265503,13.2624402265503,"0HW","20",-1.69,2.6,16.9363937860611,16936.3937860611,6086.93992671038,3.97839210896103
"A1","A_o",10742.3149865549,10.7423149865549,"0HW","20",-1.69,2.6,9.79161873964676,9791.61873964676,3519.10777502905,2.30007044119545
"A1","A_o",10563.7639955512,10.5637639955512,"0HW","20",-1.69,2.6,9.37407867694421,9374.07867694421,3369.04387649375,2.20198946176062
"A1","A_o",10293.850133285,10.293850133285,"0HW","20",-1.69,2.6,8.76400036412539,8764.00036412539,3149.78173086666,2.05868086984749
"A1","A_o",9739.84101968232,9.73984101968232,"0HW","20",-1.69,2.6,7.58987908247138,7589.87908247138,2727.80254224021,1.78287747858837
"A1","A_o",10842.4027119878,10.8424027119878,"0HW","20",-1.69,2.6,10.0305879043159,10030.5879043159,3604.99329281114,2.35620476654323
"A1","A_o",11336.3819763074,11.3363819763074,"0HW","20",-1.69,2.6,11.2624694097873,11262.4694097873,4047.73150587756,2.6455761476324
"A1","A_o",12602.0320473395,12.6020320473395,"0HW","20",-1.69,2.6,14.8301487534617,14830.1487534617,5329.95546199413,3.4836310209112
"A1","A_o",15665.9901032355,15.6659901032355,"0HW","20",-1.69,2.6,26.1150225032202,26115.0225032202,9385.73908765735,6.13446999193291
"A1","A_o",18682.4725473453,18.6824725473453,"0HW","20",-1.69,2.6,41.2790141991357,41279.0141991357,14835.6777031694,9.69652137462051
"A1","A_o",14516.5379088538,14.5165379088538,"0HW","20",-1.69,2.6,21.4212069365423,21421.2069365423,7698.78177299332,5.03188351176034
"A1","A_o",9958.06318645436,9.95806318645436,"0HW","20",-1.69,2.6,8.03997469605,8039.97469605,2889.56690576037,1.88860582075841
"A1","A_o",11559.9230754141,11.5599230754141,"0HW","20",-1.69,2.6,11.8490315184464,11849.0315184464,4258.54192772963,2.78336073707819
"A1","A_o",8006.91832184328,8.00691832184328,"0HW","20",-1.69,2.6,4.56047454111624,4560.47454111624,1639.03455007718,1.07126441181515
"A1","A_o",8862.85776182061,8.86285776182061,"0HW","20",-1.69,2.6,5.9387060115893,5938.7060115893,2134.3709405652,1.39501368664392
"A1","A_o",7037.04477226261,7.03704477226261,"0HW","20",-1.69,2.6,3.25997910812279,3259.97910812279,1171.63649145933,0.765775484613942
"A1","A_o",11356.1314106183,11.3561314106183,"0HW","20",-1.69,2.6,11.3135542722629,11313.5542722629,4066.09140545129,2.65757608199431
"A1","A_o",13857.0782629977,13.8570782629977,"0HW","20",-1.69,2.6,18.9821911106426,18982.1911106426,6822.19948516495,4.45895391187251
"A1","A_o",7824.49990209637,7.82449990209637,"0HW","20",-1.69,2.6,4.29523700500966,4295.23700500966,1543.70817960047,1.00895959451011
"A1","A_o",12398.9687061706,12.3989687061706,"0HW","20",-1.69,2.6,14.2168200416943,14216.8200416943,5109.52512298492,3.33955890391171
"A1","A_o",10796.2710424314,10.7962710424314,"0HW","20",-1.69,2.6,9.92000350434532,9920.00350434532,3565.24925946171,2.33022827415798
"A1","A_o",13492.4193093383,13.4924193093383,"0HW","20",-1.69,2.6,17.7106115061203,17710.6115061203,6365.19377529964,4.16025736947689
"A1","A_o",11493.0819398525,11.4930819398525,"0HW","20",-1.69,2.6,11.6717212733286,11671.7212733286,4194.8166256343,2.74171021283288
"A1","A_o",6875.94554329286,6.87594554329286,"0HW","20",-1.69,2.6,3.06947650885429,3069.47650885429,1103.16985728223,0.721026050511262
"A1","A_o",6076.4386718816,6.0764386718816,"0HW","20",-1.69,2.6,2.22580805353592,2225.80805353591,799.955414440808,0.522846676105103
"A1","A_o",11302.2672880375,11.3022672880375,"0HW","20",-1.69,2.6,11.1745615437611,11174.5615437611,4016.13741882775,2.62492641753448
"A1","A_o",12533.3380461135,12.5333380461135,"0HW","20",-1.69,2.6,14.6208815637697,14620.8815637697,5254.74483401883,3.43447374772473
"A1","A_o",10276.7256551625,10.2767256551625,"0HW","20",-1.69,2.6,8.72614415996616,8726.14415996616,3136.17621109184,2.04978837326264
"A1","A_o",9737.90064089785,9.73790064089785,"0HW","20",-1.69,2.6,7.58594834865254,7585.94834865254,2726.38983650572,1.78195414150701
"A1","A_o",8736.28438031104,8.73628438031104,"0HW","20",-1.69,2.6,5.72070539084652,5720.70539084652,2056.02151747024,1.34380491337924
"A1","A_o",10659.1280510243,10.6591280510243,"0HW","20",-1.69,2.6,9.59569348371022,9595.69348371022,3448.69223804545,2.25404721440879
"A1","A_o",11393.3263545905,11.3933263545905,"0HW","20",-1.69,2.6,11.4101511588721,11410.1511588721,4100.80832649862,2.68026688006446
"A1","A_o",11467.4422825857,11.4674422825857,"0HW","20",-1.69,2.6,11.604142775134,11604.142775134,4170.52891338317,2.72583589110011
"A1","A_o",12165.3584805288,12.1653584805288,"0HW","20",-1.69,2.6,13.5308403072065,13530.8403072065,4862.98400641,3.17842091922223
"A1","A_o",9721.56040619897,9.72156040619898,"0HW","20",-1.69,2.6,7.55289671072665,7552.89671072665,2714.51107783516,1.77419024695108
"A1","A_o",12603.4136452334,12.6034136452334,"0HW","20",-1.69,2.6,14.8343763937464,14834.3763937464,5331.47487591246,3.48462410190357
"A1","A_o",6715.23664072811,6.71523664072811,"0HW","20",-1.69,2.6,2.88641940785331,2886.41940785331,1037.37913518248,0.678025578550641
"A1","A_o",13227.0905572519,13.2270905572519,"0HW","20",-1.69,2.6,16.8192741649205,16819.2741649205,6044.84713487242,3.95088048030877
"A1","A_o",10377.0045860123,10.3770045860123,"0HW","20",-1.69,2.6,8.9492619956852,8949.2619956852,3216.36476124926,2.10219919035899
"A1","A_o",9390.44450206945,9.39044450206945,"0HW","20",-1.69,2.6,6.90214360408455,6902.14360408455,2480.63041130799,1.62132706621437
"A1","A_o",8683.34022746582,8.68334022746582,"0HW","20",-1.69,2.6,5.63100257684782,5631.00257684782,2023.78232611911,1.32273354648308
"A1","A_o",13691.7276057461,13.6917276057461,"0HW","20",-1.69,2.6,18.3988827120055,18398.8827120055,6612.55844669478,4.32193362529071
"A1","A_o",12605.3955696693,12.6053955696693,"0HW","20",-1.69,2.6,14.8404423067569,14840.4423067569,5333.65496504843,3.48604899676368
"A1","A_o",9856.77010610935,9.85677010610935,"0HW","20",-1.69,2.6,7.82906738939772,7829.06738939772,2813.76681974954,1.83906328088205
"A1","A_o",15220.0577548314,15.2200577548314,"0HW","20",-1.69,2.6,24.2260372762859,24226.0372762859,8706.83779709715,5.69074365823343
"A1","A_o",15973.3894807445,15.9733894807445,"0HW","20",-1.69,2.6,27.468339798113,27468.339798113,9872.12132344183,6.45236687806655
"A1","A_o",12633.3960496445,12.6333960496445,"0HW","20",-1.69,2.6,14.9263042294034,14926.3042294034,5364.51374004759,3.50621813075006
"A1","A_o",9472.50081487838,9.47250081487838,"0HW","20",-1.69,2.6,7.06005514707074,7060.05514707074,2537.38381985722,1.6584207972923
"A1","A_o",11974.6996957321,11.9746996957321,"0HW","20",-1.69,2.6,12.9863780116853,12986.3780116853,4667.30425739971,3.05052565843118
"A1","A_o",11468.1077562928,11.4681077562928,"0HW","20",-1.69,2.6,11.6058937137131,11605.8937137131,4171.15820070849,2.72624719000555
"A1","A_o",13659.7078528687,13.6597078528687,"0HW","20",-1.69,2.6,18.2872191122774,18287.2191122774,6572.4265489525,4.29570362676634
"A1","A_o",9410.06400376669,9.41006400376669,"0HW","20",-1.69,2.6,6.9397000733566,6939.7000733566,2494.12820636436,1.63014915448651
"A1","A_o",9736.91681260347,9.73691681260348,"0HW","20",-1.69,2.6,7.58395583137292,7583.95583137292,2725.67372579543,1.78148609529113
"A1","A_o",11111.2293063976,11.1112293063976,"0HW","20",-1.69,2.6,10.6900930872994,10690.0930872994,3842.0194555754,2.51112382717346
"A1","A_o",13626.3296119785,13.6263296119785,"0HW","20",-1.69,2.6,18.1712629970158,18171.2629970158,6530.75192112747,4.26846530792645
"A1","A_o",11665.4108376071,11.6654108376071,"0HW","20",-1.69,2.6,12.1322150635522,12132.2150635522,4360.31809384065,2.84988110708539
"A1","A_o",13698.2046638279,13.6982046638279,"0HW","20",-1.69,2.6,18.4215212660091,18421.5212660091,6620.69474300368,4.32725146601548
"A1","A_o",10958.2905625897,10.9582905625897,"0HW","20",-1.69,2.6,10.3117247150735,10311.7247150735,3706.03386259741,2.42224435463883
"A1","A_o",17965.5317871332,17.9655317871332,"0HW","20",-1.69,2.6,37.2858630654006,37285.8630654006,13400.539185705,8.75852234359803
"A1","A_o",4618.221,4.618221,"0HW","20",-1.69,2.6,1.0905215460783,1090.5215460783,391.93344366054,0.256165649451333
"A1","A_o",3568.492,3.568492,"0HW","20",-1.69,2.6,0.557776600980508,557.776600980508,200.464910392395,0.131022817249931
"A1","A_o",6484.899,6.484899,"0HW","20",-1.69,2.6,2.63601794762536,2636.01794762536,947.384850376556,0.61920578455984
"A1","A_o",10136.586,10.136586,"0HW","20",-1.69,2.6,8.42012316694492,8420.12316694492,3026.1922662,1.97790344196079
"A1","A_o",4394.822,4.394822,"0HW","20",-1.69,2.6,0.958621916187274,958.621916187274,344.528716677706,0.225182167763207
"A1","A_o",6414.77,6.41477,"0HW","20",-1.69,2.6,2.56254105840086,2562.54105840086,920.97725638927,0.601945919208673
"A1","A_o",13197.867,13.197867,"0HW","20",-1.69,2.6,16.7228287919516,16722.8287919516,6010.18466782741,3.92822527308981
"A1","A_o",4713.297,4.713297,"0HW","20",-1.69,2.6,1.14985875950515,1149.85875950515,413.25923816615,0.270104077232778
"A1","A_o",11539.367,11.539367,"0HW","20",-1.69,2.6,11.794326971642,11794.326971642,4238.88111360814,2.77051053177003
"A1","A_o",5185.688,5.185688,"0HW","20",-1.69,2.6,1.47399699265457,1473.99699265457,529.754519160053,0.346244783764741
"A1","A_o",6162.973,6.162973,"0HW","20",-1.69,2.6,2.30916352694096,2309.16352694096,829.913371582581,0.542427040250053
"A1","A_o",3421.568,3.421568,"0HW","20",-1.69,2.6,0.500017790214654,500.017790214654,179.706393803147,0.117455159348462
"A1","A_o",4887.823,4.887823,"0HW","20",-1.69,2.6,1.26386365124966,1263.86365124966,454.232596259127,0.296884049842566
"A2","A_o",24602.6061293893,24.6026061293893,"0HW","20",-1.69,2.6,84.4405194325576,84440.5194325576,30347.9226840612,19.8352435843537
"A2","I_o",24628.876,24.628876,"0HW","20",-1.77,2.51,52.7868718385687,52786.8718385687,15978.5861055347,10.4435203304149
"A2","G_h",3207.904,3.207904,"0HW","20",0.19,2.34,23.6896142854676,23689.6142854676,1400.25519703113,0.915199475183746
"A2","A_o",22851.8148608797,22.8518148608797,"0HW","20",-1.69,2.6,69.6937465815606,69693.7465815606,25047.9325214129,16.3711977264136
"A2","I_o",2560.065,2.560065,"0HW","20",-1.77,2.51,0.179767008076407,179.767008076408,54.4154733447286,0.0355656688527638
"A2","G_h",1526.199,1.526199,"0HW","20",0.19,2.34,4.16533681956522,4165.33681956522,246.206394865589,0.16091921233045
"A2","A_o",20342.7025802684,20.3427025802684,"0HW","20",-1.69,2.6,51.5065532978127,51506.5532978127,18511.4552552339,12.098990362898
"A2","I_o",8601.143,8.601143,"0HW","20",-1.77,2.51,3.76474861435366,3764.74861435366,1139.58940556485,0.744829676839773
"A2","G_h",3267.919,3.267919,"0HW","20",0.19,2.34,24.7397213149817,24739.7213149817,1462.32534337447,0.955768198283965
"A2","A_o",19362.7577605039,19.3627577605039,"0HW","20",-1.69,2.6,45.3017262881235,45301.7262881235,16281.4404279516,10.6414643319945
"A2","I_o",7466.634,7.466634,"0HW","20",-1.77,2.51,2.63963213939386,2639.63213939386,799.016648594522,0.52223310365655
"A2","G_h",2279.002,2.279002,"0HW","20",0.19,2.34,10.6444349621255,10644.4349621255,629.175519515301,0.411225829748563
"A2","A_o",18544.4606019676,18.5444606019676,"0HW","20",-1.69,2.6,40.4908538136095,40490.8538136095,14552.4128606112,9.51138095464788
"A2","I_o",3436.033,3.436033,"0HW","20",-1.77,2.51,0.376273721455069,376.273721455069,113.898055484449,0.074443173519248
"A2","G_h",2596.501,2.596501,"0HW","20",0.19,2.34,14.4433879446244,14443.3879446244,853.725551986037,0.557990556853619
"A2","A_o",20507.9553863385,20.5079553863385,"0HW","20",-1.69,2.6,52.6015021288663,52601.5021288663,18904.9798651145,12.3561959902709
"A2","I_o",6224.952,6.224952,"0HW","20",-1.77,2.51,1.67217365749854,1672.17365749854,506.166966124809,0.330828082434516
"A2","G_h",1648.308,1.648308,"0HW","20",0.19,2.34,4.98734920206659,4987.34920206659,294.794231575433,0.192675968349956
"A2","A_o",18625.7796991659,18.6257796991659,"0HW","20",-1.69,2.6,40.9541202385208,40954.1202385208,14718.9108137244,9.62020314622509
"A2","I_o",3319.294,3.319294,"0HW","20",-1.77,2.51,0.345004499771211,345.004499771211,104.432862080746,0.0682567726017946
"A2","G_h",2319.893,2.319893,"0HW","20",0.19,2.34,11.0967298549782,11096.7298549782,655.909946959992,0.428699311738557
"A2","A_o",14021.1329249525,14.0211329249525,"0HW","20",-1.69,2.6,19.572039208758,19572.039208758,7034.19089162762,4.59751038668472
"A2","I_o",2510.614,2.510614,"0HW","20",-1.77,2.51,0.171177888547662,171.177888547662,51.8155468633773,0.0338663704989394
"A2","G_h",3203.924,3.203924,"0HW","20",0.19,2.34,23.6208956629501,23620.8956629501,1396.19334920392,0.912544672682302
"A2","A_o",16540.1131431527,16.5401131431527,"0HW","20",-1.69,2.6,30.0746123167577,30074.6123167577,10808.8156666427,7.06458540303446
"A2","I_o",12127.238,12.127238,"0HW","20",-1.77,2.51,8.91748466100209,8917.48466100209,2699.32260688533,1.76426314175512
"A2","G_h",2971.172,2.971172,"0HW","20",0.19,2.34,19.7993547552506,19799.3547552506,1170.30818061526,0.764907307591671
"A2","A_o",17901.2426108573,17.9012426108573,"0HW","20",-1.69,2.6,36.9399466648999,36939.9466648999,13276.216831365,8.67726590285295
"A2","I_o",14858.54,14.85854,"0HW","20",-1.77,2.51,14.8477315136694,14847.7315136694,4494.40832918774,2.93752178378284
"A2","G_h",2529.505,2.529505,"0HW","20",0.19,2.34,13.5863615884562,13586.3615884562,803.068095315103,0.524881108049087
"A2","A_o",14502.8960871766,14.5028960871766,"0HW","20",-1.69,2.6,21.3689071352745,21368.9071352745,7679.98522441765,5.01959818589389
"A2","I_o",3105.039,3.105039,"0HW","20",-1.77,2.51,0.291802036853836,291.802036853836,88.3284765556563,0.0577310304285335
"A2","G_h",3948.779,3.948779,"0HW","20",0.19,2.34,38.5232588140866,38523.2588140866,2277.04819128656,1.48826679169056
"A2","A_o",10412.0906111584,10.4120906111584,"0HW","20",-1.69,2.6,9.02814740146969,9028.14740146969,3244.71617608821,2.12072952685504
"A2","I_o",14802.596,14.802596,"0HW","20",-1.77,2.51,14.7078128367991,14707.8128367991,4452.0549456991,2.90983983379026
"A2","G_h",4549.843,4.549843,"0HW","20",0.19,2.34,53.6675292168977,53667.5292168977,3172.20178396408,2.07333449932293
"A2","A_o",10031.2895022717,10.0312895022717,"0HW","20",-1.69,2.6,8.19459675100001,8194.59675100001,2945.1380723094,1.92492684464667
"A2","I_o",6841.237,6.841237,"0HW","20",-1.77,2.51,2.11927803069593,2119.27803069593,641.505459891657,0.419284614308272
"A2","G_h",1506.861,1.506861,"0HW","20",0.19,2.34,4.04288391194818,4042.88391194818,238.968399420998,0.156188496353593
"A2","A_o",11086.9981957156,11.0869981957156,"0HW","20",-1.69,2.6,10.6295857508065,10629.5857508065,3820.27311883986,2.49691053518945
"A2","I_o",8288.465,8.288465,"0HW","20",-1.77,2.51,3.43059942773349,3430.59942773349,1038.44244677493,0.678720553447664
"A2","G_h",2872.036,2.872036,"0HW","20",0.19,2.34,18.2879201855649,18287.9201855649,1080.96970149644,0.706516144768917
"A2","A_o",11219.5707556258,11.2195707556258,"0HW","20",-1.69,2.6,10.9632225083744,10963.2225083744,3940.18216950977,2.57528246373187
"A2","I_o",19579.033,19.579033,"0HW","20",-1.77,2.51,29.6753608286786,29675.3608286786,8982.73172284103,5.87106648551701
"A2","G_h",3360.262,3.360262,"0HW","20",0.19,2.34,26.406640271028,26406.640271028,1560.85425579603,1.02016618025884
"A2","A_o",12303.4220692407,12.3034220692407,"0HW","20",-1.69,2.6,13.9337302687709,13933.7302687709,5007.78265859625,3.27306056117402
"A2","I_o",17112.826,17.112826,"0HW","20",-1.77,2.51,21.1659396605721,21165.9396605721,6406.92993525516,4.18753590539553
"A2","G_h",1999.732,1.999732,"0HW","20",0.19,2.34,7.83924077044685,7839.24077044685,463.364979155881,0.302852927552863
"A2","A_o",13162.7000095421,13.1627000095421,"0HW","20",-1.69,2.6,16.6072206880568,16607.2206880568,5968.63511528763,3.90106870280237
"A2","I_o",15484.219,15.484219,"0HW","20",-1.77,2.51,16.4672908352454,16467.2908352454,4984.64893582879,3.25794048093385
"A2","G_h",2718.092,2.718092,"0HW","20",0.19,2.34,16.0760044023363,16076.0044023363,950.226898615056,0.621063332428141
"A2","A_o",16896.8786881594,16.8968786881594,"0HW","20",-1.69,2.6,31.790463780088,31790.463780088,11425.4926825636,7.46764227618539
"A2","I_o",6108.108,6.108108,"0HW","20",-1.77,2.51,1.59450481690283,1594.50481690283,482.656608076487,0.315461835344109
"A2","G_h",3053.389,3.053389,"0HW","20",0.19,2.34,21.1052353697498,21105.2353697498,1247.49669432932,0.815357316555109
"A2","A_o",11943.1741668795,11.9431741668795,"0HW","20",-1.69,2.6,12.897673855225,12897.673855225,4635.42398356786,3.02968887814893
"A2","I_o",6791.841,6.791841,"0HW","20",-1.77,2.51,2.0810794030688,2081.0794030688,629.942735308925,0.411727277979689
"A2","G_h",2858.284,2.858284,"0HW","20",0.19,2.34,18.0836704939728,18083.6704939728,1068.89682902594,0.698625378448327
"A2","A_o",9295.66201108836,9.29566201108836,"0HW","20",-1.69,2.6,6.72246954756595,6722.46954756595,2416.0555553952,1.57912127803608
"A2","I_o",3688.82,3.68882,"0HW","20",-1.77,2.51,0.449663394167712,449.663394167712,136.113109414566,0.0889628166108277
"A2","G_h",4233.441,4.233441,"0HW","20",0.19,2.34,45.3380479030331,45338.0479030331,2679.85947067164,1.75154213769388
"A2","A_o",9853.46554824587,9.85346554824587,"0HW","20",-1.69,2.6,7.82224485672037,7822.24485672037,2811.3148015053,1.83746065457863
"A2","I_o",3457.46,3.45746,"0HW","20",-1.77,2.51,0.382191023497675,382.191023497675,115.689222812746,0.075613871119442
"A2","G_h",1114.321,1.114321,"0HW","20",0.19,2.34,1.99528132323628,1995.28132323628,117.937886566379,0.0770835859910975
"A2","A_o",9812.58535688032,9.81258535688032,"0HW","20",-1.69,2.6,7.73814678661296,7738.14678661296,2781.0899551087,1.81770585301222
"A2","I_o",2626.61,2.62661,"0HW","20",-1.77,2.51,0.191726851029003,191.726851029003,58.0357178064792,0.0379318417035812
"A2","G_h",2120.756,2.120756,"0HW","20",0.19,2.34,8.99473241953075,8994.73241953074,531.664241746591,0.347492968461824
"A2","A_o",10656.1575224291,10.6561575224291,"0HW","20",-1.69,2.6,9.58874220114802,9588.74220114802,3446.1939470926,2.25241434450497
"A2","I_o",3347.187,3.347187,"0HW","20",-1.77,2.51,0.352327660491948,352.327660491948,106.649582830913,0.069705609693407
"A2","G_h",3450.118,3.450118,"0HW","20",0.19,2.34,28.0886871211575,28088.6871211575,1660.27735383223,1.08514859727597
"A2","A_o",9026.52085623047,9.02652085623047,"0HW","20",-1.69,2.6,6.22806324150033,6228.06324150033,2238.36592899522,1.46298426731714
"A2","I_o",7105.219,7.105219,"0HW","20",-1.77,2.51,2.33055547939888,2330.55547939888,705.459143614041,0.461084407590876
"A2","G_h",4950.366,4.950366,"0HW","20",0.19,2.34,65.3809615740789,65380.9615740789,3864.56402910529,2.52585884255247
"A2","A_o",9103.72128370631,9.10372128370631,"0HW","20",-1.69,2.6,6.36750475467724,6367.50475467724,2288.481208831,1.49573935217712
"A2","I_o",5449.095,5.449095,"0HW","20",-1.77,2.51,1.19722063200914,1197.22063200914,362.398685309167,0.236861885822985
"A2","G_h",5767.342,5.767342,"0HW","20",0.19,2.34,93.472347758377,93472.347758377,5525.00092024125,3.61111171257598
"A2","A_o",9309.63369471614,9.30963369471614,"0HW","20",-1.69,2.6,6.74877178295844,6748.77178295844,2425.50857879526,1.58529972470279
"A2","I_o",6065.613,6.065613,"0HW","20",-1.77,2.51,1.56680695850351,1566.80695850351,474.272466339012,0.309982004143145
"A2","G_h",2898.939,2.898939,"0HW","20",0.19,2.34,18.6912970725749,18691.2970725749,1104.81266388459,0.722099780316724
"A2","A_o",8050.59900607007,8.05059900607007,"0HW","20",-1.69,2.6,4.62544272709628,4625.44272709628,1662.3841161184,1.08652556609046
"A2","I_o",3502.34,3.50234,"0HW","20",-1.77,2.51,0.394765638621665,394.765638621665,119.495558810778,0.078101672425345
"A2","G_h",2224.242,2.224242,"0HW","20",0.19,2.34,10.0555531773966,10055.5531773966,594.367659430829,0.388475594399234
"A2","A_o",10878.8256125295,10.8788256125295,"0HW","20",-1.69,2.6,10.1184325079142,10118.4325079142,3636.56464334437,2.37683963617279
"A2","I_o",3409.051,3.409051,"0HW","20",-1.77,2.51,0.368901211071724,368.901211071724,111.666396591411,0.0729845729355626
"A2","G_h",4489.325,4.489325,"0HW","20",0.19,2.34,52.0120114635657,52012.0114635657,3074.34677839303,2.00937697934185
"A2","A_o",7112.83447300398,7.11283447300398,"0HW","20",-1.69,2.6,3.35205414775185,3352.05414775185,1204.72826070201,0.787404091962101
"A2","I_o",5154.02,5.15402,"0HW","20",-1.77,2.51,1.04108624777259,1041.08624777259,315.136807200762,0.205971769412263
"A2","G_h",4035.476,4.035476,"0HW","20",0.19,2.34,40.5316010228235,40531.6010228235,2395.75808589746,1.56585495810291
"A2","A_o",9397.54182753178,9.39754182753178,"0HW","20",-1.69,2.6,6.91571512320177,6915.71512320177,2485.50801527872,1.62451504266583
"A2","I_o",2561.619,2.561619,"0HW","20",-1.77,2.51,0.180041028381108,180.041028381108,54.4984192909615,0.0356198818895173
"A2","G_h",1261.862,1.261862,"0HW","20",0.19,2.34,2.66911789697114,2669.11789697114,157.767288301329,0.103115874706751
"A2","A_o",11478.9156160391,11.4789156160391,"0HW","20",-1.69,2.6,11.6343532122412,11634.3532122412,4181.38654447947,2.73293238201273
"A2","I_o",15812.205,15.812205,"0HW","20",-1.77,2.51,17.3568541797993,17356.8541797993,5253.91976022526,3.43393448380736
"A2","G_h",1412.896,1.412896,"0HW","20",0.19,2.34,3.4774256861986,3477.4256861986,205.545068430101,0.134343181980458
"A2","A_o",10898.0065471224,10.8980065471224,"0HW","20",-1.69,2.6,10.1648826128504,10164.8826128504,3653.25881105843,2.38775085690094
"A2","I_o",8318.519,8.318519,"0HW","20",-1.77,2.51,3.46190776122424,3461.90776122424,1047.91947932258,0.684914692367698
"A2","G_h",3873.205,3.873205,"0HW","20",0.19,2.34,36.8200973267025,36820.0973267025,2176.37704082566,1.42246865413442
"A2","A_o",9417.83410223648,9.41783410223648,"0HW","20",-1.69,2.6,6.95460860365379,6954.60860365379,2499.48633215317,1.63365119748573
"A2","I_o",3389.474,3.389474,"0HW","20",-1.77,2.51,0.363606878406023,363.606878406023,110.063802093503,0.0719371255513093
"A2","G_h",4389.871,4.389871,"0HW","20",0.19,2.34,49.3556771232851,49355.6771232851,2917.33510567399,1.90675497102875
"A2","A_o",8970.34597364148,8.97034597364148,"0HW","20",-1.69,2.6,6.12779041658756,6127.79041658756,2202.32787572157,1.43942998413174
"A2","I_o",3676.076,3.676076,"0HW","20",-1.77,2.51,0.445774322452391,445.774322452391,134.935887406339,0.0881933904616594
"A2","G_h",3617.215,3.617215,"0HW","20",0.19,2.34,31.3758800561171,31375.8800561171,1854.57806870899,1.21214252856797
"A2","A_o",10786.4219408494,10.7864219408494,"0HW","20",-1.69,2.6,9.89649142716372,9896.49142716372,3556.79901892264,2.32470524112591
"A2","I_o",9815.759,9.815759,"0HW","20",-1.77,2.51,5.24480029252422,5244.80029252422,1587.60104854708,1.03764774414842
"A2","G_h",709.412,0.709412,"0HW","20",0.19,2.34,0.693589582103694,693.589582103694,40.996970454818,0.0267954055260248
"A2","A_o",8706.39254068597,8.70639254068597,"0HW","20",-1.69,2.6,5.6699526826702,5669.9526826702,2037.78099415167,1.33188300271351
"A2","I_o",21574.284,21.574284,"0HW","20",-1.77,2.51,37.8599767073496,37859.9767073496,11460.2149493147,7.49033656817957
"A2","G_h",5897.683,5.897683,"0HW","20",0.19,2.34,98.4905438997384,98490.5438997384,5821.6184650433,3.80497938891719
"A2","A_o",10441.3231971771,10.4413231971771,"0HW","20",-1.69,2.6,9.0941979130729,9094.1979130729,3268.4547299584,2.13624492154144
"A2","I_o",5978.975,5.978975,"0HW","20",-1.77,2.51,1.51123885519433,1511.23885519433,457.452001467325,0.298988236253154
"A2","G_h",2840.961,2.840961,"0HW","20",0.19,2.34,17.8282508522896,17828.2508522896,1053.79938267747,0.688757766455865
"A2","A_o",6910.4610393318,6.9104610393318,"0HW","20",-1.69,2.6,3.10969832175437,3109.69832175437,1117.62557683852,0.730474233227792
"A2","I_o",10921.421,10.921421,"0HW","20",-1.77,2.51,6.85615556540235,6856.15556540235,2075.35828964729,1.35644332656686
"A2","G_h",2063.209,2.063209,"0HW","20",0.19,2.34,8.43395235339758,8433.95235339758,498.517429285566,0.325828385153965
"A2","A_o",9907.43063905828,9.90743063905827,"0HW","20",-1.69,2.6,7.93411891793046,7934.11891793046,2851.52233910421,1.86374009091778
"A2","I_o",18067.616,18.067616,"0HW","20",-1.77,2.51,24.2561091253682,24256.1091253682,7342.32423224897,4.79890472696011
"A2","G_h",4974.502,4.974502,"0HW","20",0.19,2.34,66.129324572183,66129.324572183,3908.79856854242,2.55477030623688
"A2","A_o",6700.02420065596,6.70002420065596,"0HW","20",-1.69,2.6,2.86944936578962,2869.44936578962,1031.28010206479,0.674039282395286
"A2","I_o",3284.577,3.284577,"0HW","20",-1.77,2.51,0.336018673547493,336.018673547493,101.712852482826,0.0664789885508667
"A2","G_h",4131.311,4.131311,"0HW","20",0.19,2.34,42.8199012205388,42819.9012205388,2531.01584930409,1.65425872503536
"A2","A_o",7042.92469083607,7.04292469083607,"0HW","20",-1.69,2.6,3.26706605895245,3267.06605895245,1174.18354158751,0.767440223259811
"A2","I_o",2025.983,2.025983,"0HW","20",-1.77,2.51,0.0999207879619494,99.9207879619493,30.2460225160821,0.0197686421673739
"A2","G_h",4006.469,4.006469,"0HW","20",0.19,2.34,39.8531433172765,39853.1433172765,2355.65553645491,1.5396441414738
"A2","A_o",7211.54748322536,7.21154748322536,"0HW","20",-1.69,2.6,3.47435359076791,3474.35359076791,1248.68268052199,0.816132470929404
"A2","I_o",24180.849,24.180849,"0HW","20",-1.77,2.51,50.4096379289684,50409.6379289684,15258.9974010987,9.97320091575082
"A2","G_h",1575.674,1.575674,"0HW","20",0.19,2.34,4.48819071625357,4488.19071625357,265.289772132603,0.173392007929806
"A2","A_o",7850.20014131126,7.85020014131126,"0HW","20",-1.69,2.6,4.33201444448661,4332.01444448661,1556.92599134849,1.01759868715587
"A2","I_o",14292.346,14.292346,"0HW","20",-1.77,2.51,13.4682087372188,13468.2087372188,4076.82678475614,2.66459266977525
"A2","G_h",5569.634,5.569634,"0HW","20",0.19,2.34,86.1458533931909,86145.8533931909,5091.94356070608,3.328067686736
"A2","A_o",8496.07775546999,8.49607775546999,"0HW","20",-1.69,2.6,5.32069107191965,5320.69107191965,1912.25637124792,1.24984076552152
"A2","I_o",2196.565,2.196565,"0HW","20",-1.77,2.51,0.122398920852097,122.398920852097,37.0501533419299,0.0242157864979934
"A2","G_h",3064.915,3.064915,"0HW","20",0.19,2.34,21.2921313691224,21292.1313691224,1258.54381781863,0.822577658704989
"A2","A_o",11172.1459202821,11.1721459202821,"0HW","20",-1.69,2.6,10.8431423304154,10843.1423304154,3897.02535355129,2.54707539447797
"A2","I_o",25630.153,25.630153,"0HW","20",-1.77,2.51,58.3398769536549,58339.8769536549,17659.4807538713,11.542144283576
"A2","G_h",2837.216,2.837216,"0HW","20",0.19,2.34,17.7733059429995,17773.3059429995,1050.55167700119,0.686635083007314
"A2","A_o",8168.40452555232,8.16840452555232,"0HW","20",-1.69,2.6,4.80348918123207,4803.48918123207,1726.37401173481,1.12834902727765
"A2","I_o",14437.619,14.437619,"0HW","20",-1.77,2.51,13.8144595126871,13814.4595126871,4181.63689449038,2.73309600947084
"A2","G_h",3203.994,3.203994,"0HW","20",0.19,2.34,23.622103294388,23622.103294388,1396.264730366,0.912591327036603
"A2","A_o",6931.6020373528,6.9316020373528,"0HW","20",-1.69,2.6,3.13449379038829,3134.49379038829,1126.53706826555,0.736298737428464
"A2","I_o",2635.136,2.635136,"0HW","20",-1.77,2.51,0.193292772651144,193.292772651144,58.5097222815014,0.0382416485500009
"A2","G_h",6005.425,6.005425,"0HW","20",0.19,2.34,102.752493399465,102752.493399465,6073.53548085291,3.9696310332372
"A2","A_o",7370.81833666186,7.37081833666186,"0HW","20",-1.69,2.6,3.67739972887458,3677.39972887458,1321.65746255752,0.863828406900343
"A2","I_o",3134.101,3.134101,"0HW","20",-1.77,2.51,0.298705761789565,298.705761789565,90.4182340937012,0.0590968850285629
"A2","G_h",2390.471,2.390471,"0HW","20",0.19,2.34,11.902860447676,11902.860447676,703.559036485413,0.459842507506806
"A2","A_o",7967.02628584646,7.96702628584646,"0HW","20",-1.69,2.6,4.50163470301274,4501.63470301274,1617.88751226278,1.0574428184724
"A2","I_o",3694.031,3.694031,"0HW","20",-1.77,2.51,0.451259486184692,451.259486184692,136.596246468106,0.0892785924628145
"A2","G_h",3321.109,3.321109,"0HW","20",0.19,2.34,25.6922727062108,25692.2727062108,1518.62913202779,0.992568060148881
"A2","A_o",9272.36292724634,9.27236292724634,"0HW","20",-1.69,2.6,6.67874861209732,6678.74861209732,2400.34225118778,1.56885114456718
"A2","I_o",6409.798,6.409798,"0HW","20",-1.77,2.51,1.79961374526439,1799.61374526439,544.743080691532,0.356041229210151
"A2","G_h",1655.356,1.655356,"0HW","20",0.19,2.34,5.03739368145701,5037.39368145701,297.752280681033,0.194609333778453
"A2","A_o",7992.1384685236,7.9921384685236,"0HW","20",-1.69,2.6,4.53861975572546,4538.61975572546,1631.17994020773,1.06613067987433
"A2","I_o",2742.251,2.742251,"0HW","20",-1.77,2.51,0.2136235268556,213.6235268556,64.6638415791902,0.0422639487445688
"A2","G_h",4393.185,4.393185,"0HW","20",0.19,2.34,49.4429086242665,49442.9086242665,2922.49122012659,1.9101249804749
"A2","A_o",8175.29623206314,8.17529623206314,"0HW","20",-1.69,2.6,4.81403336059475,4814.03336059475,1730.16358979775,1.13082587568481
"A2","I_o",5254.447,5.254447,"0HW","20",-1.77,2.51,1.09275501846213,1092.75501846213,330.776944088487,0.216194081103586
"A2","G_h",5226.017,5.226017,"0HW","20",0.19,2.34,74.2197888425181,74219.7888425181,4387.0129668191,2.86732873648307
"A2","A_o",7031.50138705199,7.03150138705199,"0HW","20",-1.69,2.6,3.25330644535731,3253.30644535731,1169.23833646142,0.764208063046677
"A2","I_o",4204.876,4.204876,"0HW","20",-1.77,2.51,0.624626657430043,624.626657430043,189.074489204074,0.123578097519003
"A2","G_h",7676.977,7.676977,"0HW","20",0.19,2.34,182.534583990355,182534.583990355,10789.3272043355,7.05184784597091
"A2","A_o",8087.48536170131,8.08748536170131,"0HW","20",-1.69,2.6,4.68074648433896,4680.74648433896,1682.26028647142,1.0995165271055
"A2","I_o",4713.972,4.713972,"0HW","20",-1.77,2.51,0.832149518895363,832.149518895363,251.891659369626,0.164635071483416
"A2","G_h",4514.388,4.514388,"0HW","20",0.19,2.34,52.6940265391273,52694.0265391273,3114.65959828535,2.03572522763748
"A2","A_o",7749.67601434751,7.74967601434751,"0HW","20",-1.69,2.6,4.18925909511553,4189.25909511553,1505.61971878452,0.984065175676158
"A2","I_o",25575.37,25.57537,"0HW","20",-1.77,2.51,58.0273894313943,58027.3894313943,17564.8907808831,11.480320771819
"A2","G_h",4479.752,4.479752,"0HW","20",0.19,2.34,51.7528527902655,51752.8527902655,3059.02832386813,1.99936491756087
"A2","A_o",8142.63146235148,8.14263146235148,"0HW","20",-1.69,2.6,4.76418289244589,4764.18289244589,1712.24733154505,1.11911590297062
"A2","I_o",14688.268,14.688268,"0HW","20",-1.77,2.51,14.4243474790105,14424.3474790105,4366.24998189647,2.85375815810227
"A2","G_h",4372.421,4.372421,"0HW","20",0.19,2.34,48.8978105145446,48897.8105145446,2890.27134301791,1.88906623726661
"A2","A_o",8537.94070739417,8.53794070739417,"0HW","20",-1.69,2.6,5.38912366634497,5389.12366634497,1936.85104568438,1.26591571613358
"A2","I_o",12466.973,12.466973,"0HW","20",-1.77,2.51,9.55784883405139,9557.84883405139,2893.16084206736,1.89095479873683
"A2","G_h",4486.581,4.486581,"0HW","20",0.19,2.34,51.93765055462,51937.65055462,3069.9514240427,2.00650419872072
"A2","A_o",7754.50861586711,7.75450861586711,"0HW","20",-1.69,2.6,4.19605464552112,4196.05464552112,1508.06203960029,0.98566146379104
"A2","I_o",3148.872,3.148872,"0HW","20",-1.77,2.51,0.302251919744718,302.251919744718,91.4916561067262,0.0597984680436119
"A2","G_h",4138.62,4.13862,"0HW","20",0.19,2.34,42.9973798957052,42997.3798957052,2541.5063298273,1.66111524825314
"A2","A_o",9381.43840025193,9.38143840025193,"0HW","20",-1.69,2.6,6.88494573012507,6884.94573012507,2474.44949540695,1.61728725189997
"A2","I_o",2920.144,2.920144,"0HW","20",-1.77,2.51,0.250129383757165,250.129383757165,75.7141644632939,0.0494863820021529
"A2","G_h",1757.745,1.757745,"0HW","20",0.19,2.34,5.79691241478825,5796.91241478825,342.64621777827,0.223951776325666
"A2","A_o",6050.00870798746,6.05000870798746,"0HW","20",-1.69,2.6,2.20072409966924,2200.72409966924,790.940241421126,0.516954406157598
"A2","I_o",3482.801,3.482801,"0HW","20",-1.77,2.51,0.38926103927233,389.26103927233,117.829316587734,0.0770126252207413
"A2","G_h",3219.607,3.219607,"0HW","20",0.19,2.34,23.8923407132779,23892.3407132778,1412.23803181671,0.923031393344257
"A2","A_o",10210.6931490085,10.2106931490085,"0HW","20",-1.69,2.6,8.58111228889668,8581.11228889668,3084.05175662947,2.0157201023722
"A2","I_o",7835.646,7.835646,"0HW","20",-1.77,2.51,2.97939281383174,2979.39281383174,901.862204746869,0.589452421403182
"A2","G_h",1610.977,1.610977,"0HW","20",0.19,2.34,4.72703758742872,4727.03758742872,279.407628532772,0.182619365054099
"A2","A_o",12870.2573654067,12.8702573654067,"0HW","20",-1.69,2.6,15.6648702490403,15664.8702490403,5629.95436750509,3.67970873693143
"A2","I_o",3115.835,3.115835,"0HW","20",-1.77,2.51,0.294355308917274,294.355308917274,89.1013520092587,0.0582361777838292
"A2","G_h",4612.346,4.612346,"0HW","20",0.19,2.34,55.4086024984107,55408.6024984107,3275.11383991706,2.14059728099154
"A2","A_o",12032.6616546231,12.0326616546231,"0HW","20",-1.69,2.6,13.1504445071487,13150.4445071487,4726.26975586925,3.08906519991454
"A2","I_o",3343.203,3.343203,"0HW","20",-1.77,2.51,0.35127601480782,351.27601480782,106.331249682327,0.0694975488119785
"A2","G_h",2977.664,2.977664,"0HW","20",0.19,2.34,19.9007349424138,19900.7349424138,1176.30060127017,0.768823922398806
"A2","A_o",9969.66042063699,9.96966042063699,"0HW","20",-1.69,2.6,8.06434225980382,8064.34225980382,2898.32460817349,1.89432980926372
"A2","I_o",3327.446,3.327446,"0HW","20",-1.77,2.51,0.347135197318993,347.135197318993,105.077824228459,0.068678316489189
"A2","G_h",6647.693,6.647693,"0HW","20",0.19,2.34,130.33169231198,130331.69231198,7703.69780185342,5.03509660251858
"A2","A_o",11350.2087582851,11.3502087582851,"0HW","20",-1.69,2.6,11.2982195108576,11298.2195108576,4060.58009220223,2.65397391647205
"A2","I_o",2634.726,2.634726,"0HW","20",-1.77,2.51,0.193217294867052,193.217294867052,58.4868751562568,0.0382267157884031
"A2","G_h",6330.059,6.330059,"0HW","20",0.19,2.34,116.223554521262,116223.554521262,6869.78835006457,4.49005774514024
"A2","A_o",13852.670757924,13.852670757924,"0HW","20",-1.69,2.6,18.9664972307307,18966.4972307307,6816.5591047246,4.45526738870889
"A2","G_h",4379.724,4.379724,"0HW","20",0.19,2.34,49.0891349420181,49089.1349420181,2901.58022380678,1.89645766261881
"A2","A_o",13922.5802473898,13.9225802473898,"0HW","20",-1.69,2.6,19.2163675740193,19216.3675740193,6906.36250610254,4.51396242228924
"A2","G_h",4341.424,4.341424,"0HW","20",0.19,2.34,48.0905068632554,48090.5068632554,2842.55291587605,1.8578777227948
"A2","A_o",10786.8670641847,10.7868670641847,"0HW","20",-1.69,2.6,9.89755329849525,9897.55329849525,3557.18065547919,2.32495467678379
"A2","G_h",4256.856,4.256856,"0HW","20",0.19,2.34,45.927009176108,45927.009176108,2714.67202918506,1.77429544391181
"A2","A_o",11454.1248508785,11.4541248508785,"0HW","20",-1.69,2.6,11.5691372378727,11569.1372378727,4157.94792329146,2.71761302175912
"A2","G_h",3188.795,3.188795,"0HW","20",0.19,2.34,23.3607211233255,23360.7211233255,1380.81484844597,0.902493364997368
"A2","A_o",13620.1482297145,13.6201482297145,"0HW","20",-1.69,2.6,18.1498386521549,18149.8386521549,6523.05201158446,4.2634326873101
"A2","G_h",2257.114,2.257114,"0HW","20",0.19,2.34,10.4067513303474,10406.7513303474,615.126420334706,0.402043411983468
"A2","A_o",11498.7737024895,11.4987737024895,"0HW","20",-1.69,2.6,11.6867558283244,11686.7558283244,4200.22004469978,2.7452418592809
"A2","G_h",1028.929,1.028929,"0HW","20",0.19,2.34,1.65570078360077,1655.70078360077,97.865824197388,0.0639645909786849
"A2","A_o",13805.19177034,13.80519177034,"0HW","20",-1.69,2.6,18.7979441125443,18797.9441125443,6755.98111404844,4.41567393075061
"A2","G_h",3807.58,3.80758,"0HW","20",0.19,2.34,35.3768162999615,35376.8162999615,2091.06700858465,1.36671046312722
"A2","A_o",10741.8979841575,10.7418979841575,"0HW","20",-1.69,2.6,9.79063051649359,9790.63051649359,3518.7526076278,2.29983830563908
"A2","G_h",2598.462,2.598462,"0HW","20",0.19,2.34,14.4689263488224,14468.9263488224,855.235086196735,0.558977180520742
"A2","A_o",12244.9500791564,12.2449500791564,"0HW","20",-1.69,2.6,13.7622121747675,13762.2121747675,4946.13905561143,3.23277062458263
"A2","G_h",3962.192,3.962192,"0HW","20",0.19,2.34,38.8301536668655,38830.1536668655,2295.18825500255,1.50012304248533
"A2","A_o",12145.2380489578,12.1452380489578,"0HW","20",-1.69,2.6,13.472732340458,13472.732340458,4842.10000316061,3.16477124389582
"A2","G_h",5766.343,5.766343,"0HW","20",0.19,2.34,93.434465279735,93434.465279735,5522.76174754069,3.60964820100699
"A2","A_o",10538.3785412228,10.5383785412228,"0HW","20",-1.69,2.6,9.3156221674659,9315.6221674659,3348.03460698725,2.18825791306356
"A2","G_h",975.256,0.975256,"0HW","20",0.19,2.34,1.46062118781618,1460.62118781618,86.3349814179141,0.0564280924300092
"A2","A_o",10665.1435818241,10.6651435818241,"0HW","20",-1.69,2.6,9.6097798197572,9609.7798197572,3453.75486722074,2.2573561223665
"A2","G_h",2530.103,2.530103,"0HW","20",0.19,2.34,13.5938787425731,13593.8787425731,803.51242226751,0.525171517821902
"A2","A_o",10402.9209217807,10.4029209217807,"0HW","20",-1.69,2.6,9.00748966932126,9007.48966932126,3237.29178715406,2.11587698506801
"A2","G_h",3016.042,3.016042,"0HW","20",0.19,2.34,20.5061193604815,20506.1193604815,1212.08390560708,0.792211703011166
"A2","A_o",12429.7783882793,12.4297783882793,"0HW","20",-1.69,2.6,14.3088523610164,14308.8523610164,5142.60153854928,3.361177476176
"A2","G_h",4668.262,4.668262,"0HW","20",0.19,2.34,56.9932233686259,56993.2233686259,3368.77824416209,2.20181584585757
"A2","A_o",13082.4711781513,13.0824711781513,"0HW","20",-1.69,2.6,16.3453206712174,16345.3206712174,5874.50824923554,3.83954787531735
"A2","G_h",2485.827,2.485827,"0HW","20",0.19,2.34,13.0437332268298,13043.7332268298,770.994201064749,0.503917778473692
"A2","A_o",9073.69478410981,9.07369478410981,"0HW","20",-1.69,2.6,6.31304424672543,6313.04424672543,2268.90810227312,1.48294647207393
"A2","G_h",3238.603,3.238603,"0HW","20",0.19,2.34,24.2235087455082,24223.5087455082,1431.812844333,0.93582538845294
"A2","A_o",15466.8781119892,15.4668781119892,"0HW","20",-1.69,2.6,25.260789736672,25260.789736672,9078.72783135993,5.93380904010453
"A2","G_h",3724.551,3.724551,"0HW","20",0.19,2.34,33.597965938039,33597.965938039,1985.92200985199,1.29798824173332
"A2","A_o",13340.9928616271,13.3409928616271,"0HW","20",-1.69,2.6,17.19844550585,17198.44550585,6181.12131480248,4.03994857176633
"A2","G_h",1723.209,1.723209,"0HW","20",0.19,2.34,5.53389370330393,5533.89370330393,327.09960257237,0.213790589916582
"A2","A_o",9390.78848354314,9.39078848354314,"0HW","20",-1.69,2.6,6.90280098784003,6902.80098784003,2480.86667502971,1.62148148694752
"A2","G_h",2042.379,2.042379,"0HW","20",0.19,2.34,8.23605099666077,8236.05099666076,486.819796731023,0.318182873680407
"A2","A_o",15673.7888153354,15.6737888153354,"0HW","20",-1.69,2.6,26.1488369068875,26148.8369068875,9397.89198433537,6.1424130616571
"A2","G_h",2835.203,2.835203,"0HW","20",0.19,2.34,17.7438122627008,17743.8122627008,1048.80835274863,0.685495655391258
"A2","A_o",11830.1077712176,11.8301077712176,"0HW","20",-1.69,2.6,12.5826067229583,12582.6067229583,4522.18885623123,2.9556789910008
"A2","G_h",3052.124,3.052124,"0HW","20",0.19,2.34,21.0847806334527,21084.7806334527,1246.28764759438,0.814567089930966
"A2","A_o",12500.1240618072,12.5001240618072,"0HW","20",-1.69,2.6,14.5203552125166,14520.3552125166,5218.61566337847,3.41085991070488
"A2","G_h",15590.369,15.590369,"0HW","20",0.19,2.34,957.820136032919,957820.136032919,56615.2157286882,37.0034089729988
"A2","A_o",15947.6049578149,15.9476049578149,"0HW","20",-1.69,2.6,27.3532049584002,27353.2049584002,9830.74186204902,6.42532147846341
"A2","G_h",15404.48,15.40448,"0HW","20",0.19,2.34,931.309600318402,931309.600318402,55048.2203794602,35.9792290061832
"A2","A_o",12211.4632139016,12.2114632139016,"0HW","20",-1.69,2.6,13.6645720324412,13664.5720324412,4911.04718845938,3.20983476369894
"A2","G_h",16100.522,16.100522,"0HW","20",0.19,2.34,1032.7744815697,1032774.4815697,61045.6471664146,39.8991157950422
"A2","A_o",13846.9462095295,13.8469462095295,"0HW","20",-1.69,2.6,18.9461256555558,18946.1256555558,6809.23756060676,4.45048206575605
"A2","G_h",21092.901,21.092901,"0HW","20",0.19,2.34,1943.02762593821,1943027.62593821,114849.254125006,75.0648719771281
"A2","A_o",14440.984299846,14.440984299846,"0HW","20",-1.69,2.6,21.1325385138328,21132.5385138328,7595.0343418715,4.96407473324935
"A2","G_h",19296.667,19.296667,"0HW","20",0.19,2.34,1577.71511960748,1577715.11960748,93256.2163758068,60.9517754090241
"A2","A_o",11401.8840004449,11.4018840004449,"0HW","20",-1.69,2.6,11.4324472864824,11432.4472864824,4108.82155476177,2.68550428415802
"A2","G_h",17501.712,17.501712,"0HW","20",0.19,2.34,1255.47609313052,1255476.09313052,74209.1831031962,48.5027340543766
"A2","A_o",11373.9681125778,11.3739681125778,"0HW","20",-1.69,2.6,11.3598138956698,11359.8138956698,4082.71711410374,2.66844255823774
"A2","G_h",17400.572,17.400572,"0HW","20",0.19,2.34,1238.56455746574,1238564.55746574,73209.5692885081,47.8493916918353
"A2","A_o",9647.24280814548,9.64724280814548,"0HW","20",-1.69,2.6,7.40369201148568,7403.69201148568,2660.88690892795,1.73914177054115
"A2","G_h",14261.903,14.261903,"0HW","20",0.19,2.34,777.634104921443,777634.104921443,45964.7077273386,30.0422926322475
"A2","A_o",11792.0651079569,11.7920651079569,"0HW","20",-1.69,2.6,12.4776746631958,12477.6746631958,4484.47627395257,2.93103024441345
"A2","G_h",16482.105,16.482105,"0HW","20",0.19,2.34,1090.96209887995,1090962.09887995,64485.0241254356,42.147074591788
"A2","A_o",11413.542550528,11.413542550528,"0HW","20",-1.69,2.6,11.4628656372736,11462.8656372736,4119.75391003613,2.6926496144027
"A2","G_h",14483.707,14.483707,"0HW","20",0.19,2.34,806.229285899908,806229.285899908,47654.9231226861,31.147008576919
"A2","A_o",11445.4666871773,11.4454666871773,"0HW","20",-1.69,2.6,11.5464137216318,11546.4137216318,4149.78109155446,2.71227522323821
"A2","G_h",14435.091,14.435091,"0HW","20",0.19,2.34,799.911040377391,799911.040377391,47281.461739043,30.9029161693091
"A2","A_o",12271.4532640224,12.2714532640224,"0HW","20",-1.69,2.6,13.8397929856151,13839.7929856151,4974.02159903007,3.25099450916998
"A2","G_h",16030.959,16.030959,"0HW","20",0.19,2.34,1022.36326891429,1022363.26891429,60430.2570442936,39.4969000289501
"A2","A_o",13913.1475151549,13.9131475151549,"0HW","20",-1.69,2.6,19.1825356265448,19182.5356265448,6894.20330418019,4.50601523149032
"A2","G_h",17966.074,17.966074,"0HW","20",0.19,2.34,1334.81307142098,1334813.07142098,78898.66495078,51.5677548697908
"A2","A_o",14933.4692480431,14.9334692480431,"0HW","20",-1.69,2.6,23.0577991103735,23057.7991103735,8286.97300026823,5.41632222239754
"A2","G_h",19364.117,19.364117,"0HW","20",0.19,2.34,1590.64993985338,1590649.93985338,94020.7729048296,61.4514855587122
"A2","A_o",13234.4320937804,13.2344320937804,"0HW","20",-1.69,2.6,16.8435568134302,16843.5568134302,6053.57431874681,3.95658452205674
"A2","A_o",9802.76210400085,9.80276210400084,"0HW","20",-1.69,2.6,7.71802185999993,7718.02185999993,2773.85705648397,1.81297846829018
"A2","A_o",14577.7631582999,14.5777631582999,"0HW","20",-1.69,2.6,21.6569011452911,21656.9011452911,7783.49027161762,5.08724854354093
"A2","A_o",10262.7777538786,10.2627777538786,"0HW","20",-1.69,2.6,8.69538473906815,8695.38473906815,3125.12127522109,2.04256292498111
"A2","A_o",16932.8246153581,16.9328246153582,"0HW","20",-1.69,2.6,31.9666014415506,31966.6014415506,11488.7965580933,7.50901735823089
"A2","A_o",6535.41478712502,6.53541478712502,"0HW","20",-1.69,2.6,2.68973941250957,2689.73941250957,966.692344855939,0.631825061997346
"A2","A_o",10991.9524487618,10.9919524487618,"0HW","20",-1.69,2.6,10.3942841853435,10394.2841853435,3735.70573621247,2.44163773608658
"A2","A_o",10990.4266247345,10.9904266247345,"0HW","20",-1.69,2.6,10.390533165919,10390.533165919,3734.35761983128,2.44075661426881
"A2","A_o",14016.8813807992,14.0168813807992,"0HW","20",-1.69,2.6,19.556612699825,19556.612699825,7028.64660431712,4.59388666948831
"A2","A_o",9116.40852772543,9.11640852772543,"0HW","20",-1.69,2.6,6.39060278932385,6390.60278932385,2296.78264248299,1.50116512580588
"A2","A_o",8428.42024402093,8.42842024402093,"0HW","20",-1.69,2.6,5.21122796807926,5211.22796807926,1872.91533172769,1.22412766779587
"A2","A_o",11015.7191272607,11.0157191272607,"0HW","20",-1.69,2.6,10.4528187619707,10452.8187619707,3756.74306305227,2.45538762290998
"A2","A_o",12118.9718750374,12.1189718750374,"0HW","20",-1.69,2.6,13.3971068682558,13397.1068682558,4814.92020845114,3.14700667219029
"A2","A_o",12898.6655242265,12.8986655242265,"0HW","20",-1.69,2.6,15.7549283017488,15754.9283017488,5662.32123164851,3.70086355009707
"A2","A_o",13133.845790943,13.133845790943,"0HW","20",-1.69,2.6,16.5127335522105,16512.7335522105,5934.67643866444,3.87887348932316
"A2","A_o",10297.0235814093,10.2970235814093,"0HW","20",-1.69,2.6,8.77102682124171,8771.02682124171,3152.30703955427,2.06033139840148
"A2","A_o",13454.9588469497,13.4549588469497,"0HW","20",-1.69,2.6,17.5830484104668,17583.0484104668,6319.34759872178,4.13029254818417
"A2","A_o",8919.85706964414,8.91985706964414,"0HW","20",-1.69,2.6,6.0385202628094,6038.52026280941,2170.2441824537,1.41846024996974
"A2","A_o",16363.9552592508,16.3639552592508,"0HW","20",-1.69,2.6,29.2488999479921,29248.8999479921,10512.0546413084,6.87062394856755
"A2","A_o",12795.4823936701,12.7954823936701,"0HW","20",-1.69,2.6,15.4293391489929,15429.3391489929,5545.30449014805,3.62438201970461
"A2","A_o",13324.394568075,13.324394568075,"0HW","20",-1.69,2.6,17.1428671801046,17142.8671801046,6161.14646452961,4.02689311407164
"A2","A_o",13340.0209202929,13.3400209202929,"0HW","20",-1.69,2.6,17.1951879705513,17195.1879705513,6179.95055661613,4.03918337033734
"A2","A_o",14555.5128897959,14.5555128897959,"0HW","20",-1.69,2.6,21.5710623586824,21571.0623586824,7752.63981171047,5.06708484425521
"A2","A_o",12252.7056128052,12.2527056128052,"0HW","20",-1.69,2.6,13.7848866001872,13784.8866001872,4954.2882441073,3.2380968915734
"A2","A_o",9775.73649365906,9.77573649365906,"0HW","20",-1.69,2.6,7.66282072429365,7662.82072429365,2754.01776831114,1.80001161327525
"A2","A_o",10910.6515329698,10.9106515329698,"0HW","20",-1.69,2.6,10.1955763687986,10195.5763687986,3664.2901469462,2.39496088035699
"A2","A_o",11797.4244581311,11.7974244581311,"0HW","20",-1.69,2.6,12.4924244982145,12492.4244982145,4489.77736465829,2.93449500958058
"A2","A_o",12825.5629503878,12.8255629503878,"0HW","20",-1.69,2.6,15.5238248898156,15523.8248898156,5579.26266539974,3.64657690549003
"A2","A_o",10976.8539982807,10.9768539982807,"0HW","20",-1.69,2.6,10.357203469739,10357.203469739,3722.37892702418,2.43292740328378
"A2","A_o",11295.5362436286,11.2955362436286,"0HW","20",-1.69,2.6,11.1572668139112,11157.2668139113,4009.9216929197,2.62086385158151
"A2","A_o",12248.5433068322,12.2485433068322,"0HW","20",-1.69,2.6,13.7727146402234,13772.7146402235,4949.91364169631,3.23523767431131
"A2","A_o",11139.9923981847,11.1399923981847,"0HW","20",-1.69,2.6,10.7621917510404,10762.1917510404,3867.93171532393,2.52805994465616
"A2","A_o",9218.01702533447,9.21801702533447,"0HW","20",-1.69,2.6,6.57744939416645,6577.44939416645,2363.93531226342,1.5450557596493
"A2","A_o",11779.5678859246,11.7795678859246,"0HW","20",-1.69,2.6,12.4433218479909,12443.3218479909,4472.12987216794,2.92296070076336
"A2","A_o",8567.67765581042,8.56767765581042,"0HW","20",-1.69,2.6,5.43806141768233,5438.06141768233,1954.43927351503,1.2774112898791
"A2","A_o",9219.98406116958,9.21998406116958,"0HW","20",-1.69,2.6,6.58109928407929,6581.09928407929,2365.2470826981,1.54591312594647
"A2","A_o",12800.7083412648,12.8007083412648,"0HW","20",-1.69,2.6,15.4457288468905,15445.7288468905,5551.19494757245,3.62823199187742
"A2","A_o",10980.1096737531,10.9801096737531,"0HW","20",-1.69,2.6,10.3651922802003,10365.1922802003,3725.25010550397,2.43480399052547
"A2","A_o",13864.0242117868,13.8640242117868,"0HW","20",-1.69,2.6,19.0069398871352,19006.9398871352,6831.09419543638,4.46476744799763
"A2","A_o",14924.7841347525,14.9247841347525,"0HW","20",-1.69,2.6,23.022949021705,23022.949021705,8274.44787840079,5.40813586823581
"A2","A_o",13641.5823305779,13.6415823305779,"0HW","20",-1.69,2.6,18.2241946732191,18224.1946732191,6549.77556555493,4.2808990624542
"A2","A_o",8559.92774907718,8.55992774907718,"0HW","20",-1.69,2.6,5.42528125202097,5425.28125202097,1949.84608197634,1.2744092039061
"A2","A_o",11984.9375107881,11.9849375107881,"0HW","20",-1.69,2.6,13.0152649176605,13015.2649176605,4677.68621140719,3.05731124928574
"A2","A_o",9823.03071312989,9.82303071312989,"0HW","20",-1.69,2.6,7.75958160865296,7759.58160865296,2788.79363014987,1.82274093473848
"A2","A_o",9867.35146667037,9.86735146667037,"0HW","20",-1.69,2.6,7.85093811346436,7850.93811346436,2821.62715797909,1.84420075684908
"A2","A_o",12987.939869956,12.987939869956,"0HW","20",-1.69,2.6,16.0400124194464,16040.0124194464,5764.78046354903,3.7678303683327
"A2","A_o",9314.91243579932,9.31491243579932,"0HW","20",-1.69,2.6,6.75872567298407,6758.72567298407,2429.08600687048,1.58763791298724
"A2","A_o",10331.9611589281,10.3319611589281,"0HW","20",-1.69,2.6,8.84861274055288,8848.61274055288,3180.19141895471,2.07855648297693
"A2","A_o",7072.15617384883,7.07215617384883,"0HW","20",-1.69,2.6,3.30243889612452,3302.43889612452,1186.89653926715,0.775749372070034
"A2","A_o",14429.3059841839,14.4293059841839,"0HW","20",-1.69,2.6,21.088133969558,21088.133969558,7579.07534865915,4.95364401873147
"A2","A_o",11071.1690790209,11.0711690790209,"0HW","20",-1.69,2.6,10.5901730487997,10590.1730487997,3806.1081937386,2.48765241420824
"A2","A_o",13263.6130637854,13.2636130637854,"0HW","20",-1.69,2.6,16.9402881749812,16940.2881749812,6088.33957008824,3.97930690855441
"A2","A_o",13634.6559334288,13.6346559334288,"0HW","20",-1.69,2.6,18.2001461778192,18200.1461778192,6541.13253630822,4.27525002373086
"A2","A_o",7356.2329358132,7.3562329358132,"0HW","20",-1.69,2.6,3.65850985446645,3658.50985446645,1314.86844169524,0.859391138362902
"A2","A_o",9587.73142415305,9.58773142415305,"0HW","20",-1.69,2.6,7.28553142320144,7285.53142320144,2618.4199934986,1.71138561666575
"A2","A_o",15926.8396484418,15.9268396484418,"0HW","20",-1.69,2.6,27.2606985132527,27260.6985132527,9797.49504566302,6.40359153311309
"A2","A_o",7499.62281352499,7.49962281352499,"0HW","20",-1.69,2.6,3.84682558564289,3846.82558564289,1382.54911548005,0.90362687286278
"A2","A_o",11716.6460517842,11.7166460517842,"0HW","20",-1.69,2.6,12.2712444432504,12271.2444432504,4410.2852529042,2.88253938098314
"A2","A_o",16771.2730979303,16.7712730979303,"0HW","20",-1.69,2.6,31.1796819161752,31179.6819161752,11205.9776806734,7.32416841874076
"A2","A_o",11802.3320735051,11.8023320735051,"0HW","20",-1.69,2.6,12.5059404897873,12505.9404897873,4494.63501202955,2.93766994250297
"A2","A_o",10583.0134035447,10.5830134035447,"0HW","20",-1.69,2.6,9.41855547353665,9418.55547353665,3385.02883718907,2.21243714848959
"A2","A_o",12267.052759819,12.267052759819,"0HW","20",-1.69,2.6,13.8268931318756,13826.8931318756,4969.38539159608,3.24796430823273
"A2","A_o",14490.8966478216,14.4908966478216,"0HW","20",-1.69,2.6,21.3229688934142,21322.9688934142,7663.47502029305,5.00880720280591
"A2","A_o",11792.5737099606,11.7925737099606,"0HW","20",-1.69,2.6,12.479073961118,12479.073961118,4484.97918162582,2.9313589422391
"A2","A_o",12983.8212813971,12.9838212813971,"0HW","20",-1.69,2.6,16.0267910632482,16026.7910632482,5760.02870813141,3.76472464583752
"A2","A_o",14055.2796053159,14.0552796053159,"0HW","20",-1.69,2.6,19.6962103094491,19696.2103094491,7078.81798521602,4.62667842170981
"A2","A_o",10812.2165502428,10.8122165502428,"0HW","20",-1.69,2.6,9.95814192821002,9958.14192821002,3578.95620899868,2.33918706470502
"A2","A_o",10447.9442256381,10.4479442256381,"0HW","20",-1.69,2.6,9.10919918046295,9109.19918046295,3273.84618545839,2.13976874866561
"A2","A_o",11191.2945822631,11.1912945822631,"0HW","20",-1.69,2.6,10.8915289885403,10891.5289885403,3914.41551848139,2.55844151534732
"A2","A_o",9616.12017670464,9.61612017670464,"0HW","20",-1.69,2.6,7.34175172363942,7341.75172363942,2638.62556947601,1.72459187547452
"A2","A_o",10209.7930099256,10.2097930099256,"0HW","20",-1.69,2.6,8.57914557721497,8579.14557721497,3083.34492045106,2.01525811794187
"A2","A_o",7676.55092428204,7.67655092428204,"0HW","20",-1.69,2.6,4.08725705077741,4087.25705077741,1468.9601840494,0.960104695457126
"A2","A_o",11708.1887947291,11.7081887947291,"0HW","20",-1.69,2.6,12.24822804544,12248.22804544,4402.01315953114,2.87713278400728
"A2","A_o",10315.2489101458,10.3152489101458,"0HW","20",-1.69,2.6,8.81144736764957,8811.44736764957,3166.83418393326,2.06982626400866
"A2","A_o",9308.11524933394,9.30811524933394,"0HW","20",-1.69,2.6,6.74591018905448,6745.91018905448,2424.48012194618,1.58462753068378
"A2","A_o",10530.2792380288,10.5302792380288,"0HW","20",-1.69,2.6,9.29701878082257,9297.01878082257,3341.34854982763,2.18388794106381
"A2","A_o",11437.0532447807,11.4370532447807,"0HW","20",-1.69,2.6,11.5243588137146,11524.3588137146,4141.85455764902,2.70709448212354
"A2","A_o",12096.5091505824,12.0965091505824,"0HW","20",-1.69,2.6,13.3326399655449,13332.6399655449,4791.75080361685,3.13186327033781
"A2","A_o",12438.2576634128,12.4382576634128,"0HW","20",-1.69,2.6,14.3342451539756,14334.2451539756,5151.72770833882,3.36714229303191
"A2","A_o",11783.3723721953,11.7833723721953,"0HW","20",-1.69,2.6,12.45377358683,12453.77358683,4475.88622710669,2.92541583471026
"A2","A_o",12700.9065498987,12.7009065498987,"0HW","20",-1.69,2.6,15.1345765232242,15134.5765232242,5439.36680244676,3.5551417009456
"A2","A_o",11200.4323355281,11.2004323355281,"0HW","20",-1.69,2.6,10.9146658761011,10914.6658761011,3922.73091587072,2.56387641560178
"A2","A_o",12171.3057703932,12.1713057703932,"0HW","20",-1.69,2.6,13.548045603106,13548.045603106,4869.16758975631,3.18246247696491
"A2","A_o",13951.3603512435,13.9513603512435,"0HW","20",-1.69,2.6,19.3198186895419,19319.8186895419,6943.54283702136,4.53826329217082
"A2","A_o",11161.3982994346,11.1613982994346,"0HW","20",-1.69,2.6,10.8160422895197,10816.0422895197,3887.2855988534,2.54070954173425
"A2","A_o",15794.9930346432,15.7949930346432,"0HW","20",-1.69,2.6,26.6778324525669,26677.8324525669,9588.01298345254,6.26667515258336
"A2","A_o",12351.2789857053,12.3512789857053,"0HW","20",-1.69,2.6,14.0750848586223,14075.0848586223,5058.58549818885,3.30626503149598
"A2","A_o",7597.3525153426,7.59735251534259,"0HW","20",-1.69,2.6,3.97852345626079,3978.52345626079,1429.88133018013,0.934562960902044
"A2","A_o",11580.2092089819,11.5802092089819,"0HW","20",-1.69,2.6,11.903170493393,11903.170493393,4277.99947532546,2.79607808844801
"A2","A_o",14141.0643505753,14.1410643505753,"0HW","20",-1.69,2.6,20.0102933912437,20010.2933912437,7191.699444813,4.70045715347255
"A2","A_o",9745.01569237853,9.74501569237853,"0HW","20",-1.69,2.6,7.60036783385702,7600.36783385702,2731.57219948821,1.78534130685504
"A2","A_o",17390.1884619638,17.3901884619638,"0HW","20",-1.69,2.6,34.2602991157858,34260.2991157858,12313.1515022134,8.04781143935518
"A2","A_o",7780.73812387857,7.78073812387857,"0HW","20",-1.69,2.6,4.23305660695418,4233.05660695418,1521.36054453933,0.99435329708453
"A2","A_o",9652.97280815425,9.65297280815425,"0HW","20",-1.69,2.6,7.41513078447035,7415.13078447035,2664.99800393864,1.74182876074421
"A2","A_o",9873.68844801141,9.87368844801141,"0HW","20",-1.69,2.6,7.86405406589907,7864.05406589907,2826.34103128412,1.84728171979355
"A2","A_o",11957.2970218175,11.9572970218175,"0HW","20",-1.69,2.6,12.937365419786,12937.365419786,4649.68913187108,3.0390125044909
"A2","A_o",10705.351744176,10.705351744176,"0HW","20",-1.69,2.6,9.70426053386609,9704.26053386609,3487.71123587147,2.27954982736697
"A2","A_o",11493.1100692677,11.4931100692677,"0HW","20",-1.69,2.6,11.6717955467289,11671.7955467289,4194.84331949435,2.74172765980023
"A2","A_o",10411.187403383,10.411187403383,"0HW","20",-1.69,2.6,9.02611133675018,9026.11133675018,3243.98441442801,2.12025125126014
"A2","A_o",9445.01105654266,9.44501105654266,"0HW","20",-1.69,2.6,7.00690813568628,7006.90813568628,2518.28278396565,1.64593646010827
"A2","A_o",8618.43850580403,8.61843850580403,"0HW","20",-1.69,2.6,5.52222791142815,5522.22791142815,1984.68871136728,1.29718216429234
"A2","A_o",8486.96948727528,8.48696948727527,"0HW","20",-1.69,2.6,5.3058731885131,5305.87318851309,1906.93082395161,1.24636001565464
"A2","A_o",7336.32822327979,7.33632822327979,"0HW","20",-1.69,2.6,3.63282734814082,3632.82734814082,1305.63814892181,0.853358267269157
"A2","A_o",9129.57625957145,9.12957625957145,"0HW","20",-1.69,2.6,6.41463003883654,6414.63003883654,2305.41803595785,1.50680917382866
"A2","A_o",9587.61331970388,9.58761331970388,"0HW","20",-1.69,2.6,7.28529808776354,7285.29808776354,2618.33613274222,1.71133080571387
"A2","A_o",9057.50961508192,9.05750961508192,"0HW","20",-1.69,2.6,6.28380775243356,6283.80775243356,2258.40050622462,1.47607876223831
"A2","A_o",8398.1645181506,8.3981645181506,"0HW","20",-1.69,2.6,5.16272964522478,5162.72964522478,1855.48503449379,1.21273531666261
"A2","A_o",8566.25229391121,8.56625229391121,"0HW","20",-1.69,2.6,5.43570950236662,5435.70950236662,1953.59399515056,1.27685882035984
"A2","A_o",6911.80830262547,6.91180830262547,"0HW","20",-1.69,2.6,3.1112748610328,3111.2748610328,1118.19218505519,0.730844565395548
"A2","A_o",8161.73467184203,8.16173467184203,"0HW","20",-1.69,2.6,4.79329797726152,4793.29797726152,1722.71129302779,1.12595509348222
"A2","A_o",7864.13527598912,7.86413527598912,"0HW","20",-1.69,2.6,4.35203657140331,4352.03657140331,1564.12194376235,1.02230192402768
"A2","A_o",6125.82091056135,6.12582091056135,"0HW","20",-1.69,2.6,2.27314515727037,2273.14515727037,816.968369522973,0.533966254590178
"A2","A_o",7673.77175923615,7.67377175923615,"0HW","20",-1.69,2.6,4.08341088755241,4083.41088755241,1467.57787298634,0.959201224174076
"A2","A_o",5594.43399093169,5.59443399093169,"0HW","20",-1.69,2.6,1.79541975850811,1795.41975850811,645.273861207815,0.421747621704455
"A2","A_o",6755.091,6.755091,"0HW","20",-1.69,2.6,2.93117083085009,2931.17083085009,1053.46279660752,0.688537775560472
"A2","A_o",8734.225,8.734225,"0HW","20",-1.69,2.6,5.71719988399313,5717.19988399313,2054.76163830713,1.34298146294584
"A2","A_o",10925.242,10.925242,"0HW","20",-1.69,2.6,10.2310632741737,10231.0632741737,3677.04414073803,2.40329682401179
"A2","A_o",6524.474,6.524474,"0HW","20",-1.69,2.6,2.67804772665848,2678.04772665848,962.490352961057,0.62907866206605
"A2","A_o",7818.17,7.81817,"0HW","20",-1.69,2.6,4.28620841840276,4286.20841840276,1540.46330557395,1.00683876181304
"A2","A_o",5504.919,5.504919,"0HW","20",-1.69,2.6,1.72167996655585,1721.67996655585,618.771779980174,0.404425999987041
"A2","A_o",6001.751,6.001751,"0HW","20",-1.69,2.6,2.15537445353997,2155.37445353997,774.641578602266,0.506301685360958
"A2","A_o",8207.922,8.207922,"0HW","20",-1.69,2.6,4.8641434432764,4864.1434432764,1748.17315351354,1.14259683236179
"A2","A_o",6228.364,6.228364,"0HW","20",-1.69,2.6,2.37340778802233,2373.40778802233,853.002759015226,0.557518143147206
"A2","A_o",7164.399,7.164399,"0HW","20",-1.69,2.6,3.4156030127059,3415.6030127059,1227.5677227665,0.802331844945424
"A2","A_o",5481.07,5.48107,"0HW","20",-1.69,2.6,1.70235412068048,1702.35412068048,611.826070972564,0.3998863208971
"A2","A_o",4415.124,4.415124,"0HW","20",-1.69,2.6,0.970178294262451,970.178294262451,348.682078957925,0.227896783632631
"A2","A_o",4877.715,4.877715,"0HW","20",-1.69,2.6,1.25707935910068,1257.07935910068,451.794321660784,0.295290406314238
"A2","A_o",10026.077,10.026077,"0HW","20",-1.69,2.6,8.18353026157492,8183.53026157492,2941.16077601003,1.92232730458172
"A2","A_o",7029.756,7.029756,"0HW","20",-1.69,2.6,3.251207235976,3251.207235976,1168.48388060977,0.763714954646911
"A2","A_o",6448.046,6.448046,"0HW","20",-1.69,2.6,2.59724626443968,2597.24626443968,933.450307439622,0.610098240156616
"A2","A_o",6786.418,6.786418,"0HW","20",-1.69,2.6,2.96664496746549,2966.64496746549,1066.2122013071,0.69687071980856
"A2","A_o",8462.291,8.462291,"0HW","20",-1.69,2.6,5.26585243658159,5265.85243658159,1892.54736570742,1.23695906255387
"A2","A_o",2959.309,2.959309,"0HW","20",-1.69,2.6,0.342842630672303,342.842630672303,123.217641463626,0.0805344061853763
"A2","A_o",7857.397,7.857397,"0HW","20",-1.69,2.6,4.34234786139417,4342.34786139417,1560.63982138506,1.02002602704906
"A2","A_o",4290.609,4.290609,"0HW","20",-1.69,2.6,0.900635875496276,900.635875496276,323.688533653362,0.211561133106772
"A2","A_o",3880.04,3.88004,"0HW","20",-1.69,2.6,0.69338449714186,693.38449714186,249.202388272785,0.162877377956068
"A2","A_o",8376.922,8.376922,"0HW","20",-1.69,2.6,5.12884561235839,5128.84561235839,1843.3071130816,1.20477589090301
"A2","A_o",6620.558,6.620558,"0HW","20",-1.69,2.6,2.78180027639736,2781.80027639736,999.77901933721,0.653450339436085
"A2","A_o",8979.474,8.979474,"0HW","20",-1.69,2.6,6.14401592873559,6144.01592873559,2208.15932478757,1.44324138875005
"A2","A_o",8681.849,8.681849,"0HW","20",-1.69,2.6,5.62848862773952,5628.48862773952,2022.87881280958,1.32214301490822
"A2","A_o",8668.344,8.668344,"0HW","20",-1.69,2.6,5.60575300355792,5605.75300355792,2014.70762947871,1.31680237220831
"A2","A_o",7144.525,7.144525,"0HW","20",-1.69,2.6,3.39102300936279,3391.02300936279,1218.73366956499,0.796557953964044
"A2","A_o",9333.242,9.333242,"0HW","20",-1.69,2.6,6.79335905736047,6793.35905736047,2441.53324521535,1.59577336288585
"A2","A_o",14412.01,14.41201,"0HW","20",-1.69,2.6,21.0224748922105,21022.4748922105,7555.47747626046,4.93822057271925
"A2","A_o",1655.709,1.655709,"0HW","20",-1.69,2.6,0.0757457769591042,75.7457769591042,27.2230322391021,0.0177928315288249
"A2","A_o",5048.288,5.048288,"0HW","20",-1.69,2.6,1.37459487343778,1374.59487343778,494.029397513539,0.322895031054601
"A2","A_o",9494.923,9.494923,"0HW","20",-1.69,2.6,7.10358796126828,7103.58796126828,2553.02951327982,1.66864674070576
"A2","A_o",7516.426,7.516426,"0HW","20",-1.69,2.6,3.86927505930351,3869.27505930351,1390.61745631368,0.908900298244237
"A2","A_o",4998.698,4.998698,"0HW","20",-1.69,2.6,1.33976287185731,1339.76287185731,481.510776145519,0.314712925585306
"A2","A_o",7264.465,7.264465,"0HW","20",-1.69,2.6,3.54102874944398,3541.02874944398,1272.64573255017,0.831794596438017
"A2","A_o",5590.949,5.590949,"0HW","20",-1.69,2.6,1.79251327148331,1792.51327148331,644.229269771103,0.421064882203335
"A2","A_o",7155.963,7.155963,"0HW","20",-1.69,2.6,3.40515609088964,3405.15609088964,1223.81309906574,0.799877842526625
"A2","A_o",5541.627,5.541627,"0HW","20",-1.69,2.6,1.75168880972697,1751.68880972697,629.556958215872,0.411475136088805
"A2","A_o",8845.607,8.845607,"0HW","20",-1.69,2.6,5.9086989715097,5908.6989715097,2123.58641036058,1.38796497409189
"A2","A_o",6659.521,6.659521,"0HW","20",-1.69,2.6,2.82456635159167,2824.56635159167,1015.14914676205,0.663496174354279
"A2","A_o",5036.416,5.036416,"0HW","20",-1.69,2.6,1.3662058696963,1366.2058696963,491.014389568849,0.320924437626699
"A2","A_o",8861.605,8.861605,"0HW","20",-1.69,2.6,5.9365237299783,5936.5237299783,2133.5866285542,1.39450106441451
"A2","A_o",4506.275,4.506275,"0HW","20",-1.69,2.6,1.02311864170738,1023.11864170738,367.708839829634,0.240332575052048
"A2","A_o",7623.761,7.623761,"0HW","20",-1.69,2.6,4.01457993616932,4014.57993616932,1442.84002905925,0.943032698731538
"A2","A_o",8125.074,8.125074,"0HW","20",-1.69,2.6,4.73751987709828,4737.51987709828,1702.66464382912,1.11285270838505
"A2","A_o",8122.586,8.122586,"0HW","20",-1.69,2.6,4.7337490115442,4733.7490115442,1701.30939474898,1.11196692467254
"A2","A_o",5590.629,5.590629,"0HW","20",-1.69,2.6,1.79224653630914,1792.24653630914,644.133405149504,0.421002225587911
"A2","A_o",8968.903,8.968903,"0HW","20",-1.69,2.6,6.12522787710751,6125.22787710751,2201.40689903244,1.43882803858329
"A2","A_o",6848.292,6.848292,"0HW","20",-1.69,2.6,3.03748331590381,3037.48331590381,1091.67150373583,0.713510786755444
"A2","A_o",6666.379,6.666379,"0HW","20",-1.69,2.6,2.83213533117839,2832.13533117839,1017.86943802551,0.665274142500336
"A2","A_o",4774.941,4.774941,"0HW","20",-1.69,2.6,1.18936957663347,1189.36957663347,427.459425842071,0.279385245648412
"A2","A_o",7036.62,7.03662,"0HW","20",-1.69,2.6,3.25946750518674,3259.46750518674,1171.45262136411,0.76565530808112
"A2","A_o",7267.392,7.267392,"0HW","20",-1.69,2.6,3.54473950088739,3544.73950088739,1273.97937661893,0.832666259228058
"A2","A_o",4171.92,4.17192,"0HW","20",-1.69,2.6,0.83728541646253,837.28541646253,300.920378676633,0.196679986063159
"A2","A_o",6278.596,6.278596,"0HW","20",-1.69,2.6,2.42349764172533,2423.49764172533,871.005052436084,0.569284347997441
"A2","A_o",6677.806,6.677806,"0HW","20",-1.69,2.6,2.84477468641367,2844.77468641367,1022.41202229707,0.668243151828152
"A2","A_o",8863.524,8.863524,"0HW","20",-1.69,2.6,5.93986678387067,5939.86678387067,2134.78812212312,1.39528635432884
"A2","A_o",7562.323,7.562323,"0HW","20",-1.69,2.6,3.93100484898478,3931.00484898478,1412.80314272513,0.923400746879171
"A2","A_o",6861.037,6.861037,"0HW","20",-1.69,2.6,3.0522027520176,3052.2027520176,1096.96166907513,0.716968411160213
"A2","A_o",11664.137,11.664137,"0HW","20",-1.69,2.6,12.1287708542454,12128.7708542454,4359.0802450158,2.84907205556588
"A2","A_o",10817.188,10.817188,"0HW","20",-1.69,2.6,9.97005104940831,9970.05104940831,3583.23634715735,2.34198454062572
"A2","A_o",5530.039,5.530039,"0HW","20",-1.69,2.6,1.74218112703949,1742.18112703949,626.139897057993,0.409241762783002
"A2","A_o",5482.211,5.482211,"0HW","20",-1.69,2.6,1.70327566425031,1703.27566425031,612.157273731563,0.400102793288603
"A2","A_o",5452.226,5.452226,"0HW","20",-1.69,2.6,1.67915972321492,1679.15972321492,603.490004523442,0.39443791145323
"A2","A_o",6883.431,6.883431,"0HW","20",-1.69,2.6,3.07817215157982,3078.17215157982,1106.29507127779,0.723068674037769
"A2","A_o",6206.006,6.206006,"0HW","20",-1.69,2.6,2.3513197780712,2351.3197780712,845.06432823879,0.552329626299862
"B2","A_o",12302.4827197409,12.3024827197409,"3HW","25",-1.69,2.6,13.9309645023077,13930.9645023077,4586.0735141597,2.99743366938542
"B2","I_o",11704.964,11.704964,"3HW","25",-1.77,2.51,8.15847348841335,8158.47348841335,2705.34980875787,1.76820248938423
"B2","G_h",1407.736,1.407736,"3HW","25",0.19,2.34,3.447780806682,3447.780806682,256.341123864484,0.167543218212081
"B2","A_o",17792.2203982394,17.7922203982394,"3HW","25",-1.69,2.6,36.3578663772691,36357.8663772691,11969.009611397,7.82288209895227
"B2","I_o",7820.302,7.820302,"3HW","25",-1.77,2.51,2.96477027038685,2964.77027038685,983.117821660279,0.642560667751816
"B2","G_h",2251.03,2.25103,"3HW","25",0.19,2.34,10.3412301136076,10341.2301136076,768.866322454682,0.502527008140315
"B2","A_o",22544.4202146725,22.5444202146725,"3HW","25",-1.69,2.6,67.2824169763093,67282.4169763093,22149.371668601,14.4767135088896
"B2","I_o",3820.116,3.820116,"3HW","25",-1.77,2.51,0.490921601464069,490.921601464069,162.789603045485,0.106398433363062
"B2","G_h",1906.397,1.906397,"3HW","25",0.19,2.34,7.00969673856515,7009.69673856515,521.168148633624,0.340632776884721
"B2","A_o",16550.3339562326,16.5503339562326,"3HW","25",-1.69,2.6,30.1229554754848,30122.9554754848,9916.47694252959,6.48135747877751
"B2","I_o",3724.149,3.724149,"3HW","25",-1.77,2.51,0.460551171654905,460.551171654905,152.718768520766,0.0998161885756643
"B2","G_h",2140.091,2.140091,"3HW","25",0.19,2.34,9.18779809902699,9187.79809902699,683.109113543417,0.446476544799619
"B2","A_o",13135.7364314408,13.1357364314408,"3HW","25",-1.69,2.6,16.5189145612291,16518.9145612291,5438.02667355661,3.5542657997102
"B2","I_o",3874.545,3.874545,"3HW","25",-1.77,2.51,0.508667488144995,508.667488144995,168.67413906888,0.110244535339138
"B2","G_h",4491.207,4.491207,"3HW","25",0.19,2.34,52.0630478656686,52063.0478656686,3870.86678359331,2.52997828993027
"B2","A_o",13936.3871990027,13.9363871990027,"3HW","25",-1.69,2.6,19.2659545016105,19265.9545016105,6342.35222193017,4.14532824962756
"B2","I_o",3975.917,3.975917,"3HW","25",-1.77,2.51,0.542734772314779,542.734772314779,179.970850499581,0.117628006862471
"B2","G_h",1834.585,1.834585,"3HW","25",0.19,2.34,6.40735138281906,6407.35138281906,476.384012372044,0.311362099589571
"B2","A_o",13612.8181302211,13.6128181302211,"3HW","25",-1.69,2.6,18.1244530687465,18124.4530687465,5966.56995023133,3.89971892171983
"B2","I_o",9251.666,9.251666,"3HW","25",-1.77,2.51,4.52076637006794,4520.76637006794,1499.08612831453,0.979794855107535
"B2","G_h",2744.282,2.744282,"3HW","25",0.19,2.34,16.4408112980976,16440.8112980976,1222.36774368904,0.798933165809829
"B2","A_o",13004.4164994418,13.0044164994418,"3HW","25",-1.69,2.6,16.092972276355,16092.972276355,5297.80647337606,3.46261861004971
"B2","I_o",12201.745,12.201745,"3HW","25",-1.77,2.51,9.05563857706685,9055.63857706685,3002.84975215537,1.96264689683357
"B2","G_h",3168.776,3.168776,"3HW","25",0.19,2.34,23.0189867982085,23018.9867982085,1711.45246085208,1.11859637964188
"B2","A_o",13462.2258757007,13.4622258757007,"3HW","25",-1.69,2.6,17.6077502703693,17607.7502703693,5796.47138900557,3.78854339150691
"B2","I_o",1895.635,1.895635,"3HW","25",-1.77,2.51,0.0845598772568218,84.5598772568218,28.0400552983621,0.0183268335283412
"B2","G_h",1788.114,1.788114,"3HW","25",0.19,2.34,6.03399264096804,6033.99264096804,448.624939258917,0.293218914548312
"B2","A_o",10532.5971717836,10.5325971717836,"3HW","25",-1.69,2.6,9.30234053319958,9302.34053319958,3062.3305035293,2.00152320492111
"B2","I_o",4404.46,4.40446,"3HW","25",-1.77,2.51,0.701730902514843,701.730902514843,232.693967273922,0.152087560309753
"B2","G_h",2786.781,2.786781,"3HW","25",0.19,2.34,17.0427882344739,17042.7882344739,1267.12448811784,0.828185939946302
"B2","A_o",9778.19780245845,9.77819780245845,"3HW","25",-1.69,2.6,7.66783797846665,7667.83797846665,2524.25226251122,1.64983808007269
"B2","I_o",3975.515,3.975515,"3HW","25",-1.77,2.51,0.542597045989966,542.597045989966,179.925180450273,0.117598157157041
"B2","G_h",1874.781,1.874781,"3HW","25",0.19,2.34,6.74068871376156,6740.68871376156,501.167509592687,0.32756046378607
"B2","A_o",16085.4082958504,16.0854082958504,"3HW","25",-1.69,2.6,27.9719943334765,27971.9943334765,9208.38053458046,6.01854936900684
"B2","I_o",3648.183,3.648183,"3HW","25",-1.77,2.51,0.437333055394951,437.333055394951,145.019641168966,0.0947840791954025
"B2","G_h",1462.644,1.462644,"3HW","25",0.19,2.34,3.77072103302306,3770.72103302306,280.351600516851,0.183236340207092
"B2","A_o",13469.3971947817,13.4693971947817,"3HW","25",-1.69,2.6,17.6321477211398,17632.1477211398,5804.50302979923,3.79379282993414
"B2","I_o",11071.392,11.071392,"3HW","25",-1.77,2.51,7.09492145744431,7094.92145744431,2352.67595528854,1.53769670280296
"B2","G_h",1171.469,1.171469,"3HW","25",0.19,2.34,2.24300413043602,2243.00413043602,166.766459896266,0.10899768620671
"B2","A_o",8821.20445997705,8.82120445997705,"3HW","25",-1.69,2.6,5.8664113167614,5866.4113167614,1931.22260547785,1.26223699704435
"B2","I_o",10323.737,10.323737,"3HW","25",-1.77,2.51,5.95292896072992,5952.92896072992,1973.99124337804,1.29019035514905
"B2","G_h",3383.616,3.383616,"3HW","25",0.19,2.34,26.8380960987124,26838.0960987124,1995.40170970083,1.30418412398747
"B2","A_o",11192.8998952737,11.1928998952737,"3HW","25",-1.69,2.6,10.8955914703879,10895.5914703879,3586.82871205168,2.34433249153705
"B2","I_o",7673.972,7.673972,"3HW","25",-1.77,2.51,2.82748772205842,2827.48772205842,937.594928634573,0.612807142898414
"B2","G_h",3639.582,3.639582,"3HW","25",0.19,2.34,31.8317510711127,31831.7510711127,2366.6779594368,1.54684833950118
"B2","A_o",10721.4868504761,10.7214868504761,"3HW","25",-1.69,2.6,9.74233468086141,9742.33468086141,3207.17657693957,2.09619384113698
"B2","I_o",3676.541,3.676541,"3HW","25",-1.77,2.51,0.445915868816004,445.915868816004,147.865702099387,0.0966442497381613
"B2","G_h",2310.707,2.310707,"3HW","25",0.19,2.34,10.9941844575852,10994.1844575852,817.413216747677,0.534257004410246
"B2","A_o",12053.0142141719,12.0530142141719,"3HW","25",-1.69,2.6,13.2083551757072,13208.3551757072,4348.19052384281,2.84195459074694
"B2","I_o",10240.07,10.24007,"3HW","25",-1.77,2.51,5.83257514557472,5832.57514557472,1934.08191827258,1.26410582893632
"B2","G_h",1502.956,1.502956,"3HW","25",0.19,2.34,4.018410164243,4018.410164243,298.767188347401,0.195272672122484
"B2","A_o",15694.4665915192,15.6944665915192,"3HW","25",-1.69,2.6,26.2386239769763,26238.6239769763,8637.7550132206,5.64559151190889
"B2","I_o",13162.132,13.162132,"3HW","25",-1.77,2.51,10.9523891724295,10952.3891724295,3631.81224957762,2.37373349645596
"B2","G_h",4743.287,4.743287,"3HW","25",0.19,2.34,59.1596782418064,59159.6782418064,4398.49841340701,2.8748355643183
"B2","A_o",14326.1168350998,14.3261168350998,"3HW","25",-1.69,2.6,20.6982710834776,20698.2710834776,6813.87084068082,4.45351035338615
"B2","I_o",7794.412,7.794412,"3HW","25",-1.77,2.51,2.94019563838251,2940.19563838251,974.968873687642,0.637234557965779
"B2","G_h",4411.238,4.411238,"3HW","25",0.19,2.34,49.9196516950767,49919.6516950767,3711.50613566828,2.42582100370476
"B2","A_o",11909.021355034,11.909021355034,"3HW","25",-1.69,2.6,12.8019991043586,12801.9991043586,4214.41810515486,2.75452163735612
"B2","I_o",4544.476,4.544476,"3HW","25",-1.77,2.51,0.759074450102292,759.074450102292,251.70908765392,0.164515743564654
"B2","G_h",2358.557,2.358557,"3HW","25",0.19,2.34,11.5343339400022,11534.3339400022,857.573114705586,0.560505303729141
"B2","A_o",14631.1214411483,14.6311214411483,"3HW","25",-1.69,2.6,21.8636063386875,21863.6063386876,7197.49920669594,4.70424784751369
"B2","I_o",11960.153,11.960153,"3HW","25",-1.77,2.51,8.61230111537204,8612.30111537204,2855.83904985737,1.86656147049501
"B2","G_h",1063.277,1.063277,"3HW","25",0.19,2.34,1.7879386883903,1787.9386883903,132.932526306343,0.0868840041217929
"B2","A_o",9929.15352253968,9.92915352253968,"3HW","25",-1.69,2.6,7.979428487207,7979.428487207,2626.82785798855,1.71688095293369
"B2","I_o",6462.32,6.46232,"3HW","25",-1.77,2.51,1.83685567102505,1836.85567102505,609.101340511907,0.398105451314972
"B2","G_h",1303.703,1.303703,"3HW","25",0.19,2.34,2.88083295104148,2880.83295104148,214.188777576754,0.139992665082846
"B2","A_o",11055.4463504,11.0554463504,"3HW","25",-1.69,2.6,10.5511143933848,10551.1143933848,3473.42685830228,2.27021363287731
"B2","I_o",4225.848,4.225848,"3HW","25",-1.77,2.51,0.632475661937927,632.475661937927,209.728929498617,0.137077731698442
"B2","G_h",1753.218,1.753218,"3HW","25",0.19,2.34,5.76203715983489,5762.03715983489,428.40515801886,0.280003371254157
"B2","A_o",10567.5062010502,10.5675062010502,"3HW","25",-1.69,2.6,9.38271510092819,9382.71510092819,3088.78981122556,2.01881687008207
"B2","I_o",11703.732,11.703732,"3HW","25",-1.77,2.51,8.15631828264526,8156.31828264526,2704.63514252517,1.76773538727135
"B2","G_h",1571.121,1.571121,"3HW","25",0.19,2.34,4.45790226217732,4457.90226217732,331.443250031979,0.2166295751843
"B2","A_o",9849.18451593937,9.84918451593937,"3HW","25",-1.69,2.6,7.81341175373817,7813.41175373817,2572.17514933061,1.68116022832066
"B2","I_o",12041.842,12.041842,"3HW","25",-1.77,2.51,8.76070871410949,8760.7087141095,2905.05100959871,1.89872615006452
"B2","G_h",1828.229,1.828229,"3HW","25",0.19,2.34,6.35552730643275,6355.52730643275,472.530913022352,0.308843734001537
"B2","A_o",10753.8253656523,10.7538253656523,"3HW","25",-1.69,2.6,9.81892057132047,9818.92057132047,3232.3886520787,2.11267232162006
"B2","I_o",3130.592,3.130592,"3HW","25",-1.77,2.51,0.297867035025602,297.867035025602,98.7727088144897,0.0645573260225423
"B2","G_h",2154.79,2.15479,"3HW","25",0.19,2.34,9.33614495981213,9336.14495981213,694.138643304048,0.453685387780424
"B2","A_o",11393.9255406037,11.3939255406037,"3HW","25",-1.69,2.6,11.4117114087133,11411.7114087133,3756.73539574843,2.45538261160028
"B2","I_o",3335.012,3.335012,"3HW","25",-1.77,2.51,0.349119796958369,349.119796958369,115.768124671395,0.0756654409616961
"B2","G_h",1485.727,1.485727,"3HW","25",0.19,2.34,3.91144562284383,3911.44562284383,290.81441748019,0.190074782666791
"B2","A_o",11160.2788592593,11.1602788592593,"3HW","25",-1.69,2.6,10.8132220294383,10813.2220294383,3559.71269209108,2.32660960267391
"B2","I_o",3575.487,3.575487,"3HW","25",-1.77,2.51,0.415787434496262,415.787434496263,137.875113278961,0.0901144531235037
"B2","G_h",1603.28,1.60328,"3HW","25",0.19,2.34,4.67435763905094,4674.35763905094,347.536620720382,0.227148118117897
"B2","A_o",12197.3453265421,12.1973453265421,"3HW","25",-1.69,2.6,13.6235355978939,13623.5355978939,4484.86791882666,2.93128622145533
"B2","I_o",4028.035,4.028035,"3HW","25",-1.77,2.51,0.560769030836692,560.769030836692,185.951010625447,0.121536608251926
"B2","G_h",2915.553,2.915553,"3HW","25",0.19,2.34,18.94292330801,18942.92330801,1408.39877078122,0.920522072406027
"B2","A_o",10085.6242932984,10.0856242932984,"3HW","25",-1.69,2.6,8.31050171348891,8310.50171348891,2735.81716408055,1.7881157935167
"B2","I_o",2061.458,2.061458,"3HW","25",-1.77,2.51,0.10437055004724,104.37055004724,34.6092743956648,0.0226204407814803
"B2","G_h",2351.713,2.351713,"3HW","25",0.19,2.34,11.4561662804521,11456.1662804521,851.761380485099,0.556706784630784
"B2","A_o",11324.2789376184,11.3242789376184,"3HW","25",-1.69,2.6,11.2312333739922,11231.2333739922,3697.32202671823,2.41655034426028
"B2","I_o",3961.27,3.96127,"3HW","25",-1.77,2.51,0.537730235549103,537.730235549103,178.311346108083,0.116543363469335
"B2","G_h",5320.383,5.320383,"3HW","25",0.19,2.34,77.3938371359078,77393.8371359078,5754.20083351989,3.76091557746398
"B2","A_o",10876.4481442178,10.8764481442178,"3HW","25",-1.69,2.6,10.1126841556135,10112.6841556135,3329.09562402796,2.17587949282873
"B2","I_o",3378.335,3.378335,"3HW","25",-1.77,2.51,0.360615017463034,360.615017463034,119.579939790742,0.0781568233926418
"B2","G_h",4979.618,4.979618,"3HW","25",0.19,2.34,66.288578464684,66288.578464684,4928.52929341787,3.22126097609011
"B2","A_o",12376.3118589249,12.3763118589249,"3HW","25",-1.69,2.6,14.1493742868295,14149.3742868295,4657.97401522426,3.04442746093089
"B2","I_o",2194.528,2.194528,"3HW","25",-1.77,2.51,0.122114216472315,122.114216472315,40.4930741822195,0.0264660615570062
"B2","G_h",4959.797,4.959797,"3HW","25",0.19,2.34,65.6727994843637,65672.7994843637,4882.74637254265,3.19133749839389
"B2","A_o",7613.08474220274,7.61308474220274,"3HW","25",-1.69,2.6,3.99997913945638,3999.97913945638,1316.79313270904,0.860649106345779
"B2","I_o",3721.274,3.721274,"3HW","25",-1.77,2.51,0.459659285866171,459.659285866171,152.423019193222,0.0996228883615832
"B2","G_h",3504.137,3.504137,"3HW","25",0.19,2.34,29.1286073171725,29128.6073171725,2165.70030258885,1.41549039384892
"B2","A_o",9500.14960733541,9.50014960733541,"3HW","25",-1.69,2.6,7.11375912783513,7113.75912783513,2341.84950488333,1.53062059142701
"B2","I_o",4866.708,4.866708,"3HW","25",-1.77,2.51,0.901489301037067,901.489301037067,298.933852223891,0.195381602760713
"B2","G_h",2632.358,2.632358,"3HW","25",0.19,2.34,14.9144481885632,14914.4481885632,1108.8832570404,0.724760298719213
"B2","A_o",10406.3674539751,10.4063674539751,"3HW","25",-1.69,2.6,9.01525069753762,9015.25069753762,2967.82052962938,1.93975198014992
"B2","I_o",3935.646,3.935646,"3HW","25",-1.77,2.51,0.529042095891142,529.042095891142,175.430358997503,0.114660365357845
"B2","G_h",1905.458,1.905458,"3HW","25",0.19,2.34,7.00162022371308,7001.62022371308,520.567662984978,0.340240302604561
"B2","A_o",11422.3838305654,11.4223838305654,"3HW","25",-1.69,2.6,11.4859666131554,11485.9666131554,3781.18020905074,2.47135961375866
"B2","I_o",1999.48,1.99948,"3HW","25",-1.77,2.51,0.0966722511088593,96.6722511088593,32.0565184676977,0.0209519728547044
"B2","G_h",2819.367,2.819367,"3HW","25",0.19,2.34,17.5127671116061,17512.7671116061,1302.06722964107,0.851024333098737
"B2","A_o",11174.5998398601,11.1745998398601,"3HW","25",-1.69,2.6,10.8493357220354,10849.3357220354,3571.60131969406,2.33437994751246
"B2","I_o",3602.648,3.602648,"3HW","25",-1.77,2.51,0.42376081574969,423.76081574969,140.519086502597,0.091842540197776
"B2","G_h",2330.484,2.330484,"3HW","25",0.19,2.34,11.2156367228193,11215.6367228193,833.878104086927,0.545018368684266
"B2","A_o",8944.18427873901,8.94418427873901,"3HW","25",-1.69,2.6,6.08143291100053,6081.43291100053,2002.00771430137,1.30850177405319
"B2","I_o",5451.014,5.451014,"3HW","25",-1.77,2.51,1.19827918834081,1198.27918834081,397.349378853813,0.259705476375041
"B2","G_h",1831.532,1.831532,"3HW","25",0.19,2.34,6.38242846070112,6382.42846070112,474.531003081744,0.310150982406368
"B2","A_o",9984.76412806901,9.98476412806902,"3HW","25",-1.69,2.6,8.09614552363244,8096.14552363244,2665.2511063798,1.74199418717634
"B2","I_o",5221.377,5.221377,"3HW","25",-1.77,2.51,1.07557445708019,1075.57445708019,356.66048996779,0.233111431351496
"B2","G_h",2119.805,2.119805,"3HW","25",0.19,2.34,8.98529695201606,8985.29695201606,668.053234263613,0.436636100825891
"B2","A_o",8930.52516199877,8.93052516199877,"3HW","25",-1.69,2.6,6.05731551592344,6057.31551592344,1994.068267842,1.30331259336078
"B2","I_o",4237.017,4.237017,"3HW","25",-1.77,2.51,0.6366798691197,636.6798691197,211.123044600093,0.137988918039276
"B2","G_h",2132.231,2.132231,"3HW","25",0.19,2.34,9.10903041962698,9109.03041962698,677.252768087098,0.442648868030783
"B2","A_o",11006.4216990196,11.0064216990196,"3HW","25",-1.69,2.6,10.4298961839699,10429.8961839699,3433.52182376288,2.24413191095613
"B2","I_o",3597.009,3.597009,"3HW","25",-1.77,2.51,0.422097933931396,422.097933931396,139.967674891651,0.0914821404520595
"B2","G_h",1583.045,1.583045,"3HW","25",0.19,2.34,4.53747483374727,4537.47483374727,337.359438899176,0.220496365293579
"B2","A_o",9295.73430016828,9.29573430016828,"3HW","25",-1.69,2.6,6.72260547191634,6722.60547191634,2213.08172135486,1.4464586414084
"B2","I_o",4331.409,4.331409,"3HW","25",-1.77,2.51,0.672882569571035,672.882569571035,223.127860069755,0.145835202659971
"B2","G_h",1727.361,1.727361,"3HW","25",0.19,2.34,5.56514490949369,5565.14490949369,413.766297962892,0.270435488864635
"B2","A_o",8621.5420027459,8.6215420027459,"3HW","25",-1.69,2.6,5.52739963747541,5527.39963747541,1819.61996065691,1.18929409193262
"B2","I_o",4015.582,4.015582,"3HW","25",-1.77,2.51,0.556427687449972,556.427687449972,184.511421158411,0.120595700103536
"B2","G_h",2295.153,2.295153,"3HW","25",0.19,2.34,10.8217934864785,10821.7934864785,804.596017002279,0.525879749674692
"B2","A_o",7814.21515366407,7.81421515366407,"3HW","25",-1.69,2.6,4.28057339962048,4280.57339962048,1409.16476315506,0.921022721016381
"B2","I_o",4541.175,4.541175,"3HW","25",-1.77,2.51,0.757691260880601,757.691260880601,251.250422108007,0.164215962162096
"B2","G_h",2748.032,2.748032,"3HW","25",0.19,2.34,16.4934298784142,16493.4298784142,1226.27991408815,0.801490139926894
"B2","A_o",9398.63728878391,9.39863728878391,"3HW","25",-1.69,2.6,6.91781132792715,6917.81132792715,2277.34348915362,1.48845979683243
"B2","I_o",5639.664,5.639664,"3HW","25",-1.77,2.51,1.30510546481752,1305.10546481752,432.772972133489,0.282858151721235
"B2","G_h",1760.863,1.760863,"3HW","25",0.19,2.34,5.82100307970323,5821.00307970323,432.789250574703,0.282868791225296
"B2","A_o",9559.66604022187,9.55966604022187,"3HW","25",-1.69,2.6,7.23021270659441,7230.21270659441,2380.18602301088,1.5556771392228
"B2","I_o",7862.644,7.862644,"3HW","25",-1.77,2.51,3.00522655065256,3005.22655065256,996.53312419639,0.651328839344045
"B2","G_h",1467.534,1.467534,"3HW","25",0.19,2.34,3.80028635266111,3800.28635266111,282.549770205813,0.1846730524221
"B2","A_o",11479.2062247844,11.4792062247844,"3HW","25",-1.69,2.6,11.6351190419405,11635.1190419405,3830.2811886068,2.50345175725934
"B2","I_o",3156.2,3.1562,"3HW","25",-1.77,2.51,0.304020545479211,304.020545479211,100.813212880906,0.0658909888110499
"B2","G_h",1954.295,1.954295,"3HW","25",0.19,2.34,7.42876949388457,7428.76949388457,552.32604036252,0.360997412001647
"B2","A_o",12336.3926055647,12.3363926055647,"3HW","25",-1.69,2.6,14.0310209827033,14031.0209827033,4619.01210750593,3.01896216176858
"B2","I_o",8553.065,8.553065,"3HW","25",-1.77,2.51,3.71215112997374,3712.15112997374,1230.94931469929,0.804542035751172
"B2","G_h",3099.778,3.099778,"3HW","25",0.19,2.34,21.8631927902974,21863.1927902974,1625.5196386815,1.06243113639313
"B2","A_o",9065.76801056056,9.06576801056056,"3HW","25",-1.69,2.6,6.29871508139694,6298.71508139694,2073.53700479587,1.35525294431103
"B2","I_o",7802.562,7.802562,"3HW","25",-1.77,2.51,2.9479182995004,2947.9182995004,977.529708114333,0.63890830595708
"B2","G_h",5249.216,5.249216,"3HW","25",0.19,2.34,74.9930468691298,74993.0468691298,5575.70303750105,3.64425035130788
"B2","A_o",10102.353674632,10.102353674632,"3HW","25",-1.69,2.6,8.34639008885547,8346.39008885547,2747.63161725122,1.79583765833413
"B2","I_o",12035.632,12.035632,"3HW","25",-1.77,2.51,8.7493731659869,8749.3731659869,2901.29214184126,1.89626937375245
"B2","G_h",6305.68,6.30568,"3HW","25",0.19,2.34,115.17884262553,115178.84262553,8563.50087767114,5.59705939717068
"B2","A_o",14018.7741638077,14.0187741638077,"3HW","25",-1.69,2.6,19.5634796410245,19563.4796410245,6440.29749782525,4.20934476982042
"B2","I_o",4040.4,4.0404,"3HW","25",-1.77,2.51,0.565099794952845,565.099794952845,187.387092006363,0.122475223533571
"B2","G_h",4445.514,4.445514,"3HW","25",0.19,2.34,50.8320282145585,50832.0282145585,3779.34096494114,2.47015749342558
"B2","A_o",18958.3027993708,18.9583027993708,"3HW","25",-1.69,2.6,42.8823507000249,42882.3507000249,14116.8698504482,9.22671232055438
"B2","I_o",3807.285,3.807285,"3HW","25",-1.77,2.51,0.486793334961326,486.793334961326,161.420669873176,0.105503705799461
"B2","G_h",5941.591,5.941591,"3HW","25",0.19,2.34,100.214933394481,100214.933394481,7450.94021190633,4.86989556333747
"B2","A_o",17556.7567421862,17.5567567421862,"3HW","25",-1.69,2.6,35.1200526815781,35120.0526815781,11561.5213427755,7.5565498972389
"B2","I_o",4420.853,4.420853,"3HW","25",-1.77,2.51,0.70830490003685,708.30490003685,234.87390485222,0.153512356112562
"B2","G_h",3270.025,3.270025,"3HW","25",0.19,2.34,24.7770450619582,24777.0450619582,1842.16338953857,1.20402835917553
"B2","A_o",16499.690277582,16.499690277582,"3HW","25",-1.69,2.6,29.88388518233,29883.88518233,9837.77500202304,6.42991830197584
"B2","I_o",3892.107,3.892107,"3HW","25",-1.77,2.51,0.514474407485026,514.474407485026,170.599713522035,0.111503080733356
"B2","G_h",3308.141,3.308141,"3HW","25",0.19,2.34,25.4581351486576,25458.1351486576,1892.80216504864,1.237125598071
"B2","A_o",16377.109064439,16.377109064439,"3HW","25",-1.69,2.6,29.3100680831836,29310.0680831836,9648.87441298403,6.30645386469545
"B2","I_o",4174.29,4.17429,"3HW","25",-1.77,2.51,0.61328503841759,613.28503841759,203.365318739273,0.132918508979917
"B2","G_h",3494.028,3.494028,"3HW","25",0.19,2.34,28.9323514148063,28932.3514148063,2151.10875475028,1.40595343447731
"B2","A_o",12809.5942608501,12.8095942608501,"3HW","25",-1.69,2.6,15.4736215932689,15473.6215932689,5093.91622850411,3.32935701209419
"B2","I_o",14014.775,14.014775,"3HW","25",-1.77,2.51,12.8212741259525,12821.2741259525,4251.53450016585,2.77878071906265
"B2","G_h",1816.928,1.816928,"3HW","25",0.19,2.34,6.26397851515106,6263.97851515106,465.724297010075,0.304394965366062
"B2","A_o",13587.4143749383,13.5874143749383,"3HW","25",-1.69,2.6,18.0366439694934,18036.6439694934,5937.66319475723,3.88082561748839
"B2","I_o",3811.445,3.811445,"3HW","25",-1.77,2.51,0.488129482682899,488.129482682899,161.863736457649,0.105793291802385
"B2","G_h",1163.8,1.1638,"3HW","25",0.19,2.34,2.20879467021107,2208.79467021107,164.223000212325,0.107335294256421
"B2","A_o",14271.3574716604,14.2713574716604,"3HW","25",-1.69,2.6,20.4931981772228,20493.1981772228,6746.36083994175,4.40938616989657
"B2","I_o",7894.25,7.89425,"3HW","25",-1.77,2.51,3.03564021960091,3035.64021960091,1006.61829681966,0.657920455437688
"B2","G_h",1614.412,1.614412,"3HW","25",0.19,2.34,4.7506566391215,4750.65663912151,353.209420856028,0.230855830624855
"B2","A_o",12477.3019284898,12.4773019284898,"3HW","25",-1.69,2.6,14.4515283551362,14451.5283551362,4757.44313451083,3.10943995719662
"B2","I_o",14476.533,14.476533,"3HW","25",-1.77,2.51,13.9081080929581,13908.1080929581,4611.92864362492,3.01433244681367
"B2","G_h",2212.51,2.21251,"3HW","25",0.19,2.34,9.93188007536092,9931.88007536092,738.431310851055,0.4826348436935
"B2","A_o",12871.0989317067,12.8710989317067,"3HW","25",-1.69,2.6,15.6675335728557,15667.5335728557,5157.75205218411,3.37107977266935
"B2","I_o",12870.517,12.870517,"3HW","25",-1.77,2.51,10.3534702841874,10353.4702841874,3433.21074623654,2.24392859231147
"B2","G_h",3428.181,3.428181,"3HW","25",0.19,2.34,27.6725486743886,27672.5486743886,2057.44292492132,1.34473393785707
"B2","A_o",12594.5337660537,12.5945337660537,"3HW","25",-1.69,2.6,14.8072172117933,14807.2172117933,4874.53590612236,3.18597118047213
"B2","I_o",16468.313,16.468313,"3HW","25",-1.77,2.51,19.2215883809494,19221.5883809494,6373.8787071228,4.1659337955051
"B2","G_h",3052.472,3.052472,"3HW","25",0.19,2.34,21.0904065746749,21090.4065746749,1568.06329266445,1.02487796906173
"B2","A_o",10096.009691315,10.096009691315,"3HW","25",-1.69,2.6,8.33276958155466,8332.76958155466,2743.1477462478,1.79290702369137
"B2","I_o",11377.49,11.37749,"3HW","25",-1.77,2.51,7.59760342518995,7597.60342518995,2519.36529579299,1.64664398417842
"B2","G_h",1873.586,1.873586,"3HW","25",0.19,2.34,6.73063903930757,6730.63903930757,500.420320316902,0.327072104782289
"B2","A_o",11151.370678695,11.151370678695,"3HW","25",-1.69,2.6,10.7907953453872,10790.7953453872,3552.32982770146,2.32178420111207
"B2","I_o",10868.102,10.868102,"3HW","25",-1.77,2.51,6.77244990651546,6772.44990651546,2245.74438900053,1.46780679019642
"B2","G_h",937.032,0.937032,"3HW","25",0.19,2.34,1.33016448636476,1330.16448636476,98.8971974954253,0.0646386911734806
"B2","A_o",11149.9063111064,11.1499063111064,"3HW","25",-1.69,2.6,10.7871114860917,10787.1114860917,3551.11710122137,2.32099156942573
"B2","I_o",5296.713,5.296713,"3HW","25",-1.77,2.51,1.11495199313522,1114.95199313522,369.718080923639,0.241645804525254
"B2","G_h",2481.591,2.481591,"3HW","25",0.19,2.34,12.9917806868058,12991.7806868058,965.933697351737,0.631329213955383
"B2","A_o",13383.1927718595,13.3831927718595,"3HW","25",-1.69,2.6,17.3402481153711,17340.2481153711,5708.40967958015,3.73098671867984
"B2","I_o",4289.43,4.28943,"3HW","25",-1.77,2.51,0.65663338261161,656.63338261161,217.73962967401,0.142313483447065
"B2","G_h",2225.827,2.225827,"3HW","25",0.19,2.34,10.0723287121156,10072.3287121156,748.873610814309,0.489459876349222
"B2","A_o",12772.0800627773,12.7720800627774,"3HW","25",-1.69,2.6,15.356075684865,15356.075684865,5055.22011545756,3.30406543493958
"B2","I_o",14024.488,14.024488,"3HW","25",-1.77,2.51,12.8435892538698,12843.5892538698,4258.93419658324,2.78361712194983
"B2","G_h",1100.523,1.100523,"3HW","25",0.19,2.34,1.93794723707108,1937.94723707108,144.08560189734,0.0941735960113335
"B2","A_o",11963.0659491874,11.9630659491874,"3HW","25",-1.69,2.6,12.953600291263,12953.600291263,4264.32521588378,2.78714066397633
"B2","I_o",3428.768,3.428768,"3HW","25",-1.77,2.51,0.37428000994124,374.28000994124,124.111251296515,0.0811184648996831
"B2","G_h",1155.111,1.155111,"3HW","25",0.19,2.34,2.17039861640599,2170.39861640599,161.368268970339,0.105469456843359
"B2","A_o",12386.6466655396,12.3866466655396,"3HW","25",-1.69,2.6,14.1801148464866,14180.1148464866,4668.09380746339,3.05104170422444
"B2","I_o",4130.992,4.130992,"3HW","25",-1.77,2.51,0.597442933041381,597.442933041381,198.112076596522,0.129485017383348
"B2","G_h",2532.225,2.532225,"3HW","25",0.19,2.34,13.620572543953,13620.572543953,1012.68412041389,0.661885046022147
"B2","A_o",12993.0548990432,12.9930548990432,"3HW","25",-1.69,2.6,16.0564418573801,16056.4418573801,5285.78065944952,3.4547586009474
"B2","I_o",6798.455,6.798455,"3HW","25",-1.77,2.51,2.08616987790321,2086.16987790321,691.773931512703,0.452139824518107
"B2","G_h",3763.685,3.763685,"3HW","25",0.19,2.34,34.4298434144537,34429.8434144537,2559.84508592727,1.67310136335115
"B2","A_o",9495.0703903814,9.4950703903814,"3HW","25",-1.69,2.6,7.10387466556348,7103.87466556348,2338.5955399035,1.52849381693039
"B2","I_o",4118.245,4.118245,"3HW","25",-1.77,2.51,0.592826448811871,592.826448811871,196.581250426016,0.128484477402625
"B2","G_h",2564.641,2.564641,"3HW","25",0.19,2.34,14.0320847580674,14032.0847580674,1043.27988892841,0.681882280345367
"B2","A_o",10235.9853560018,10.2359853560018,"3HW","25",-1.69,2.6,8.63648663592601,8636.48663592601,2843.13140054684,1.85825581735088
"B2","I_o",12882.335,12.882335,"3HW","25",-1.77,2.51,10.3773488740791,10377.3488740791,3441.12888664464,2.24910384748016
"B2","G_h",3156.317,3.156317,"3HW","25",0.19,2.34,22.8077601810654,22807.7601810654,1695.74784635814,1.10833192572427
"B2","A_o",12010.7560343346,12.0107560343346,"3HW","25",-1.69,2.6,13.0882896761646,13088.2896761646,4308.66496139337,2.81612088979959
"B2","I_o",12931.553,12.931553,"3HW","25",-1.77,2.51,10.4771513370086,10477.1513370086,3474.22338335205,2.270734237485
"B2","G_h",3043.585,3.043585,"3HW","25",0.19,2.34,20.9470041154641,20947.0041154641,1557.40137718311,1.0179093968517
"B2","A_o",10379.3718746293,10.3793718746293,"3HW","25",-1.69,2.6,8.95457107273139,8954.57107273139,2947.84479714317,1.92669594584521
"B2","I_o",10527.945,10.527945,"3HW","25",-1.77,2.51,6.25291398640198,6252.91398640198,2073.4662778909,1.35520671757575
"B2","G_h",1109.438,1.109438,"3HW","25",0.19,2.34,1.97488179661072,1974.88179661072,146.831671625288,0.0959684128269859
"B2","A_o",10932.0265267412,10.9320265267412,"3HW","25",-1.69,2.6,10.2475904383272,10247.5904383272,3373.50677229733,2.20490638712244
"B2","I_o",10003.823,10.003823,"3HW","25",-1.77,2.51,5.50068350657588,5500.68350657588,1824.02665078056,1.19217428155592
"B2","G_h",7449.582,7.449582,"3HW","25",0.19,2.34,170.133038176742,170133.038176742,12649.3233352255,8.26753159165066
"B2","A_o",10612.4399101485,10.6124399101485,"3HW","25",-1.69,2.6,9.48679759687483,9486.79759687483,3123.05376889119,2.04121161365437
"B2","I_o",6824.746,6.824746,"3HW","25",-1.77,2.51,2.1064788189528,2106.4788189528,698.508376364749,0.45654142246062
"B2","G_h",4444.053,4.444053,"3HW","25",0.19,2.34,50.7929453944081,50792.9453944081,3776.43517289609,2.46825828293862
"B2","A_o",10631.0294813255,10.6310294813255,"3HW","25",-1.69,2.6,9.53006446821795,9530.06446821795,3137.29722293735,2.05052106074337
"B2","I_o",3348.906,3.348906,"3HW","25",-1.77,2.51,0.352782004430409,352.782004430409,116.982512669124,0.0764591586072703
"B2","G_h",7843.313,7.843313,"3HW","25",0.19,2.34,191.92384645269,191923.84645269,14269.461214219,9.3264452380516
"B2","A_o",11035.7332448481,11.0357332448481,"3HW","25",-1.69,2.6,10.5022682018891,10502.2682018891,3457.34669206189,2.25970372030189
"B2","I_o",3783.416,3.783416,"3HW","25",-1.77,2.51,0.479169405846953,479.169405846953,158.89257497885,0.103851356195327
"B2","G_h",3357.779,3.357779,"3HW","25",0.19,2.34,26.3610032236947,26361.0032236947,1959.93004528041,1.28100002959504
"B2","A_o",11856.8955115704,11.8568955115704,"3HW","25",-1.69,2.6,12.6568193348848,12656.8193348848,4166.62492504408,2.72328426473469
"B2","I_o",3914.6,3.9146,"3HW","25",-1.77,2.51,0.521969772244975,521.969772244975,173.085176476434,0.113127566324467
"B2","G_h",3187.022,3.187022,"3HW","25",0.19,2.34,23.3303386985379,23330.3386985379,1734.60135010081,1.13372637261491
"B2","A_o",9807.40444905311,9.80740444905311,"3HW","25",-1.69,2.6,7.72752862650929,7727.52862650929,2543.90242384686,1.66268132277572
"B2","I_o",3286.166,3.286166,"3HW","25",-1.77,2.51,0.336426842714283,336.426842714283,111.559141044056,0.072914471270625
"B2","G_h",4009.583,4.009583,"3HW","25",0.19,2.34,39.9256639160097,39925.6639160097,2968.45714188976,1.94016806659461
"B2","A_o",9662.3603744293,9.6623603744293,"3HW","25",-1.69,2.6,7.43389463279677,7433.89463279677,2447.2381131167,1.59950203471679
"B2","I_o",3413.911,3.413911,"3HW","25",-1.77,2.51,0.37022267065213,370.222670652129,122.765837588246,0.0802391095348014
"B2","G_h",3061.845,3.061845,"3HW","25",0.19,2.34,21.2422586082727,21242.2586082727,1579.35343062163,1.03225714419715
"B2","A_o",9630.97466040601,9.63097466040601,"3HW","25",-1.69,2.6,7.37127518381756,7371.27518381756,2426.62379051274,1.58602862125016
"B2","I_o",12412.775,12.412775,"3HW","25",-1.77,2.51,9.45389766478815,9453.89766478815,3134.91246564375,2.04896239584559
"B2","G_h",3246.871,3.246871,"3HW","25",0.19,2.34,24.3684653785902,24368.4653785902,1811.78565351203,1.18417362974642
"B2","A_o",8509.36962857691,8.50936962857691,"3HW","25",-1.69,2.6,5.34236075117088,5342.36075117089,1758.70515928546,1.149480496265
"B2","I_o",22444.979,22.444979,"3HW","25",-1.77,2.51,41.8127951308454,41812.7951308454,13865.1228653883,9.06217180744335
"B2","G_h",1715.135,1.715135,"3HW","25",0.19,2.34,5.47341079227536,5473.41079227536,406.945903041356,0.265977714406115
"B2","A_o",9614.51133234853,9.61451133234853,"3HW","25",-1.69,2.6,7.33855850202305,7338.55850202305,2415.85345886599,1.5789891888013
"B2","I_o",15318.061,15.318061,"3HW","25",-1.77,2.51,16.0273427505606,16027.3427505606,5314.66685608589,3.47363846802999
"B2","G_h",1226.002,1.226002,"3HW","25",0.19,2.34,2.49499315257442,2494.99315257442,185.501742896647,0.121242969213495
"B2","A_o",10227.3482151447,10.2273482151447,"3HW","25",-1.69,2.6,8.6175519727713,8617.5519727713,2836.89810943631,1.85418177087341
"B2","I_o",14126.525,14.126525,"3HW","25",-1.77,2.51,13.0794267324585,13079.4267324585,4337.13790448324,2.834730656525
"B2","G_h",3514.917,3.514917,"3HW","25",0.19,2.34,29.3387275163862,29338.7275163862,2181.3226553523,1.42570108192961
"B2","A_o",8227.67970886111,8.22767970886111,"3HW","25",-1.69,2.6,4.89464478965089,4894.64478965089,1611.31706475307,1.05314840833534
"B2","I_o",18284.193,18.284193,"3HW","25",-1.77,2.51,24.9925316137694,24992.5316137694,8287.52348312592,5.41668201511498
"B2","G_h",2066.759,2.066759,"3HW","25",0.19,2.34,8.46794872758615,8467.94872758615,629.588600716539,0.41149581746179
"B2","A_o",8487.27188291795,8.48727188291795,"3HW","25",-1.69,2.6,5.30636473600155,5306.36473600155,1746.85527109171,1.14173547130177
"B2","I_o",8435.765,8.435765,"3HW","25",-1.77,2.51,3.58568741423268,3585.68741423268,1189.01394655956,0.77713329840494
"B2","G_h",954.314,0.954314,"3HW","25",0.19,2.34,1.38828180080846,1388.28180080846,103.218196577389,0.0674628735799925
"B2","A_o",8559.075,8.559075,"3HW","25",-1.69,2.6,5.42387613610911,5423.87613610911,1785.54002400712,1.16701962353406
"B2","I_o",13154.455,13.154455,"3HW","25",-1.77,2.51,10.9363620108108,10936.3620108108,3626.49764278487,2.37025989724502
"B2","G_h",17942.482,17.942482,"3HW","25",0.19,2.34,1330.71513064101,1330715.13064101,98938.1376771069,64.6654494621614
"B2","A_o",5750.101,5.750101,"3HW","25",-1.69,2.6,1.92821843225346,1928.21843225346,634.769507897838,0.414882031305777
"B2","I_o",11640.569,11.640569,"3HW","25",-1.77,2.51,8.04628230522517,8046.28230522517,2668.14721241266,1.74388706693638
"B2","G_h",17268.427,17.268427,"3HW","25",0.19,2.34,1216.6663673017,1216666.3673017,90458.6577423346,59.1233057139442
"B2","A_o",4495.859,4.495859,"3HW","25",-1.69,2.6,1.01698131593584,1016.98131593584,334.79024920608,0.218817156343843
"B2","I_o",13867.215,13.867215,"3HW","25",-1.77,2.51,12.4851284537816,12485.1284537816,4140.06859527397,2.70592718645358
"B2","G_h",15780.594,15.780594,"3HW","25",0.19,2.34,985.391089687777,985391.089687777,73263.4333618503,47.8845969685296
"B2","A_o",4100.99,4.10099,"3HW","25",-1.69,2.6,0.80077525931557,800.775259315569,263.615215366685,0.172297526383455
"B2","I_o",16566.03,16.56603,"3HW","25",-1.77,2.51,19.5091475423995,19509.1475423995,6469.23332505969,4.22825707520241
"B2","G_h",16023.416,16.023416,"3HW","25",0.19,2.34,1021.23796773841,1021237.96773841,75928.6344061635,49.626558435401
"B2","A_o",3483.139,3.483139,"3HW","25",-1.69,2.6,0.523750071878913,523.750071878913,172.418523662538,0.112691845531071
"B2","G_h",14221.787,14.221787,"3HW","25",0.19,2.34,772.525382256511,772525.382256511,57436.9531606187,37.5404922618423
"B2","A_o",3201.173,3.201173,"3HW","25",-1.69,2.6,0.420536579106418,420.536579106417,138.440641841833,0.0904840796351847
"B2","G_h",14997.351,14.997351,"3HW","25",0.19,2.34,874.730079113397,874730.079113397,65035.8314900494,42.507079405261
"B2","A_o",3712.199,3.712199,"3HW","25",-1.69,2.6,0.618075100960514,618.075100960514,203.470323236201,0.132987139370066
"B2","G_h",15446.858,15.446858,"3HW","25",0.19,2.34,937.315849518672,937315.849518672,69689.0584853735,45.5484042388062
"B2","A_o",3338.983,3.338983,"3HW","25",-1.69,2.6,0.469242068487057,469.242068487057,154.474488945939,0.10096371826532
"B2","G_h",13081.262,13.081262,"3HW","25",0.19,2.34,635.272662902224,635272.662902224,47232.2683777152,30.8707636455655
"B2","A_o",8859.314,8.859314,"3HW","25",-1.69,2.6,5.9325341384774,5932.5341384774,1952.99023838676,1.27646420809592
"B2","A_o",4100.386,4.100386,"3HW","25",-1.69,2.6,0.800468653032214,800.468653032214,263.514280578205,0.172231555933467
"B2","A_o",3975.327,3.975327,"3HW","25",-1.69,2.6,0.738532194074949,738.532194074949,243.124798289473,0.158905096921224
"B2","A_o",3881.125,3.881125,"3HW","25",-1.69,2.6,0.693888738148192,693.888738148192,228.428172598385,0.149299459214631
"B2","A_o",4245.776,4.245776,"3HW","25",-1.69,2.6,0.876371815975562,876.371815975562,288.501601819155,0.188563138443892
"B2","A_o",9087.962,9.087962,"3HW","25",-1.69,2.6,6.33888548814858,6338.88548814858,2086.76110269851,1.36389614555458
"B2","A_o",4942.53,4.94253,"3HW","25",-1.69,2.6,1.30097279964214,1300.97279964214,428.280245642191,0.279921729177903
"B2","A_o",14996.315,14.996315,"3HW","25",-1.69,2.6,23.3109429284827,23310.9429284827,7673.96241205651,5.01566170722648
"B2","A_o",6763.702,6.763702,"3HW","25",-1.69,2.6,2.94089560762955,2940.89560762955,968.142834031647,0.632773094138331
"B2","A_o",7185,7.185,"3HW","25",-1.69,2.6,3.44119757689906,3441.19757689906,1132.84224231517,0.740419766219067
"B2","A_o",10110.959,10.110959,"3HW","25",-1.69,2.6,8.3648875725706,8364.8875725706,2753.72098889024,1.79981763979754
"B2","A_o",7395.447,7.395447,"3HW","25",-1.69,2.6,3.70943286499902,3709.43286499902,1221.14529915768,0.798134182455998
"B2","A_o",10301.271,10.301271,"3HW","25",-1.69,2.6,8.78043662237519,8780.43662237519,2890.51973608591,1.88922858567707
"B2","A_o",9790.336,9.790336,"3HW","25",-1.69,2.6,7.69261064984807,7692.61064984807,2532.40742592999,1.65516825224182
"B2","A_o",3623.535,3.623535,"3HW","25",-1.69,2.6,0.580422711151464,580.422711151464,191.075156511062,0.124885723209844
"B2","A_o",5107.845,5.107845,"3HW","25",-1.69,2.6,1.41715725934789,1417.15725934789,466.528169777326,0.304920372403481
"B2","A_o",7052.218,7.052218,"3HW","25",-1.69,2.6,3.27828642261832,3278.28642261832,1079.21189032595,0.705367248579053
"B2","A_o",6810.249,6.810249,"3HW","25",-1.69,2.6,2.9938068441403,2993.8068441403,985.561213090988,0.644157655615025
"B2","A_o",9733.574,9.733574,"3HW","25",-1.69,2.6,7.57718814184632,7577.18814184632,2494.41033629581,1.63033355313452
"B2","A_o",5344.495,5.344495,"3HW","25",-1.69,2.6,1.59425341252986,1594.25341252986,524.82822340483,0.343024982617536
"B2","A_o",7366.293,7.366293,"3HW","25",-1.69,2.6,3.67153245935082,3671.53245935082,1208.66848561829,0.789979402364896
"B2","A_o",8824.542,8.824542,"3HW","25",-1.69,2.6,5.8721839756511,5872.1839756511,1933.12296478434,1.26347906195055
"B2","A_o",8915.904,8.915904,"3HW","25",-1.69,2.6,6.03156479320026,6031.56479320025,1985.59112992152,1.29777198034087
"B2","A_o",7106.598,7.106598,"3HW","25",-1.69,2.6,3.34441796987903,3344.41796987903,1100.98239568418,0.719596337048481
"B2","A_o",4992.689,4.992689,"3HW","25",-1.69,2.6,1.33557947723659,1335.57947723659,439.672763906285,0.287367819546591
"B2","A_o",5998.159,5.998159,"3HW","25",-1.69,2.6,2.15202212579642,2152.02212579642,708.44568381218,0.463036394648484
"B2","A_o",9365.919,9.365919,"3HW","25",-1.69,2.6,6.85537211404511,6855.37211404511,2256.78849994365,1.47502516336186
"B2","A_o",4870.554,4.870554,"3HW","25",-1.69,2.6,1.25228662788258,1252.28662788258,412.252757898946,0.269446246992775
"B2","A_o",7336.517,7.336517,"3HW","25",-1.69,2.6,3.63307039875877,3633.07039875877,1196.00677527139,0.781703774687181
"B2","A_o",6146.521,6.146521,"3HW","25",-1.69,2.6,2.29317057981478,2293.17057981478,754.911754875024,0.49340637573531
"B2","A_o",6201.771,6.201771,"3HW","25",-1.69,2.6,2.34715022846774,2347.15022846774,772.681855211581,0.505020820399726
"B2","A_o",9806.989,9.806989,"3HW","25",-1.69,2.6,7.72667756109757,7726.67756109757,2543.62225311332,1.66249820464923
"B2","A_o",10708.509,10.708509,"3HW","25",-1.69,2.6,9.71170351791099,9711.70351791099,3197.0927980963,2.08960313601065
"B2","A_o",4952.753,4.952753,"3HW","25",-1.69,2.6,1.30798071650115,1307.98071650115,430.587251872177,0.281429576387044
"B2","A_o",6696.088,6.696088,"3HW","25",-1.69,2.6,2.8650684124013,2865.0684124013,943.180521362506,0.616457857099677
"B2","A_o",10239.94,10.23994,"3HW","25",-1.69,2.6,8.64516469119364,8645.16469119364,2845.98821634095,1.86012301721631
"B2","A_o",8037.511,8.037511,"3HW","25",-1.69,2.6,4.6059170127194,4605.9170127194,1516.26788058723,0.991024758553743
"B2","A_o",4650.842,4.650842,"3HW","25",-1.69,2.6,1.11066253637269,1110.66253637269,365.63010697389,0.238973926126725
"B2","A_o",7210.071,7.210071,"3HW","25",-1.69,2.6,3.47250442316282,3472.50442316282,1143.1484561052,0.74715585366353
"B2","A_o",8128.42,8.12842,"3HW","25",-1.69,2.6,4.74259405945512,4742.59405945512,1561.26196437262,1.0204326564527
"B2","A_o",12889.177,12.889177,"3HW","25",-1.69,2.6,15.7248129423605,15724.8129423605,5176.60842062507,3.38340419648697
"B2","A_o",5990.383,5.990383,"3HW","25",-1.69,2.6,2.14477596734302,2144.77596734302,706.060248449321,0.461477286568184
"C1","A_o",10838.977845209,10.838977845209,"1HW","25",-1.69,2.6,10.0223520599464,10022.3520599464,3125.97160749727,2.04311869771063
"C1","I_o",4918.314,4.918314,"1HW","25",-1.77,2.51,0.925675549177892,925.675549177892,278.628340302545,0.182110026341533
"C1","G_h",3777.46,3.77746,"1HW","25",0.19,2.34,34.7254358740706,34725.4358740706,1510.84815418341,0.987482453714649
"C1","A_o",16525.9177300921,16.5259177300921,"1HW","25",-1.69,2.6,30.0075490493509,30007.5490493509,9359.35454849255,6.11722519509317
"C1","I_o",9815.17,9.81517,"1HW","25",-1.77,2.51,5.24401038834811,5244.01038834811,1578.44712689278,1.03166478881881
"C1","G_h",4401.941,4.401941,"1HW","25",0.19,2.34,49.6738096258101,49673.8096258101,2161.2279787236,1.41256730635529
"C1","A_o",18597.4598352411,18.5974598352411,"1HW","25",-1.69,2.6,40.792416811297,40792.416811297,12723.1548034435,8.31578745323107
"C1","I_o",8434.726,8.434726,"1HW","25",-1.77,2.51,3.58457901341681,3584.57901341681,1078.95828303846,0.705201492181999
"C1","G_h",4456.68,4.45668,"1HW","25",0.19,2.34,51.1312956014003,51131.2956014003,2224.64086154397,1.45401363499606
"C1","A_o",20371.033134365,20.371033134365,"1HW","25",-1.69,2.6,51.6932626113828,51693.2626113828,16123.1286084903,10.5379925545688
"C1","I_o",8338.585,8.338585,"1HW","25",-1.77,2.51,3.4829065651194,3482.9065651194,1048.35487610094,0.68519926542545
"C1","G_h",5618.289,5.618289,"1HW","25",0.19,2.34,87.9171367904468,87917.1367904468,3825.13395433347,2.50008755185194
"C1","A_o",18267.3778728265,18.2673778728265,"1HW","25",-1.69,2.6,38.9366113839212,38936.6113839212,12144.329090645,7.93746999388564
"C1","I_o",10966.805,10.966805,"1HW","25",-1.77,2.51,6.92789193432411,6927.89193432412,2085.29547223156,1.36293821714481
"C1","G_h",3526.363,3.526363,"1HW","25",0.19,2.34,29.5627763335704,29562.7763335704,1286.22909783152,0.840672612961775
"C1","A_o",23213.7706330957,23.2137706330957,"1HW","25",-1.69,2.6,72.6003628799306,72600.3628799306,22644.0531822504,14.8000347596408
"C1","I_o",5938.08,5.93808,"1HW","25",-1.77,2.51,1.48542788068004,1485.42788068004,447.113792084691,0.292231236656661
"C1","G_h",4004.163,4.004163,"1HW","25",0.19,2.34,39.7994885326813,39799.4885326813,1731.61206687531,1.13177259272896
"C1","A_o",23978.131745171,23.978131745171,"1HW","25",-1.69,2.6,78.9805019173681,78980.5019173681,24634.0185480271,16.1006657176648
"C1","I_o",6180.719,6.180719,"1HW","25",-1.77,2.51,1.64250949279412,1642.50949279412,494.395357331029,0.323134220477797
"C1","G_h",1423.393,1.423393,"1HW","25",0.19,2.34,3.53818137601426,3538.18137601426,153.940610580179,0.10061477815698
"C1","A_o",15527.2705956694,15.5272705956694,"1HW","25",-1.69,2.6,25.5180401310446,25518.0401310446,7959.0767168728,5.20201092606065
"C1","I_o",6565.589,6.565589,"1HW","25",-1.77,2.51,1.91142371030371,1911.42371030371,575.338536801418,0.376038259347332
"C1","G_h",2480.779,2.480779,"1HW","25",0.19,2.34,12.9818354496354,12981.8354496354,564.818889476918,0.369162672860731
"C1","A_o",15571.4104585357,15.5714104585357,"1HW","25",-1.69,2.6,25.7070757427174,25707.0757427174,8018.03692415356,5.2405470092507
"C1","I_o",5091.741,5.091741,"1HW","25",-1.77,2.51,1.00979780910328,1009.79780910328,303.949140540087,0.198659568980449
"C1","G_h",1562.118,1.562118,"1HW","25",0.19,2.34,4.39835599971586,4398.35599971586,191.365432178038,0.125075445867998
"C1","A_o",15536.2529581821,15.5362529581821,"1HW","25",-1.69,2.6,25.556438880919,25556.438880919,7971.05328695863,5.20983874964616
"C1","I_o",2110.586,2.110586,"1HW","25",-1.77,2.51,0.110726523147323,110.726523147323,33.3286834673441,0.0217834532466301
"C1","G_h",958.06,0.95806,"1HW","25",0.19,2.34,1.40106710766062,1401.06710766062,60.9581881469415,0.0398419530372167
"C1","A_o",18873.4505556921,18.8734505556921,"1HW","25",-1.69,2.6,42.3851183383219,42385.1183383219,13219.9184097226,8.6404695488383
"C1","I_o",1952.069,1.952069,"1HW","25",-1.77,2.51,0.091021264228202,91.021264228202,27.3974005326888,0.0179067977337835
"C1","G_h",2342.939,2.342939,"1HW","25",0.19,2.34,11.3564004157595,11356.4004157595,494.098811849029,0.322940399901326
"C1","A_o",11171.2595465628,11.1712595465628,"1HW","25",-1.69,2.6,10.8409057670203,10840.9057670203,3381.27850873365,2.20998595342068
"C1","I_o",5232.328,5.232328,"1HW","25",-1.77,2.51,1.08124559658944,1081.24559658944,325.454924573423,0.212715636976093
"C1","G_h",1193.432,1.193432,"1HW","25",0.19,2.34,2.34264546646473,2342.64546646473,101.924756013134,0.0666174875902836
"C1","A_o",11468.1827396675,11.4681827396675,"1HW","25",-1.69,2.6,11.6060910138679,11606.0910138679,3619.9397872254,2.36597371714079
"C1","I_o",9128.794,9.128794,"1HW","25",-1.77,2.51,4.37157215829888,4371.57215829888,1315.84321964796,0.860028248135924
"C1","G_h",1154.53,1.15453,"1HW","25",0.19,2.34,2.16784496623977,2167.84496623977,94.3194659291465,0.0616467097576121
"C1","A_o",10715.9937700908,10.7159937700908,"1HW","25",-1.69,2.6,9.7293623115056,9729.3623115056,3034.5881049586,1.98339091827359
"C1","I_o",10503.391,10.503391,"1HW","25",-1.77,2.51,6.21637388764158,6216.37388764158,1871.12854018011,1.22295983018308
"C1","G_h",1312.602,1.312602,"1HW","25",0.19,2.34,2.92705824364573,2927.05824364573,127.351620887836,0.0832363535214613
"C1","A_o",7862.86268267892,7.86286268267892,"1HW","25",-1.69,2.6,4.35020574013964,4350.20574013964,1356.82917034955,0.886816451208859
"C1","I_o",3437.16,3.43716,"1HW","25",-1.77,2.51,0.376583571625694,376.583571625694,113.351655059334,0.0740860490583883
"C1","G_h",1155.886,1.155886,"1HW","25",0.19,2.34,2.17380762849182,2173.80762849182,94.5788918234737,0.0618162691656691
"C1","A_o",11536.8658100376,11.5368658100376,"1HW","25",-1.69,2.6,11.7876813457163,11787.6813457163,3676.57781172892,2.40299203380975
"C1","I_o",8800.868,8.800868,"1HW","25",-1.77,2.51,3.98803557028579,3988.03557028579,1200.39870665602,0.784574318075832
"C1","G_h",1439.502,1.439502,"1HW","25",0.19,2.34,3.63259280079799,3632.59280079799,158.048300614239,0.103299542885124
"C1","A_o",10679.3333209985,10.6793333209985,"1HW","25",-1.69,2.6,9.64305777425821,9643.05777425821,3007.66971979113,1.96579720247787
"C1","I_o",10077.7,10.0777,"1HW","25",-1.77,2.51,5.60321360414818,5603.21360414818,1686.5672948486,1.10233156526052
"C1","G_h",1289.198,1.289198,"1HW","25",0.19,2.34,2.8063893142496,2806.3893142496,122.101508840097,0.0798049077386256
"C1","A_o",10297.6306952533,10.2976306952533,"1HW","25",-1.69,2.6,8.77237145094423,8772.37145094423,2736.1026555495,1.78830238924804
"C1","I_o",12597.663,12.597663,"1HW","25",-1.77,2.51,9.81132960446489,9811.32960446489,2953.21021094393,1.93020275225094
"C1","G_h",1834.219,1.834219,"1HW","25",0.19,2.34,6.4043606363854,6404.3606363854,278.64348431211,0.182119924387
"C1","A_o",13376.2412810063,13.3762412810063,"1HW","25",-1.69,2.6,17.3168400029895,17316.8400029895,5401.12239693242,3.53014535747217
"C1","I_o",9183.779,9.183779,"1HW","25",-1.77,2.51,4.43796399862046,4437.96399862046,1335.82716358476,0.873089649401803
"C1","G_h",3098.116,3.098116,"1HW","25",0.19,2.34,21.8357723869701,21835.7723869701,950.039519321248,0.620940862301469
"C1","A_o",10047.2520823095,10.0472520823095,"1HW","25",-1.69,2.6,8.22854363761031,8228.54363761031,2566.48276057066,1.67743971279128
"C1","I_o",4226.998,4.226998,"1HW","25",-1.77,2.51,0.632907768373104,632.907768373104,190.505238280304,0.124513227634186
"C1","G_h",2057.858,2.057858,"1HW","25",0.19,2.34,8.38285673793775,8382.85673793775,364.724684096891,0.238382146468556
"C1","A_o",10450.867670049,10.450867670049,"1HW","25",-1.69,2.6,9.11582767269509,9115.82767269509,2843.2266511136,1.85831807262327
"C1","I_o",9635.366,9.635366,"1HW","25",-1.77,2.51,5.00621183036031,5006.21183036031,1506.86976093845,0.9848821966918
"C1","G_h",3575.226,3.575226,"1HW","25",0.19,2.34,30.5302380036742,30530.2380036742,1328.32180715906,0.868184187685659
"C1","A_o",9509.1028790905,9.5091028790905,"1HW","25",-1.69,2.6,7.13120333355283,7131.20333355283,2224.22231973513,1.45374007825825
"C1","I_o",8406.985,8.406985,"1HW","25",-1.77,2.51,3.55506122130629,3555.06122130629,1070.07342761319,0.699394397132806
"C1","G_h",4097.234,4.097234,"1HW","25",0.19,2.34,41.9979794799232,41997.9794799232,1827.26489040429,1.19429077804202
"C1","A_o",9317.68759949346,9.31768759949346,"1HW","25",-1.69,2.6,6.76396229829094,6763.96229829094,2109.67984083694,1.37887571296532
"C1","I_o",5481.428,5.481428,"1HW","25",-1.77,2.51,1.21513133949327,1215.13133949327,365.754533187473,0.239055250449329
"C1","G_h",2828.879,2.828879,"1HW","25",0.19,2.34,17.6513379443763,17651.3379443763,767.9814718191,0.501948674391569
"C1","A_o",11990.0853275251,11.9900853275251,"1HW","25",-1.69,2.6,13.0298048666519,13029.8048666519,4063.99613790873,2.65620662608414
"C1","I_o",4592.118,4.592118,"1HW","25",-1.77,2.51,0.779206790358565,779.206790358565,234.541243897928,0.153294930652241
"C1","G_h",3789.236,3.789236,"1HW","25",0.19,2.34,34.9792804941061,34979.2804941061,1521.89252744977,0.99470099833318
"C1","A_o",10416.3764259388,10.4163764259388,"1HW","25",-1.69,2.6,9.03781259262506,9037.81259262506,2818.89374763976,1.84241421414363
"C1","I_o",7322.637,7.322637,"1HW","25",-1.77,2.51,2.51371154215779,2513.71154215779,756.627174189495,0.494527564829735
"C1","G_h",4660.007,4.660007,"1HW","25",0.19,2.34,56.7576716979361,56757.6716979361,2469.43548330248,1.61401011980554
"C1","A_o",11063.2047695997,11.0632047695997,"1HW","25",-1.69,2.6,10.5703768833988,10570.3768833988,3296.90054993208,2.15483696073992
"C1","G_h",5442.729,5.442729,"1HW","25",0.19,2.34,81.6227275496898,81622.7275496897,3551.27427932292,2.32109430021106
"C1","A_o",9515.85282099053,9.51585282099053,"1HW","25",-1.69,2.6,7.14437204389336,7144.37204389336,2228.32964049034,1.45642460162767
"C1","G_h",5502.617,5.502617,"1HW","25",0.19,2.34,83.7398402789811,83739.8402789811,3643.38646679402,2.38129834430982
"C1","A_o",10478.4952545969,10.4784952545969,"1HW","25",-1.69,2.6,9.17861586892658,9178.61586892658,2862.8102895182,1.87111783628641
"C1","G_h",5334.545,5.334545,"1HW","25",0.19,2.34,77.876760266642,77876.760266642,3388.29323638516,2.2145707427354
"C1","A_o",8378.46898207858,8.37846898207858,"1HW","25",-1.69,2.6,5.13130857567955,5131.30857567955,1600.45514475445,1.0460491142186
"C1","G_h",4320.165,4.320165,"1HW","25",0.19,2.34,47.5412703004676,47541.2703004676,2068.44460474086,1.351924578262
"C1","A_o",9414.67340288844,9.41467340288844,"1HW","25",-1.69,2.6,6.94854177705173,6948.54177705173,2167.25018026244,1.41650338579244
"C1","G_h",1170.705,1.170705,"1HW","25",0.19,2.34,2.23958261350121,2239.58261350121,97.4406561812562,0.063686703386442
"C1","A_o",13009.8584181873,13.0098584181873,"1HW","25",-1.69,2.6,16.110487519549,16110.487519549,5024.86105734734,3.28422291329892
"C1","G_h",4459.994,4.459994,"1HW","25",0.19,2.34,51.2203099550864,51220.3099550864,2228.51373364988,1.45654492395417
"C1","A_o",10921.0964888137,10.9210964888137,"1HW","25",-1.69,2.6,10.2209728528112,10220.9728528112,3187.92143279181,2.08360877960249
"C1","G_h",3523.505,3.523505,"1HW","25",0.19,2.34,29.5067411997296,29506.7411997296,1283.79109881432,0.83907914955184
"C1","A_o",9714.56671762367,9.71456671762366,"1HW","25",-1.69,2.6,7.5387776039392,7538.7776039392,2351.34473466864,1.53682662396643
"C1","G_h",4293.812,4.293812,"1HW","25",0.19,2.34,46.8654379098199,46865.4379098199,2039.04021875561,1.33270602533046
"C1","A_o",8971.00153358703,8.97100153358703,"1HW","25",-1.69,2.6,6.12895482640532,6128.95482640532,1911.62101035582,1.24942549696459
"C1","G_h",2245.155,2.245155,"1HW","25",0.19,2.34,10.2781845137141,10278.1845137141,447.187363096478,0.29227932228528
"C1","A_o",8294.37248971846,8.29437248971846,"1HW","25",-1.69,2.6,4.9984711660994,4998.4711660994,1559.0231567064,1.01896938346824
"C1","G_h",2848.752,2.848752,"1HW","25",0.19,2.34,17.942868109665,17942.868109665,780.66548286255,0.510238877687941
"C1","A_o",9137.55776819726,9.13755776819726,"1HW","25",-1.69,2.6,6.42922097038091,6429.22097038091,2005.27402066181,1.31063661481164
"C1","G_h",3333.624,3.333624,"1HW","25",0.19,2.34,25.9193960039437,25919.3960039437,1127.71144909798,0.737066306599989
"C1","A_o",10152.3872477316,10.1523872477316,"1HW","25",-1.69,2.6,8.45429221583894,8454.29221583894,2636.89374212017,1.72345996217004
"C1","G_h",1921.37,1.92137,"1HW","25",0.19,2.34,7.13920335423314,7139.20335423314,310.615315217317,0.203016545893671
"C1","A_o",11571.9100138444,11.5719100138444,"1HW","25",-1.69,2.6,11.8810035128359,11881.0035128359,3705.68499565352,2.42201633702845
"C1","G_h",1963.21,1.96321,"1HW","25",0.19,2.34,7.50831030056489,7508.31030056489,326.674567881097,0.213512789464769
"C1","A_o",9690.61452251325,9.69061452251325,"1HW","25",-1.69,2.6,7.4905451779272,7490.5451779272,2336.30104099549,1.5269941444415
"C1","G_h",1493.392,1.493392,"1HW","25",0.19,2.34,3.95882897278081,3958.82897278081,172.242314479337,0.112576676130285
"C1","A_o",12404.8122084481,12.4048122084481,"1HW","25",-1.69,2.6,14.2342472248314,14234.2472248314,4439.66170942491,2.90173967936269
"C1","G_h",1496.537,1.496537,"1HW","25",0.19,2.34,3.97836525510208,3978.36525510208,173.092306865083,0.113132226709205
"C1","A_o",9473.5615294134,9.4735615294134,"1HW","25",-1.69,2.6,7.06211082093581,7062.11082093581,2202.67236504988,1.43965514055548
"C1","G_h",1031.645,1.031645,"1HW","25",0.19,2.34,1.66594573010767,1665.94573010767,72.4826332038167,0.0473742700678541
"C1","A_o",11543.5841523596,11.5435841523596,"1HW","25",-1.69,2.6,11.8055371050495,11805.5371050495,3682.14702306493,2.40663204121891
"C1","G_h",1674.985,1.674985,"1HW","25",0.19,2.34,5.17828033296161,5178.28033296161,225.298692038627,0.14725404708407
"C1","A_o",8533.49818915536,8.53349818915536,"1HW","25",-1.69,2.6,5.38183602847792,5381.83602847792,1678.59465728226,1.09712069103416
"C1","G_h",900.979,0.900979,"1HW","25",0.19,2.34,1.21347916612327,1213.47916612327,52.7965369513578,0.0345075404910835
"C1","A_o",9663.79775842557,9.66379775842557,"1HW","25",-1.69,2.6,7.43677024955871,7436.77024955871,2319.52864083736,1.51603179139697
"C1","G_h",3473.4,3.4734,"1HW","25",0.19,2.34,28.5342348840234,28534.2348840234,1241.47890502804,0.811424120933362
"C1","A_o",12884.0774801624,12.8840774801624,"1HW","25",-1.69,2.6,15.708642367388,15708.642367388,4899.52555438833,3.20230428391394
"C1","G_h",3697.373,3.697373,"1HW","25",0.19,2.34,33.0270847743934,33027.0847743934,1436.95561519822,0.939186676600142
"C1","A_o",8221.23140857928,8.22123140857928,"1HW","25",-1.69,2.6,4.8846772019599,4884.6772019599,1523.53081929129,0.995771777314571
"C1","G_h",2564.554,2.564554,"1HW","25",0.19,2.34,14.0309709230752,14030.9709230752,610.465095309525,0.398996794319951
"C1","A_o",9701.2283252238,9.7012283252238,"1HW","25",-1.69,2.6,7.51189463912846,7511.89463912846,2342.95993794417,1.53134636466939
"C1","G_h",4947.686,4.947686,"1HW","25",0.19,2.34,65.29816600428,65298.16600428,2841.01872578062,1.85687498417034
"C1","A_o",6701.02281280353,6.70102281280353,"1HW","25",-1.69,2.6,2.87056146663082,2870.56146663082,895.328121442151,0.58518177872036
"C1","G_h",4126.417,4.126417,"1HW","25",0.19,2.34,42.7012990032085,42701.2990032085,1857.8651975512,1.21429097879163
"C1","A_o",9565.33245754845,9.56533245754845,"1HW","25",-1.69,2.6,7.24136068639969,7241.36068639969,2258.58039808806,1.47619633861965
"C1","G_h",10833.527,10.833527,"1HW","25",0.19,2.34,408.659402693099,408659.402693099,17780.1167561324,11.6209913438774
"C1","A_o",10427.668484028,10.427668484028,"1HW","25",-1.69,2.6,9.06330845341882,9063.30845341882,2826.84590662133,1.84761170367407
"C1","G_h",4463.707,4.463707,"1HW","25",0.19,2.34,51.3201468193362,51320.1468193362,2232.85747587441,1.45938397115974
"C1","A_o",11392.8769686837,11.3928769686837,"1HW","25",-1.69,2.6,11.4089810670267,11408.9810670267,3558.46119480563,2.32579163059191
"C1","G_h",5318.91,5.31891,"1HW","25",0.19,2.34,77.3437066953254,77343.7066953254,3365.10092838289,2.19941237149209
"C1","A_o",9189.03429191199,9.18903429191199,"1HW","25",-1.69,2.6,6.5238154634778,6523.8154634778,2034.77804305873,1.32992028958087
"C1","G_h",3047.334,3.047334,"1HW","25",0.19,2.34,21.0074304290847,21007.4304290847,913.99968608079,0.597385415739078
"C1","A_o",7729.40582416702,7.72940582416702,"1HW","25",-1.69,2.6,4.16082917681474,4160.82917681474,1297.76262024852,0.848210862907527
"C1","G_h",2424.644,2.424644,"1HW","25",0.19,2.34,12.3048486990194,12304.8486990194,535.364279136416,0.349911293553213
"C1","A_o",7924.42698511218,7.92442698511218,"1HW","25",-1.69,2.6,4.43932006037561,4439.3200603756,1384.62392683115,0.904982958713171
"C1","G_h",3680.867,3.680867,"1HW","25",0.19,2.34,32.683103824537,32683.103824537,1421.98955443948,0.929404937542146
"C1","A_o",8167.44153440005,8.16744153440005,"1HW","25",-1.69,2.6,4.80201695597655,4802.01695597655,1497.74908856909,0.978920972920971
"C1","G_h",3359.179,3.359179,"1HW","25",0.19,2.34,26.3867293873591,26386.7293873591,1148.04437687698,0.750355801880376
"C1","A_o",7044.99104398175,7.04499104398175,"1HW","25",-1.69,2.6,3.26955884321701,3269.55884321701,1019.77540319939,0.666519871372148
"C1","G_h",1185.715,1.185715,"1HW","25",0.19,2.34,2.30735243031164,2307.35243031164,100.389212478971,0.0656138643653406
"C1","A_o",7212.17858401844,7.21217858401844,"1HW","25",-1.69,2.6,3.47514417477779,3475.14417477779,1083.89746811319,0.708429717721041
"C1","G_h",1924.164,1.924164,"1HW","25",0.19,2.34,7.16352001861837,7163.52001861837,311.673294378056,0.203708035541213
"C1","A_o",7078.37725819298,7.07837725819298,"1HW","25",-1.69,2.6,3.30999726279613,3309.99726279613,1032.38814626611,0.674763494291577
"C1","G_h",1378.489,1.378489,"1HW","25",0.19,2.34,3.28249243186586,3282.49243186586,142.815993722592,0.0933437867467925
"C1","A_o",9425.10712948938,9.42510712948938,"1HW","25",-1.69,2.6,6.96858124430476,6968.58124430476,2173.50049009866,1.42058855562004
"C1","G_h",1304.733,1.304733,"1HW","25",0.19,2.34,2.88616166418158,2886.16166418158,125.572276149878,0.0820733831044954
"C1","A_o",8340.37894462347,8.34037894462347,"1HW","25",-1.69,2.6,5.07087653340685,5070.87653340684,1581.6063907696,1.03372966716967
"C1","G_h",1884.31,1.88431,"1HW","25",0.19,2.34,6.82113281551059,6821.13281551059,296.776574990361,0.193971617640759
"C1","A_o",8175.11067285459,8.17511067285459,"1HW","25",-1.69,2.6,4.813749272149,4813.749272149,1501.40839798327,0.981312678420441
"C1","G_h",950.553,0.950553,"1HW","25",0.19,2.34,1.37551277493116,1375.51277493116,59.846360016815,0.0391152679848464
"C1","A_o",8730.05432473157,8.73005432473157,"1HW","25",-1.69,2.6,5.71010455061568,5710.10455061568,1780.98160933703,1.16404026754054
"C1","G_h",1360.343,1.360343,"1HW","25",0.19,2.34,3.18227214429438,3182.27214429438,138.455569362818,0.0904938361848482
"C1","A_o",10058.9955964204,10.0589955964204,"1HW","25",-1.69,2.6,8.25357319083435,8253.57319083434,2574.28947822123,1.68254214262826
"C1","G_h",1107.62,1.10762,"1HW","25",0.19,2.34,1.96731746050388,1967.31746050388,85.5948349985869,0.0559443366003836
"C1","A_o",10087.6865586437,10.0876865586437,"1HW","25",-1.69,2.6,8.31492060550141,8314.92060550141,2593.42373685589,1.69504819402346
"C1","G_h",1498.929,1.498929,"1HW","25",0.19,2.34,3.99326089443408,3993.26089443408,173.740392299396,0.113555811960389
"C1","A_o",8317.8620591122,8.31786205911219,"1HW","25",-1.69,2.6,5.03535919387069,5035.35919387069,1570.52853256827,1.02648923697272
"C1","G_h",1878.002,1.878002,"1HW","25",0.19,2.34,6.76781935376905,6767.81935376905,294.456991571525,0.192455550046749
"C1","A_o",11351.7993071417,11.3517993071417,"1HW","25",-1.69,2.6,11.3023364572013,11302.3364572013,3525.19874100107,2.30405146470658
"C1","G_h",1251.306,1.251306,"1HW","25",0.19,2.34,2.61716228495238,2617.16228495238,113.868543558622,0.0744238846788381
"C1","A_o",9950.90297778638,9.95090297778638,"1HW","25",-1.69,2.6,8.02495265388974,8024.95265388974,2502.98273274821,1.63593642663282
"C1","G_h",1121.68,1.12168,"1HW","25",0.19,2.34,2.02625175746677,2026.25175746677,88.1589719645674,0.0576202431140963
"C1","A_o",10891.5038758471,10.8915038758471,"1HW","25",-1.69,2.6,10.1491205477471,10149.1205477471,3165.51069884234,2.06896124107342
"C1","G_h",4177.586,4.177586,"1HW","25",0.19,2.34,43.9506633016694,43950.6633016694,1912.22303919435,1.24981897986559
"C1","A_o",7693.95527756624,7.69395527756624,"1HW","25",-1.69,2.6,4.11139411283789,4111.39411283789,1282.34382379414,0.838133218166103
"C1","G_h",3441.868,3.441868,"1HW","25",0.19,2.34,27.9317697090747,27931.7697090747,1215.2666092103,0.794291901444644
"C1","A_o",8370.7136921721,8.3707136921721,"1HW","25",-1.69,2.6,5.11896863142762,5118.96863142762,1596.60631614228,1.04353353996227
"C1","G_h",3307.735,3.307735,"1HW","25",0.19,2.34,25.4508246204876,25450.8246204876,1107.32465791802,0.723741606482369
"C1","A_o",7549.84132967673,7.54984132967673,"1HW","25",-1.69,2.6,3.91415791873932,3914.15791873932,1220.82585485479,0.797925395329931
"C1","G_h",3546.116,3.546116,"1HW","25",0.19,2.34,29.9517274455498,29951.7274455498,1303.15173839196,0.851733162347685
"C1","A_o",9006.83652253652,9.00683652253652,"1HW","25",-1.69,2.6,6.19281246406454,6192.81246406454,1931.53820754173,1.26244327290309
"C1","G_h",5310.443,5.310443,"1HW","25",0.19,2.34,77.0559109319946,77055.9109319946,3352.57939519359,2.19122836287163
"C1","A_o",8378.46898207858,8.37846898207858,"1HW","25",-1.69,2.6,5.13130857567955,5131.30857567955,1600.45514475445,1.0460491142186
"C1","G_h",3513.58,3.51358,"1HW","25",0.19,2.34,29.3126201674848,29312.6201674848,1275.345203295,0.833558956401959
"C1","A_o",10984.463239777,10.984463239777,"1HW","25",-1.69,2.6,10.3758810300604,10375.8810300604,3236.23729327584,2.1151877733829
"C1","G_h",3600.932,3.600932,"1HW","25",0.19,2.34,31.0463760327312,31046.3760327312,1350.77814698248,0.882861533975477
"C1","A_o",5794.00513061392,5.79400513061392,"1HW","25",-1.69,2.6,1.96673151111567,1966.73151111567,613.423558316977,0.400930430272534
"C1","G_h",3890.679,3.890679,"1HW","25",0.19,2.34,37.20998012328,37209.98012328,1618.94669919571,1.05813509751354
"C1","A_o",7464.68903970598,7.46468903970598,"1HW","25",-1.69,2.6,3.80041019199817,3800.41019199817,1185.34793888423,0.774737214957013
"C1","G_h",4500.32,4.50032,"1HW","25",0.19,2.34,52.3105813151929,52310.5813151929,2275.94969609394,1.48754882097643
"C1","A_o",7856.50025449315,7.85650025449315,"1HW","25",-1.69,2.6,4.34105946702193,4341.05946702193,1353.97644776414,0.884951926643229
"C1","G_h",2963.609,2.963609,"1HW","25",0.19,2.34,19.6816234085042,19681.6234085042,856.315943906564,0.559683623468342
"C1","A_o",7194.38177739783,7.19438177739783,"1HW","25",-1.69,2.6,3.45289243217909,3452.89243217909,1076.95714959666,0.70389356182788
"C1","G_h",3403.604,3.403604,"1HW","25",0.19,2.34,27.210549951921,27210.549951921,1183.88749152816,0.77378267420141
"C1","A_o",7727.34081477378,7.72734081477378,"1HW","25",-1.69,2.6,4.15793958612884,4157.93958612884,1296.86135691359,0.847621801904305
"C1","G_h",4345.277,4.345277,"1HW","25",0.19,2.34,48.1904378575923,48190.4378575923,2096.68884648327,1.37038486698253
"C1","A_o",7362.60963334397,7.36260963334397,"1HW","25",-1.69,2.6,3.66676109108746,3666.76109108746,1143.66278431018,0.747492015889007
"C1","G_h",1212.045,1.212045,"1HW","25",0.19,2.34,2.4290354984387,2429.0354984387,105.68344808027,0.0690741490720722
"C1","A_o",8142.71976252114,8.14271976252114,"1HW","25",-1.69,2.6,4.76431721913178,4764.31721913178,1485.9905406472,0.971235647481832
"C1","G_h",863.421,0.863421,"1HW","25",0.19,2.34,1.09840095309846,1098.40095309846,47.7896680277891,0.0312350771423458
"C1","A_o",5230.93363510888,5.23093363510888,"1HW","25",-1.69,2.6,1.50766879611738,1507.66879611738,470.241897509012,0.307347645430727
"C1","G_h",1210.382,1.210382,"1HW","25",0.19,2.34,2.42124394840457,2421.24394840457,105.344450204766,0.0688525818331801
"C1","A_o",7695.37170478138,7.69537170478138,"1HW","25",-1.69,2.6,4.11336232097032,4113.36232097032,1282.95770791064,0.838534449614799
"C1","G_h",1609.412,1.609412,"1HW","25",0.19,2.34,4.71629899941017,4716.29899941017,205.198623385937,0.13411674731107
"C1","A_o",6959.0170788744,6.9590170788744,"1HW","25",-1.69,2.6,3.16682850993012,3166.82850993012,987.733812247203,0.645577655063531
"C1","G_h",1258.62,1.25862,"1HW","25",0.19,2.34,2.65309884712903,2653.09884712903,115.432085880429,0.075445807764986
"C1","A_o",7107.28935124021,7.10728935124021,"1HW","25",-1.69,2.6,3.34526395883216,3345.26395883216,1043.38782875975,0.68195282925474
"C1","G_h",1292.32,1.29232,"1HW","25",0.19,2.34,2.8223180505034,2822.3180505034,122.794542668522,0.0802578710251778
"C1","A_o",9467.83210378561,9.4678321037856,"1HW","25",-1.69,2.6,7.05101152234524,7051.01152234524,2199.21049381948,1.43739247962058
"C1","G_h",1517.188,1.517188,"1HW","25",0.19,2.34,4.10801663702363,4108.01663702363,178.733231050279,0.11681910526162
"C1","A_o",7548.83917604895,7.54883917604895,"1HW","25",-1.69,2.6,3.91280720893971,3912.80720893971,1220.40456846829,0.797650044750519
"C1","G_h",1054.184,1.054184,"1HW","25",0.19,2.34,1.75236440786695,1752.36440786695,76.2425716032386,0.0498317461459076
"C1","A_o",10100.043357547,10.100043357547,"1HW","25",-1.69,2.6,8.34142826219058,8341.42826219058,2601.69147497724,1.70045194442957
"C1","G_h",2195.446,2.195446,"1HW","25",0.19,2.34,9.75356218564917,9753.56218564917,424.361884998098,0.277360709149084
"C1","A_o",6684.87749796043,6.68487749796043,"1HW","25",-1.69,2.6,2.85261379510477,2852.61379510477,889.730242693177,0.581523034439985
"C1","G_h",4439.467,4.439467,"1HW","25",0.19,2.34,50.6703783438096,50670.3783438096,2204.5870891338,1.4409065942051
"C1","A_o",8900.93094052519,8.90093094052519,"1HW","25",-1.69,2.6,6.00526424237577,6005.26424237577,1873.041917197,1.22421040339673
"C1","G_h",5346.282,5.346282,"1HW","25",0.19,2.34,78.2782952121532,78278.2952121532,3405.76337940845,2.22598913686827
"C1","A_o",8416.8645288542,8.4168645288542,"1HW","25",-1.69,2.6,5.19267183033552,5192.67183033552,1619.59434388165,1.05855839469389
"C1","G_h",14487.076,14.487076,"1HW","25",0.19,2.34,806.668183682858,806668.183682858,35096.8420029472,22.939112420227
"C1","A_o",6991.16266673295,6.99116266673295,"1HW","25",-1.69,2.6,3.20500313511694,3205.00313511694,999.640477842973,0.653359789439852
"C1","G_h",14694.009,14.694009,"1HW","25",0.19,2.34,833.889116222593,833889.116222593,36281.1812242591,23.713190342653
"C1","A_o",7814.93404495134,7.81493404495134,"1HW","25",-1.69,2.6,4.2815973646255,4281.5973646255,1335.43021802669,0.872830207860584
"C1","G_h",15055.939,15.055939,"1HW","25",0.19,2.34,882.747224716137,882747.224716137,38406.9193518396,25.102561667869
"C1","A_o",8094.92966691949,8.09492966691949,"1HW","25",-1.69,2.6,4.69195682672627,4691.95682672627,1463.42133425592,0.956484532193414
"C1","A_o",7432.88623310513,7.43288623310513,"1HW","25",-1.69,2.6,3.75845593238291,3758.45593238291,1172.26240531023,0.766184578634136
"C1","A_o",7369.57738392138,7.36957738392138,"1HW","25",-1.69,2.6,3.6757902131416,3675.7902131416,1146.47896747887,0.749332658482918
"C1","A_o",10573.5404161962,10.5735404161962,"1HW","25",-1.69,2.6,9.39665143426093,9396.65143426093,2930.81558234598,1.91556574009541
"C1","A_o",12610.9128471635,12.6109128471635,"1HW","25",-1.69,2.6,14.8573366221665,14857.3366221665,4634.00329245373,3.02876032186518
"C1","A_o",14226.3170413277,14.2263170413277,"1HW","25",-1.69,2.6,20.3254633928515,20325.4633928515,6339.51203223037,4.14347191649044
"C1","A_o",9521.17896883161,9.52117896883161,"1HW","25",-1.69,2.6,7.15477357695423,7154.77357695423,2231.57387865202,1.45854501872681
"C1","A_o",17475.7377664872,17.4757377664872,"1HW","25",-1.69,2.6,34.700229732597,34700.229732597,10823.001653597,7.07385728993269
"C1","A_o",13583.9004055153,13.5839004055153,"1HW","25",-1.69,2.6,18.02451844927,18024.51844927,5621.84730432732,3.67441000282831
"C1","A_o",14065.9916520107,14.0659916520107,"1HW","25",-1.69,2.6,19.7352632501084,19735.2632501084,6155.42860770882,4.02315595275086
"C1","A_o",10281.0017108516,10.2810017108516,"1HW","25",-1.69,2.6,8.7355875705834,8735.5875705834,2724.62976326496,1.78080376683985
"C1","A_o",13398.3977399127,13.3983977399127,"1HW","25",-1.69,2.6,17.3915164339091,17391.5164339091,5424.41397573626,3.54536861159233
"C1","A_o",11521.339289801,11.521339289801,"1HW","25",-1.69,2.6,11.7464791541808,11746.4791541808,3663.72684818899,2.39459271123464
"C1","A_o",13158.0534089097,13.1580534089097,"1HW","25",-1.69,2.6,16.5919823357265,16591.9823357265,5175.03929051309,3.38237862125038
"C1","A_o",13066.1115885056,13.0661115885056,"1HW","25",-1.69,2.6,16.2922304131217,16292.2304131217,5081.54666585264,3.32127233062264
"C1","A_o",11560.176496503,11.560176496503,"1HW","25",-1.69,2.6,11.8497069037837,11849.7069037837,3695.92358329013,2.4156363289478
"C1","A_o",13354.2067134776,13.3542067134776,"1HW","25",-1.69,2.6,17.242770417691,17242.770417691,5378.02009327782,3.51504581259988
"C1","A_o",14719.9249470496,14.7199249470496,"1HW","25",-1.69,2.6,22.2103063412348,22210.3063412348,6927.39454783113,4.52770885479159
"C1","A_o",11860.7514772871,11.8607514772871,"1HW","25",-1.69,2.6,12.6675239999155,12667.5239999155,3951.00073557364,2.58235342194355
"C1","A_o",12153.7589350868,12.1537589350868,"1HW","25",-1.69,2.6,13.4973219413803,13497.3219413803,4209.81471351652,2.75151288465132
"C1","A_o",8471.15859099052,8.47115859099052,"1HW","25",-1.69,2.6,5.28021142119848,5280.21142119848,1646.8979422718,1.07640388383778
"C1","A_o",14517.114097959,14.517114097959,"1HW","25",-1.69,2.6,21.4234176531028,21423.4176531028,6681.96396600278,4.36729670980574
"C1","A_o",14479.8067608447,14.4798067608447,"1HW","25",-1.69,2.6,21.2805668341077,21280.5668341077,6637.40879555818,4.33817568337136
"C1","A_o",12734.6041445536,12.7346041445536,"1HW","25",-1.69,2.6,15.2391999926711,15239.1999926711,4753.10647771412,3.10660554098962
"C1","A_o",9815.2124781858,9.8152124781858,"1HW","25",-1.69,2.6,7.74353444442503,7743.53444442503,2415.20839321617,1.57856757726547
"C1","A_o",12597.5348907716,12.5975348907716,"1HW","25",-1.69,2.6,14.8163927496135,14816.3927496135,4621.23289860446,3.0204136592186
"C1","A_o",11809.9909245273,11.8099909245273,"1HW","25",-1.69,2.6,12.5270515929834,12527.0515929834,3907.18739185151,2.55371724957615
"C1","A_o",14075.8017539547,14.0758017539547,"1HW","25",-1.69,2.6,19.7710697373096,19771.0697373096,6166.59665106686,4.03045532749468
"C1","A_o",10483.7639254212,10.4837639254212,"1HW","25",-1.69,2.6,9.19061990696795,9190.61990696795,2866.5543489833,1.87356493397602
"C1","A_o",12783.0065895207,12.7830065895207,"1HW","25",-1.69,2.6,15.3902556230769,15390.2556230769,4800.22072883768,3.13739916917496
"C1","A_o",9904.16881030896,9.90416881030896,"1HW","25",-1.69,2.6,7.92732910552883,7927.32910552883,2472.53394801444,1.61603526014016
"C1","A_o",10484.9266014424,10.4849266014424,"1HW","25",-1.69,2.6,9.19327022607151,9193.27022607151,2867.3809835117,1.87410521798151
"C1","A_o",11108.6752857087,11.1086752857087,"1HW","25",-1.69,2.6,10.6837054937961,10683.7054937961,3332.247743515,2.17793970164379
"C1","A_o",12439.037198908,12.439037198908,"1HW","25",-1.69,2.6,14.3365810112126,14336.5810112126,4471.5796173972,2.92260105712235
"C1","A_o",10486.5322385934,10.4865322385934,"1HW","25",-1.69,2.6,9.19693104789173,9196.93104789173,2868.52279383743,1.87485149924015
"C1","A_o",11613.3975621915,11.6133975621915,"1HW","25",-1.69,2.6,11.9920702279625,11992.0702279625,3740.32670410151,2.44465797653694
"C1","A_o",12274.9529992104,12.2749529992104,"1HW","25",-1.69,2.6,13.8500575662104,13850.0575662104,4319.83295490103,2.82342023196145
"C1","A_o",10090.2530358846,10.0902530358846,"1HW","25",-1.69,2.6,8.32042190996966,8320.42190996966,2595.13959371954,1.69616966909774
"C1","A_o",13004.5793680114,13.0045793680114,"1HW","25",-1.69,2.6,16.0934963114513,16093.4963114513,5019.56149954165,3.28075915002722
"C1","A_o",11971.2528040751,11.9712528040751,"1HW","25",-1.69,2.6,12.9766611868034,12976.6611868034,4047.42062416398,2.64537295696992
"C1","A_o",11145.8771414036,11.1458771414036,"1HW","25",-1.69,2.6,10.7769794367274,10776.9794367274,3361.33988631528,2.19695417406227
"C1","A_o",16644.2909688186,16.6442909688186,"1HW","25",-1.69,2.6,30.5696015656138,30569.6015656138,9534.65872831495,6.23180309040193
"C1","A_o",8819.51217825371,8.81951217825371,"1HW","25",-1.69,2.6,5.86348565592619,5863.48565592619,1828.82117608338,1.19530795822443
"C1","A_o",9634.85712068277,9.63485712068277,"1HW","25",-1.69,2.6,7.37900364092564,7379.00364092564,2301.51123560471,1.50425570954556
"C1","A_o",8500.67701005912,8.50067701005912,"1HW","25",-1.69,2.6,5.32818308321857,5328.18308321857,1661.86030365587,1.08618320500384
"C1","A_o",9393.67620405893,9.39367620405893,"1HW","25",-1.69,2.6,6.9083212363859,6908.3212363859,2154.70539362876,1.40830417884233
"C1","A_o",7735.94273750907,7.73594273750907,"1HW","25",-1.69,2.6,4.16998449906583,4169.98449906583,1300.61816525863,0.850077232195185
"C1","A_o",9091.96424656064,9.09196424656064,"1HW","25",-1.69,2.6,6.34614615626299,6346.14615626299,1979.36298613843,1.29370129812969
"C1","A_o",9920.10512165254,9.92010512165254,"1HW","25",-1.69,2.6,7.96053604648192,7960.53604648192,2482.89119289771,1.62280470124033
"C1","A_o",8496.17560743483,8.49617560743483,"1HW","25",-1.69,2.6,5.32085040151952,5320.85040151952,1659.57324023394,1.08468839230976
"C1","A_o",9645.42388450552,9.64542388450552,"1HW","25",-1.69,2.6,7.4000631746526,7400.0631746526,2308.07970417415,1.50854882625761
"C1","A_o",8999.73761954013,8.99973761954013,"1HW","25",-1.69,2.6,6.18012992066406,6180.12992066406,1927.58252225512,1.25985785768308
"C1","A_o",9141.07145847936,9.14107145847936,"1HW","25",-1.69,2.6,6.43565078767649,6435.65078767649,2007.2794806763,1.31194737299104
"C1","A_o",10589.5205845399,10.5895205845399,"1HW","25",-1.69,2.6,9.43361997590669,9433.6199759067,2942.3460704853,1.92310200685314
"C1","A_o",12174.1091271995,12.1741091271995,"1HW","25",-1.69,2.6,13.5561602798082,13556.1602798082,4228.16639127217,2.76350744527593
"C1","A_o",8110.24539994738,8.11024539994738,"1HW","25",-1.69,2.6,4.71507263947921,4715.07263947921,1470.63115625357,0.961196834152658
"C1","A_o",8972.18695084509,8.97218695084509,"1HW","25",-1.69,2.6,6.13106071790521,6131.06071790521,1912.27783791463,1.24985479602264
"C1","A_o",8854.95444443479,8.85495444443479,"1HW","25",-1.69,2.6,5.92494688259008,5924.94688259007,1847.99093267984,1.20783721090186
"C1","A_o",12833.4864648429,12.8334864648429,"1HW","25",-1.69,2.6,15.5487724521884,15548.7724521884,4849.66212783756,3.16971380904415
"C1","A_o",9717.94506966952,9.71794506966952,"1HW","25",-1.69,2.6,7.54559591113936,7545.59591113936,2353.47136468437,1.53821657822508
"C1","A_o",8028.8019341755,8.0288019341755,"1HW","25",-1.69,2.6,4.592952299841,4592.952299841,1432.54182232041,0.936301844653861
"C1","A_o",9857.75603369041,9.85775603369041,"1HW","25",-1.69,2.6,7.83110362731179,7831.10362731179,2442.52122135855,1.59641909892716
"C1","A_o",7852.5165150977,7.8525165150977,"1HW","25",-1.69,2.6,4.33533869442017,4335.33869442017,1352.19213878965,0.883785711627223
"C1","A_o",10693.8874638263,10.6938874638263,"1HW","25",-1.69,2.6,9.67726390685998,9677.26390685998,3018.33861254963,1.97277033499976
"C1","A_o",10971.8963928219,10.9718963928219,"1HW","25",-1.69,2.6,10.3450457256068,10345.0457256068,3226.61976181675,2.10890180510898
"C1","A_o",6590.08042946717,6.59008042946717,"1HW","25",-1.69,2.6,2.74862732138541,2748.62732138541,857.296861540108,0.560324746104646
"C1","A_o",8437.8640503234,8.4378640503234,"1HW","25",-1.69,2.6,5.22642306637571,5226.42306637571,1630.12135440258,1.06543879372718
"C1","A_o",13008.4595772512,13.0084595772512,"1HW","25",-1.69,2.6,16.1059841204566,16105.9841204566,5023.4564471704,3.28330486743164
"C1","A_o",8078.42855774609,8.07842855774609,"1HW","25",-1.69,2.6,4.66713013256143,4667.13013256143,1455.67788834591,0.951423456435236
"C1","A_o",8575.96338975301,8.57596338975301,"1HW","25",-1.69,2.6,5.45174567584223,5451.74567584223,1700.39947629519,1.11137220672888
"C1","A_o",9529.45503588073,9.52945503588073,"1HW","25",-1.69,2.6,7.17095454358264,7170.95454358264,2236.62072214342,1.46184360924407
"C1","A_o",9156.30016843944,9.15630016843944,"1HW","25",-1.69,2.6,6.46356404071648,6463.56404071648,2015.98562429947,1.31763766294083
"C1","A_o",10177.9021167705,10.1779021167705,"1HW","25",-1.69,2.6,8.50964615142379,8509.64615142379,2654.15863462908,1.73474420563992
"C1","A_o",8400.46389116095,8.40046389116096,"1HW","25",-1.69,2.6,5.16640562322139,5166.40562322139,1611.40191388275,1.05320386528284
"C1","A_o",6841.37454746554,6.84137454746554,"1HW","25",-1.69,2.6,3.02951254820748,3029.51254820748,944.904963785914,0.617584943650924
"C1","A_o",8247.57857217334,8.24757857217334,"1HW","25",-1.69,2.6,4.92548272515646,4925.48272515646,1536.2580619763,1.00409023658582
"C1","A_o",12573.748444626,12.573748444626,"1HW","25",-1.69,2.6,14.7437648389818,14743.7648389818,4598.58025327841,3.0056080086787
"C1","A_o",11963.8779811585,11.9638779811585,"1HW","25",-1.69,2.6,12.9558865114463,12955.8865114463,4040.94100292011,2.6411379104053
"C1","A_o",9589.58478870747,9.58958478870747,"1HW","25",-1.69,2.6,7.28919366264144,7289.19366264144,2273.49950337786,1.48594738782867
"C1","A_o",7575.0334909693,7.5750334909693,"1HW","25",-1.69,2.6,3.94820640731605,3948.20640731605,1231.44557844187,0.80486639113848
"C1","A_o",9756.26861346709,9.75626861346709,"1HW","25",-1.69,2.6,7.62320760740194,7623.20760740194,2377.67845274867,1.55403820441089
"C1","A_o",6944.43116624998,6.94443116624998,"1HW","25",-1.69,2.6,3.14959970799388,3149.59970799388,982.36014892329,0.642065456812608
"C1","A_o",10239.2475853687,10.2392475853687,"1HW","25",-1.69,2.6,8.64364487191266,8643.64487191266,2695.95283554956,1.76206067682978
"C1","A_o",10232.1719935772,10.2321719935772,"1HW","25",-1.69,2.6,8.6281236871759,8628.1236871759,2691.11177803016,1.75889658694782
"C1","A_o",9913.43398939983,9.91343398939983,"1HW","25",-1.69,2.6,7.94662482515295,7946.62482515295,2478.55228296521,1.61996881239556
"C1","A_o",10454.8887916577,10.4548887916577,"1HW","25",-1.69,2.6,9.12494983896529,9124.94983896529,2846.07185477327,1.86017768285835
"C1","A_o",8228.76778052473,8.22876778052473,"1HW","25",-1.69,2.6,4.89632793102904,4896.32793102904,1527.16468168796,0.998146850776444
"C1","A_o",7118.67361904969,7.11867361904969,"1HW","25",-1.69,2.6,3.3592135404237,3359.2135404237,1047.73870325815,0.684796538077223
"C1","A_o",7742.14800748594,7.74214800748594,"1HW","25",-1.69,2.6,4.17868679542216,4178.68679542216,1303.33241149217,0.851851249341288
"C1","A_o",11735.050610344,11.735050610344,"1HW","25",-1.69,2.6,12.3214243248102,12321.4243248102,3843.0522469083,2.51179885418843
"C1","A_o",10711.2421418355,10.7112421418355,"1HW","25",-1.69,2.6,9.71814952233449,9718.14952233449,3031.09083601613,1.98110512157917
"C1","A_o",9645.42388450552,9.64542388450552,"1HW","25",-1.69,2.6,7.4000631746526,7400.0631746526,2308.07970417415,1.50854882625761
"C1","A_o",13225.4186311601,13.2254186311601,"1HW","25",-1.69,2.6,16.8137471653758,16813.7471653758,5244.20774088072,3.42758675874557
"C1","A_o",15806.5792248649,15.8065792248649,"1HW","25",-1.69,2.6,26.7287420805379,26728.7420805379,8336.69465491977,5.44882003589528
"C1","A_o",13660.1813368761,13.6601813368761,"1HW","25",-1.69,2.6,18.2888672631445,18288.8672631445,5704.29769937476,3.72829914991814
"C1","A_o",12008.4883778781,12.0084883778781,"1HW","25",-1.69,2.6,13.081865794049,13081.865794049,4080.23394116389,2.66681956938816
"C1","A_o",9972.88025910136,9.97288025910136,"1HW","25",-1.69,2.6,8.07111568313705,8071.11568313705,2517.38098157045,1.64534704677807
"C1","A_o",11155.4841452269,11.1554841452269,"1HW","25",-1.69,2.6,10.8011475934653,10801.1475934653,3368.87793440182,2.20188100287701
"C1","A_o",10265.3427431124,10.2653427431124,"1HW","25",-1.69,2.6,8.70103631547953,8701.03631547953,2713.85322679806,1.77376027895298
"C1","A_o",7401.88871392865,7.40188871392865,"1HW","25",-1.69,2.6,3.717839466199,3717.839466199,1159.59412950747,0.757904659808804
"C1","A_o",7836.97978836336,7.83697978836336,"1HW","25",-1.69,2.6,4.3130718152614,4313.0718152614,1345.24709918003,0.879246470052308
"C1","A_o",8785.88423211178,8.78588423211178,"1HW","25",-1.69,2.6,5.80553488139245,5805.53488139245,1810.74632950631,1.18349433301066
"C1","A_o",7549.94590356471,7.54994590356471,"1HW","25",-1.69,2.6,3.91429888070085,3914.29888070085,1220.8698208906,0.797954131301043
"C1","A_o",6820.47873384815,6.82047873384815,"1HW","25",-1.69,2.6,3.00551315890956,3005.51315890956,937.419554263892,0.612692519126727
"C1","A_o",8794.69854985566,8.79469854985566,"1HW","25",-1.69,2.6,5.8206902778758,5820.6902778758,1815.47329766946,1.18658385468592
"C1","A_o",11622.7541436205,11.6227541436205,"1HW","25",-1.69,2.6,12.0172067561174,12017.2067561174,3748.16678723302,2.44978221387779
"C1","A_o",7818.50237099992,7.81850237099992,"1HW","25",-1.69,2.6,4.2866822013413,4286.6822013413,1337.01617859835,0.873866783397616
"C1","A_o",9031.76228506857,9.03176228506858,"1HW","25",-1.69,2.6,6.23747037674151,6237.47037674151,1945.46701050568,1.27154706568998
"C1","A_o",7018.22274078843,7.01822274078843,"1HW","25",-1.69,2.6,3.23735692256747,3237.35692256747,1009.73162414879,0.659955309901173
"C1","A_o",6895.02655789068,6.89502655789068,"1HW","25",-1.69,2.6,3.09167228364622,3091.67228364622,964.292585269256,0.630256591679253
"C1","A_o",7687.17978836801,7.68717978836801,"1HW","25",-1.69,2.6,4.10198719300384,4101.98719300384,1279.4098054979,0.836215559148952
"C1","A_o",15720.3081099894,15.7203081099894,"1HW","25",-1.69,2.6,26.3510994298751,26351.0994298751,8218.90791217803,5.37183523671767
"C1","A_o",10161.8760071043,10.1618760071043,"1HW","25",-1.69,2.6,8.47485190410554,8474.85190410554,2643.30630889052,1.72765118228139
"C1","A_o",7934.486,7.934486,"1HW","25",-1.69,2.6,4.45398628390212,4453.98628390212,1389.19832194907,0.907972759443838
"C1","A_o",7089.232,7.089232,"1HW","25",-1.69,2.6,3.32321080956608,3323.21080956608,1036.50945150366,0.677457157845529
"C1","A_o",7197.523,7.197523,"1HW","25",-1.69,2.6,3.45681358090388,3456.81358090388,1078.18015588392,0.704692912342431
"C1","A_o",6038.774,6.038774,"1HW","25",-1.69,2.6,2.19011449216375,2190.11449216375,683.096710105874,0.446468437977696
"C1","A_o",2642.464,2.642464,"1HW","25",-1.69,2.6,0.255401595683274,255.401595683274,79.6597576936131,0.0520652011069366
"C1","A_o",4779.473,4.779473,"1HW","25",-1.69,2.6,1.19230683237091,1192.30683237091,371.880501016487,0.243059150991168
"C1","A_o",4899.282,4.899282,"1HW","25",-1.69,2.6,1.27158190345702,1271.58190345702,396.606395688245,0.259219866462905
"C1","A_o",8420.126,8.420126,"1HW","25",-1.69,2.6,5.19790496663569,5197.90496663569,1621.22655909367,1.05962520202201
"C1","A_o",8123.516,8.123516,"1HW","25",-1.69,2.6,4.73515832300801,4735.15832300801,1476.8958809462,0.965291425455032
"C1","A_o",4600.818,4.600818,"1HW","25",-1.69,2.6,1.07986916324009,1079.86916324009,336.811192014584,0.22013803399646
"C1","A_o",7857.833,7.857833,"1HW","25",-1.69,2.6,4.34297436710002,4342.97436710002,1354.5737050985,0.885342290914049
"C1","A_o",7402.22,7.40222,"1HW","25",-1.69,2.6,3.71827211963465,3718.27211963465,1159.72907411405,0.75799285889807
"C1","A_o",6591.847,6.591847,"1HW","25",-1.69,2.6,2.75054344094576,2750.54344094576,857.894499230983,0.560715358974498
"C1","A_o",5010.646,5.010646,"1HW","25",-1.69,2.6,1.34810486161563,1348.10486161563,420.473906337916,0.274819546626089
"C1","A_o",2549.037,2.549037,"1HW","25",-1.69,2.6,0.232582997044736,232.582997044736,72.5426367782532,0.0474134880903616
"C1","A_o",4906.784,4.906784,"1HW","25",-1.69,2.6,1.27665057506151,1276.65057506151,398.187314361685,0.260253146641624
"C1","A_o",7435.606,7.435606,"1HW","25",-1.69,2.6,3.76203264567744,3762.03264567744,1173.37798218679,0.766913713847578
"C1","A_o",6466.59,6.46659,"1HW","25",-1.69,2.6,2.61671153250147,2616.71153250147,816.152326987208,0.533432893455692
"C1","A_o",2191.504,2.191504,"1HW","25",-1.69,2.6,0.157010933602757,157.010933602757,48.9717101906998,0.0320076537194116
"C1","A_o",4036.068,4.036068,"1HW","25",-1.69,2.6,0.768231364531016,768.231364531016,239.611362597224,0.156608733723676
"C1","A_o",4880.467,4.880467,"1HW","25",-1.69,2.6,1.25892422180902,1258.92422180902,392.658464782233,0.256639519465512
"C1","A_o",3906.212,3.906212,"1HW","25",-1.69,2.6,0.705610615065061,705.610615065061,220.079950838793,0.143843105123394
"C1","A_o",4815.171,4.815171,"1HW","25",-1.69,2.6,1.21559934751327,1215.59934751327,379.14543648939,0.247807474829667
"C1","A_o",6869.405,6.869405,"1HW","25",-1.69,2.6,3.06189093384309,3061.89093384309,955.00378226566,0.624185478605007
"C1","A_o",6272.882,6.272882,"1HW","25",-1.69,2.6,2.41776734124014,2417.76734124014,754.101633732799,0.492876884792679
"C1","A_o",4392.009,4.392009,"1HW","25",-1.69,2.6,0.957027408079535,957.027408079535,298.496848580007,0.195095979464057
"C1","A_o",7013.44,7.01344,"1HW","25",-1.69,2.6,3.23162399008432,3231.62399008432,1007.9435225073,0.658786616017843
"C1","A_o",3246.877,3.246877,"1HW","25",-1.69,2.6,0.436326083241395,436.326083241395,136.090105362991,0.0889477812830007
"C1","A_o",8006.647,8.006647,"1HW","25",-1.69,2.6,4.56007275865866,4560.07275865866,1422.28669342564,0.929599146029827
"C1","A_o",3829.475,3.829475,"1HW","25",-1.69,2.6,0.67013456722807,670.13456722807,209.014971518435,0.136611092495709
"C1","A_o",3175.903,3.175903,"1HW","25",-1.69,2.6,0.411959760277337,411.959760277337,128.490249230501,0.0839805550526152
"C1","A_o",3001.113,3.001113,"1HW","25",-1.69,2.6,0.355577363164258,355.577363164258,110.904579570932,0.0724866533143348
"C1","A_o",6078.538,6.078538,"1HW","25",-1.69,2.6,2.22780797198713,2227.80797198713,694.853306462785,0.454152487884173
"C1","A_o",3514.305,3.514305,"1HW","25",-1.69,2.6,0.536021945951261,536.021945951261,167.185244942198,0.109271401923005
"C1","A_o",6574.936,6.574936,"1HW","25",-1.69,2.6,2.73223454131041,2732.23454131041,852.183953434717,0.556982976101122
"C1","A_o",4109.088,4.109088,"1HW","25",-1.69,2.6,0.804892998621818,804.892998621818,251.046126270145,0.164082435470683
"C1","A_o",4172.238,4.172238,"1HW","25",-1.69,2.6,0.837451361590155,837.451361590155,261.201079679969,0.170719659921549
"C1","A_o",4160.778,4.160778,"1HW","25",-1.69,2.6,0.831483844807145,831.483844807145,259.339811195348,0.169503144572123
"C1","A_o",7607.92,7.60792,"1HW","25",-1.69,2.6,3.99292760998111,3992.92760998111,1245.39412155311,0.813983085982423
"C1","A_o",6336.902,6.336902,"1HW","25",-1.69,2.6,2.4824480919123,2482.4480919123,774.275559867446,0.506062457429703
"C1","A_o",8857.022,8.857022,"1HW","25",-1.69,2.6,5.92854445701647,5928.54445701647,1849.11301614344,1.20857059878656
"C1","A_o",3291.692,3.291692,"1HW","25",-1.69,2.6,0.452157666808519,452.157666808519,141.027976277577,0.0921751478938412
"C1","A_o",4216.072,4.216072,"1HW","25",-1.69,2.6,0.860519763580056,860.519763580056,268.396114260619,0.175422296902366
"C1","A_o",6259.501,6.259501,"1HW","25",-1.69,2.6,2.40438081606983,2404.38081606983,749.926376532181,0.490147958517765
"C1","A_o",6823.106,6.823106,"1HW","25",-1.69,2.6,3.00852418844829,3008.52418844829,938.358694377021,0.613306336194131
"C1","A_o",8364.227,8.364227,"1HW","25",-1.69,2.6,5.10866127395236,5108.66127395236,1593.39145134574,1.04143232114101
"C1","A_o",7756.045,7.756045,"1HW","25",-1.69,2.6,4.19821651190151,4198.21651190151,1309.42373006208,0.85583250330855
"C1","A_o",6523.557,6.523557,"1HW","25",-1.69,2.6,2.6770692135259,2677.0692135259,834.977887698729,0.545737181502437
"C1","A_o",4815.488,4.815488,"1HW","25",-1.69,2.6,1.21580742937572,1215.80742937572,379.210337222288,0.247849893609339
"C1","A_o",3831.78,3.83178,"1HW","25",-1.69,2.6,0.671183810418665,671.183810418665,209.342230469582,0.136824987235021
"C1","A_o",2803.563,2.803563,"1HW","25",-1.69,2.6,0.297883762963589,297.883762963589,92.9099456683433,0.0607254546851917
"C1","A_o",4173.867,4.173867,"1HW","25",-1.69,2.6,0.838301756383503,838.301756383503,261.466317816015,0.170893018180402
"C1","A_o",8362.709,8.362709,"1HW","25",-1.69,2.6,5.10625101691592,5106.25101691592,1592.63969217608,1.04094097527848
"C1","A_o",2729.586,2.729586,"1HW","25",-1.69,2.6,0.277876380440857,277.876380440857,86.6696430595034,0.0566468255290872
"C1","A_o",6258.424,6.258424,"1HW","25",-1.69,2.6,2.40330535966328,2403.30535966328,749.590941678978,0.48992872005162
"C1","A_o",5814.491,5.814491,"1HW","25",-1.69,2.6,1.9848625006932,1984.8625006932,619.078613966209,0.404626545075954
"C1","A_o",5984.514,5.984514,"1HW","25",-1.69,2.6,2.13931682598915,2139.31682598915,667.252918026017,0.436113018317658
"C1","A_o",3241.331,3.241331,"1HW","25",-1.69,2.6,0.434390976644409,434.390976644409,135.486545615391,0.0885532977878373
"C1","A_o",5895.954,5.895954,"1HW","25",-1.69,2.6,2.05797751259646,2057.97751259646,641.883186178836,0.419531494234533
"C1","A_o",11552.678,11.552678,"1HW","25",-1.69,2.6,11.8297328924522,11829.7328924522,3689.69368915583,2.41156450271623
"C1","A_o",4409.563,4.409563,"1HW","25",-1.69,2.6,0.967004365504497,967.004365504497,301.608661600853,0.197129844183564
"C1","A_o",4012.387,4.012387,"1HW","25",-1.69,2.6,0.756566867240073,756.566867240073,235.973205892179,0.1542308535243
"C1","A_o",4011.37,4.01137,"1HW","25",-1.69,2.6,0.756068383798037,756.068383798037,235.817728906608,0.154129234579482
"C1","A_o",5801.413,5.801413,"1HW","25",-1.69,2.6,1.97327601849718,1973.27601849718,615.464790169269,0.402264568738084
"C1","A_o",5612.214,5.612214,"1HW","25",-1.69,2.6,1.81029344684269,1810.29344684269,564.630526070236,0.36903955952303
"C1","A_o",3533.975,3.533975,"1HW","25",-1.69,2.6,0.543857384225015,543.857384225014,169.629118139782,0.110868704666524
"C1","A_o",3646.205,3.646205,"1HW","25",-1.69,2.6,0.589911433890757,589.911433890757,183.993376230527,0.120257108647403
"C1","A_o",2679.838,2.679838,"1HW","25",-1.69,2.6,0.264900151621905,264.900151621905,82.6223572908722,0.0540015407129884
"C1","A_o",3375.587,3.375587,"1HW","25",-1.69,2.6,0.482734340734137,482.734340734137,150.564840874977,0.0984083927287434
"C1","A_o",6814.433,6.814433,"1HW","25",-1.69,2.6,2.99859137364119,2998.59137364119,935.260649438687,0.611281470221364
"C1","A_o",6470.085,6.470085,"1HW","25",-1.69,2.6,2.62039018537335,2620.39018537335,817.299698817947,0.534182809684933
"C1","A_o",4523.613,4.523613,"1HW","25",-1.69,2.6,1.03338499940105,1033.38499940105,322.312781313188,0.210661948570711
"C1","A_o",3571.147,3.571147,"1HW","25",-1.69,2.6,0.558856223401213,558.856223401213,174.307256078838,0.11392631116264
"C1","A_o",3049.586,3.049586,"1HW","25",-1.69,2.6,0.370703171459069,370.703171459069,115.622319178084,0.0755701432536494
"C1","A_o",9289.657,9.289657,"1HW","25",-1.69,2.6,6.7111842969551,6711.1842969551,2093.2183822203,1.36811658968647
"C1","A_o",8084.492,8.084492,"1HW","25",-1.69,2.6,4.67624344693293,4676.24344693293,1458.52033109838,0.953281262155805
"C1","A_o",7652.774,7.652774,"1HW","25",-1.69,2.6,4.05442348544892,4054.42348544892,1264.57468511152,0.826519402033673
"C1","A_o",3570.974,3.570974,"1HW","25",-1.69,2.6,0.558785835991402,558.785835991402,174.285302245718,0.113911962252103
"C1","A_o",4831.191,4.831191,"1HW","25",-1.69,2.6,1.22614248202619,1226.14248202619,382.433840143969,0.249956758264032
"C1","A_o",5641.759,5.641759,"1HW","25",-1.69,2.6,1.835176245095,1835.176245095,572.39147084513,0.374112072447797
"C1","A_o",6902.486,6.902486,"1HW","25",-1.69,2.6,3.10037616575265,3100.37616575265,967.007326098251,0.63203093209036
"C1","A_o",6307.548,6.307548,"1HW","25",-1.69,2.6,2.45266066918141,2452.66066918141,764.984862717681,0.499990106351426
"C1","A_o",2384.8,2.3848,"1HW","25",-1.69,2.6,0.195602816467409,195.602816467409,61.0085184561849,0.0398748486641731
"C1","A_o",6245.42,6.24542,"1HW","25",-1.69,2.6,2.3903433582152,2390.3433582152,745.548093427321,0.487286335573412
"C1","A_o",3944.316,3.944316,"1HW","25",-1.69,2.6,0.723646429048419,723.646429048419,225.705321220202,0.147519817790982
"C1","A_o",4199.792,4.199792,"1HW","25",-1.69,2.6,0.85190709076156,851.90709076156,265.709821608531,0.173666550070935
"C1","A_o",3577.655,3.577655,"1HW","25",-1.69,2.6,0.56150805649743,561.50805649743,175.134362821549,0.114466903804934
"C1","A_o",4136.473,4.136473,"1HW","25",-1.69,2.6,0.818914392872649,818.914392872649,255.419399136979,0.16694078374966
"C1","A_o",4421.55,4.42155,"1HW","25",-1.69,2.6,0.973853894292017,973.853894292017,303.74502962968,0.198526163156654
"C1","A_o",4378.708,4.378708,"1HW","25",-1.69,2.6,0.949510037410372,949.510037410372,296.152180668295,0.193563516776663
"C1","A_o",6286.945,6.286945,"1HW","25",-1.69,2.6,2.43188547429969,2431.88547429969,758.505079434074,0.49575495387848
"C1","A_o",4460.362,4.460362,"1HW","25",-1.69,2.6,0.996236108613221,996.236108613221,310.726042276464,0.203088916520564
"C1","A_o",6909.744,6.909744,"1HW","25",-1.69,2.6,3.10885945784126,3108.85945784126,969.653264900689,0.63376030385666
"C1","A_o",3243.624,3.243624,"1HW","25",-1.69,2.6,0.435190406871415,435.190406871415,135.735887903194,0.0887162666033951
"C1","A_o",4587.23,4.58723,"1HW","25",-1.69,2.6,1.07159663509022,1071.59663509022,334.230990484641,0.218451627767739
"C1","A_o",6042.822,6.042822,"1HW","25",-1.69,2.6,2.19393362497351,2193.93362497351,684.287897629238,0.447246991914534
"C1","A_o",4847.973,4.847973,"1HW","25",-1.69,2.6,1.2372472589327,1237.2472589327,385.897420061108,0.252220535987652
"C1","A_o",4259.205,4.259205,"1HW","25",-1.69,2.6,0.88359696082709,883.59696082709,275.593892081969,0.18012672685096
"C1","A_o",5607.011,5.607011,"1HW","25",-1.69,2.6,1.80593311273299,1805.93311273299,563.270537861419,0.368150678340797
"C1","A_o",5579.575,5.579575,"1HW","25",-1.69,2.6,1.78304749327274,1783.04749327274,556.132513151767,0.363485302713573
"C1","A_o",5207.212,5.207212,"1HW","25",-1.69,2.6,1.48995679226146,1489.95679226146,464.717523506348,0.303736943468201
"C1","A_o",5634.149,5.634149,"1HW","25",-1.69,2.6,1.82874711103971,1828.74711103971,570.386223933286,0.372801453551168
"C1","A_o",4357.554,4.357554,"1HW","25",-1.69,2.6,0.937629412017823,937.629412017823,292.446613608359,0.191141577521803
"C1","A_o",4682.488,4.682488,"1HW","25",-1.69,2.6,1.13041874355507,1130.41874355507,352.577606114828,0.230442879813613
"C1","A_o",5999.315,5.999315,"1HW","25",-1.69,2.6,2.15310064255435,2153.10064255435,671.552090412703,0.438922934910263
"C1","A_o",6553.691,6.553691,"1HW","25",-1.69,2.6,2.70933993563984,2709.33993563984,845.043125926066,0.552315768579128
"C1","A_o",3129.672,3.129672,"1HW","25",-1.69,2.6,0.396549077144947,396.549077144947,123.683657161509,0.0808389916088293
"C1","A_o",5702.177,5.702177,"1HW","25",-1.69,2.6,1.88671283743455,1886.71283743455,588.465733995835,0.384618126794663
"C1","A_o",2772.897,2.772897,"1HW","25",-1.69,2.6,0.289486102062636,289.486102062636,90.2907152333362,0.0590135393681936
"C1","A_o",5969.242,5.969242,"1HW","25",-1.69,2.6,2.12515144034099,2125.15144034099,662.834734242354,0.43322531649827
"C1","A_o",7504.387,7.504387,"1HW","25",-1.69,2.6,3.85318249263083,3853.18249263083,1201.80761945155,0.785495176112127
"C1","A_o",6813.096,6.813096,"1HW","25",-1.69,2.6,2.99706196286223,2997.06196286223,934.78362621673,0.610969690337732
"C1","A_o",5986.348,5.986348,"1HW","25",-1.69,2.6,2.14102182984992,2141.02182984992,667.78470873019,0.4364605939413
"C1","A_o",7104.391,7.104391,"1HW","25",-1.69,2.6,3.34171820107339,3341.71820107339,1042.28190691479,0.68123000451947
"C1","A_o",5327.85,5.32785,"1HW","25",-1.69,2.6,1.58137610423944,1581.37610423944,493.231206912281,0.322373337851164
"C1","A_o",6974.661,6.974661,"1HW","25",-1.69,2.6,3.18537135185651,3185.37135185651,993.517324644047,0.649357728525521
"C1","A_o",9699.858,9.699858,"1HW","25",-1.69,2.6,7.509136153764,7509.136153764,2342.09956635899,1.53078403029999
"C1","A_o",6518.915,6.518915,"1HW","25",-1.69,2.6,2.67211920028441,2672.11920028441,833.433978568707,0.544728090567782
"C1","A_o",7082.32,7.08232,"1HW","25",-1.69,2.6,3.31479304132737,3314.79304132737,1033.88394959001,0.67574114352288
"C1","A_o",4155.901,4.155901,"1HW","25",-1.69,2.6,0.828952227609441,828.952227609441,258.550199791385,0.16898705868718
"C1","A_o",8114.387,8.114387,"1HW","25",-1.69,2.6,4.72133550811205,4721.33550811205,1472.58454498015,0.962473558810555
"C1","A_o",6704.628,6.704628,"1HW","25",-1.69,2.6,2.87457857755889,2874.57857755889,896.581058340619,0.586000691725895
"C1","A_o",6858.868,6.858868,"1HW","25",-1.69,2.6,3.04969464146512,3049.69464146512,951.199758672971,0.621699188675145
"C1","A_o",9148.468,9.148468,"1HW","25",-1.69,2.6,6.44919889091898,6449.19889091898,2011.50513407763,1.31470923795924
"C1","A_o",5178.004,5.178004,"1HW","25",-1.69,2.6,1.46832499626759,1468.32499626759,457.97056633586,0.299327167539778
"C1","A_o",8104.371,8.104371,"1HW","25",-1.69,2.6,4.70619822800889,4706.19822800889,1467.86322731597,0.959387730271878
"C1","A_o",4719.894,4.719894,"1HW","25",-1.69,2.6,1.15404790725188,1154.04790725187,359.94754227186,0.235259831550235
"C1","A_o",6568.72,6.56872,"1HW","25",-1.69,2.6,2.72552361807941,2725.52361807941,850.090816478969,0.555614912731353
"C1","A_o",5170.262,5.170262,"1HW","25",-1.69,2.6,1.46262379077851,1462.62379077851,456.192360343816,0.298164941401187
"C1","A_o",3963.071,3.963071,"1HW","25",-1.69,2.6,0.732626827478928,732.626827478928,228.506307490678,0.149350527771685
"C1","A_o",2591.021,2.591021,"1HW","25",-1.69,2.6,0.242674657632228,242.674657632228,75.690225715492,0.0494707357617595
"C1","A_o",5523.855,5.523855,"1HW","25",-1.69,2.6,1.73712032522122,1737.12032522122,541.807829436498,0.354122764337581
"C1","A_o",4514.009,4.514009,"1HW","25",-1.69,2.6,1.02769038579462,1027.69038579462,320.536631329341,0.209501066228328
"C1","A_o",9313.229,9.313229,"1HW","25",-1.69,2.6,6.75555031161688,6755.55031161688,2107.05614219331,1.37716087725053
"C1","A_o",5184.759,5.184759,"1HW","25",-1.69,2.6,1.47331052981646,1473.31052981646,459.525554249755,0.300343499509644
"C1","A_o",9770.576,9.770576,"1HW","25",-1.69,2.6,7.65230787717433,7652.30787717433,2386.75482689067,1.55997047509194
"C1","A_o",7234.348,7.234348,"1HW","25",-1.69,2.6,3.5029862291174,3502.9862291174,1092.58140486172,0.714105493373672
"C1","A_o",2868.032,2.868032,"1HW","25",-1.69,2.6,0.316022773977929,316.022773977929,98.567503203716,0.0644232047083111
"C1","A_o",4320.637,4.320637,"1HW","25",-1.69,2.6,0.917115913189524,917.115913189524,286.048453323813,0.186959773414257
"C1","A_o",5303.54,5.30354,"1HW","25",-1.69,2.6,1.56268414793521,1562.68414793521,487.401185740991,0.31856286649738
"C1","A_o",3288.621,3.288621,"1HW","25",-1.69,2.6,0.451061694277327,451.061694277327,140.686142445098,0.0919517270882995
"C1","A_o",3233.752,3.233752,"1HW","25",-1.69,2.6,0.431755070753133,431.755070753133,134.664406567902,0.0880159520051649
"C2","A_o",10899.604449836,10.899604449836,"1HW","25",-1.69,2.6,10.1687581323476,10168.7581323476,3171.63566147923,2.07296448462695
"C2","I_o",11504.898,11.504898,"1HW","25",-1.77,2.51,7.81296285167172,7812.96285167172,2351.70181835319,1.53706001199555
"C2","G_h",4917.731,4.917731,"1HW","25",0.19,2.34,64.376825868858,64376.825868858,2800.93269063262,1.83067496119779
"C2","A_o",5711.08361026153,5.71108361026153,"1HW","25",-1.69,2.6,1.89438456938883,1894.38456938882,590.858547192375,0.38618205698848
"C2","I_o",13291.344,13.291344,"1HW","25",-1.77,2.51,11.2242655996131,11224.2655996131,3378.50394548353,2.20817251338793
"C2","G_h",4086.072,4.086072,"1HW","25",0.19,2.34,41.7307389508501,41730.7389508501,1815.63768256916,1.18669129579684
"C2","A_o",10601.492289539,10.601492289539,"1HW","25",-1.69,2.6,9.46137388287802,9461.37388287802,2951.00251406966,1.92875981311742
"C2","I_o",15432.898,15.432898,"1HW","25",-1.77,2.51,16.3306394099458,16330.6394099458,4915.52246239369,3.21275977934228
"C2","G_h",736.052,0.736052,"1HW","25",0.19,2.34,0.756076749784256,756.076749784256,32.8956896603133,0.0215004507583747
"C2","A_o",9804.39463355314,9.80439463355314,"1HW","25",-1.69,2.6,7.72136419363911,7721.36419363911,2408.29349199604,1.57404803398434
"C2","I_o",14730.713,14.730713,"1HW","25",-1.77,2.51,14.5291985321401,14529.1985321401,4373.28875817417,2.85835866547332
"C2","G_h",2184.712,2.184712,"1HW","25",0.19,2.34,9.64233940391284,9642.33940391284,419.522759721201,0.27419788217072
"C2","A_o",7505.6205302472,7.5056205302472,"1HW","25",-1.69,2.6,3.85482945855922,3854.82945855922,1202.32130812462,0.785830920342889
"C2","I_o",9835.079,9.835079,"1HW","25",-1.77,2.51,5.27074991403448,5270.74991403448,1586.49572412438,1.03692530988522
"C2","G_h",1567.126,1.567126,"1HW","25",0.19,2.34,4.43142255097349,4431.42255097349,192.804104916775,0.126015754847565
"C2","A_o",9019.94959094455,9.01994959094455,"1HW","25",-1.69,2.6,6.21628170308035,6216.28170308035,1938.85826319076,1.2672276230005
"C2","I_o",13329.301,13.329301,"1HW","25",-1.77,2.51,11.3048944500384,11304.8944500384,3402.77322946157,2.22403479049776
"C2","G_h",1615.937,1.615937,"1HW","25",0.19,2.34,4.76116414812248,4761.16414812248,207.150634222172,0.135392571387041
"C2","A_o",10122.9030424112,10.1229030424112,"1HW","25",-1.69,2.6,8.39060353432984,8390.60353432984,2617.02924235748,1.71047662899182
"C2","I_o",12632.532,12.632532,"1HW","25",-1.77,2.51,9.87963549279297,9879.63549279297,2973.77028333068,1.94364070805927
"C2","G_h",3712.6,3.7126,"1HW","25",0.19,2.34,33.3462418142706,33346.2418142706,1450.84162735201,0.948262501537261
"C2","A_o",12329.0265237957,12.3290265237957,"1HW","25",-1.69,2.6,14.0092487234982,14009.2487234982,4369.48467685908,2.85587233781639
"C2","I_o",13488.002,13.488002,"1HW","25",-1.77,2.51,11.6457786271286,11645.7786271286,3505.37936676571,2.29109762533707
"C2","G_h",4234.221,4.234221,"1HW","25",0.19,2.34,45.3575973004382,45357.5973004382,1973.43648638638,1.28982776887999
"C2","A_o",7637.2219858081,7.6372219858081,"1HW","25",-1.69,2.6,4.03303579622448,4033.03579622448,1257.90386484242,0.822159388785893
"C2","I_o",11369.526,11.369526,"1HW","25",-1.77,2.51,7.58426189693866,7584.26189693866,2282.86283097854,1.49206720978989
"C2","G_h",3987.355,3.987355,"1HW","25",0.19,2.34,39.4096586866556,39409.6586866556,1714.65119400248,1.12068705490358
"C2","A_o",13990.7170081169,13.9907170081169,"1HW","25",-1.69,2.6,19.4618413351048,19461.8413351048,6070.14831241919,3.9674171976596
"C2","I_o",11728.414,11.728414,"1HW","25",-1.77,2.51,8.19956120695383,8199.56120695383,2468.0679232931,1.61311628973405
"C2","G_h",3947.63,3.94763,"1HW","25",0.19,2.34,38.4970340612779,38497.0340612779,1674.9443567517,1.09473487369392
"C2","A_o",10832.9453406559,10.8329453406559,"1HW","25",-1.69,2.6,10.0078557007026,10007.8557007026,3121.45019304915,2.04016352486872
"C2","I_o",8722.389,8.722389,"1HW","25",-1.77,2.51,3.89937482032315,3899.37482032315,1173.71182091727,0.767131909096253
"C2","G_h",3659.763,3.659763,"1HW","25",0.19,2.34,32.2463030679733,32246.3030679733,1402.98505240261,0.916983694380789
"C2","A_o",13090.4700712158,13.0904700712158,"1HW","25",-1.69,2.6,16.3713174357606,16371.3174357606,5106.21390821374,3.33739471125081
"C2","I_o",13794.341,13.794341,"1HW","25",-1.77,2.51,12.3210977688251,12321.0977688251,3708.65042841635,2.4239545283767
"C2","G_h",3188.707,3.188707,"1HW","25",0.19,2.34,23.3592126065503,23359.2126065503,1016.32196577083,0.664262722726035
"C2","A_o",11934.764142814,11.934764142814,"1HW","25",-1.69,2.6,12.8740735552371,12874.0735552371,4015.42354187845,2.62445983129311
"C2","I_o",10236.284,10.236284,"1HW","25",-1.77,2.51,5.8271639839054,5827.1639839054,1753.97635915553,1.14638977722583
"C2","G_h",672.475,0.672475,"1HW","25",0.19,2.34,0.612015154354014,612.015154354014,26.6278001416962,0.0174037909422851
"C2","A_o",12302.4922080572,12.3024922080572,"1HW","25",-1.69,2.6,13.9309924374696,13930.9924374696,4345.07654124675,2.83991930800441
"C2","I_o",14308.707,14.308707,"1HW","25",-1.77,2.51,13.506940311111,13506.940311111,4065.58903364442,2.65724773440812
"C2","G_h",718.506,0.718506,"1HW","25",0.19,2.34,0.714573874548915,714.573874548915,31.089965963424,0.0203202391917804
"C2","A_o",11202.2525743432,11.2022525743432,"1HW","25",-1.69,2.6,10.9192783491281,10919.2783491281,3405.72291709307,2.2259626909105
"C2","I_o",6794.486,6.794486,"1HW","25",-1.77,2.51,2.08311423349002,2083.11423349002,627.017384280496,0.409815283843461
"C2","G_h",1422.135,1.422135,"1HW","25",0.19,2.34,3.53086839328515,3530.86839328515,153.622434402408,0.100406819870855
"C2","A_o",12456.2842214196,12.4562842214196,"1HW","25",-1.69,2.6,14.3883211868823,14388.3211868823,4487.7173781886,2.93314861319516
"C2","I_o",7790.691,7.790691,"1HW","25",-1.77,2.51,2.93667379764058,2936.67379764058,883.938813089813,0.577737786333211
"C2","G_h",1299.231,1.299231,"1HW","25",0.19,2.34,2.85776238846956,2857.76238846956,124.336669102489,0.0812657967990125
"C2","A_o",10615.1401326827,10.6151401326827,"1HW","25",-1.69,2.6,9.49307479292426,9493.07479292426,2960.89002791308,1.93522224046606
"C2","I_o",13812.831,13.812831,"1HW","25",-1.77,2.51,12.3625930264194,12362.5930264194,3721.14050095223,2.43211797447858
"C2","G_h",1599.366,1.599366,"1HW","25",0.19,2.34,4.64769896715185,4647.69896715185,202.21394574243,0.132165977609431
"C2","A_o",12260.1964878648,12.2601964878648,"1HW","25",-1.69,2.6,13.8068090701711,13806.8090701711,4306.34374898638,2.81460375750744
"C2","I_o",22355.285,22.355285,"1HW","25",-1.77,2.51,41.3946609130121,41394.6609130121,12459.7929348166,8.14365551295205
"C2","G_h",1686.44,1.68644,"1HW","25",0.19,2.34,5.26152808791972,5261.52808791972,228.920668660446,0.149621352065651
"C2","A_o",11555.8215427907,11.5558215427907,"1HW","25",-1.69,2.6,11.838103934593,11838.103934593,3692.30461719956,2.4132709916337
"C2","I_o",23918.613,23.918613,"1HW","25",-1.77,2.51,49.0486817961281,49048.6817961281,14763.6532206346,9.64944654943436
"C2","G_h",4165.296,4.165296,"1HW","25",0.19,2.34,43.6487020665665,43648.7020665665,1899.085188993,1.24123214966863
"C2","A_o",14102.9071360775,14.1029071360775,"1HW","25",-1.69,2.6,19.8702110575779,19870.2110575779,6197.51882885854,4.05066590121473
"C2","I_o",22261.896,22.261896,"1HW","25",-1.77,2.51,40.9619851089413,40961.9851089413,12329.5575177913,8.05853432535382
"C2","G_h",4168.574,4.168574,"1HW","25",0.19,2.34,43.7291248730658,43729.1248730658,1902.5842566273,1.24351912197863
"C2","A_o",11087.4175019223,11.0874175019223,"1HW","25",-1.69,2.6,10.6306310007235,10630.6310007235,3315.69380912565,2.16712013668343
"C2","I_o",2035.187,2.035187,"1HW","25",-1.77,2.51,0.101064083714601,101.064083714601,30.4202891980949,0.0198825419595391
"C2","G_h",2135.064,2.135064,"1HW","25",0.19,2.34,9.13737609609587,9137.37609609587,397.552614139377,0.259838309895018
"C2","A_o",7537.8867130148,7.5378867130148,"1HW","25",-1.69,2.6,3.89806409618133,3898.06409618133,1215.80619159896,0.794644569672522
"C2","I_o",2560.076,2.560076,"1HW","25",-1.77,2.51,0.179768946848741,179.768946848741,54.1104530014711,0.0353663091512883
"C2","G_h",2632.358,2.632358,"1HW","25",0.19,2.34,14.9144481885632,14914.4481885632,648.903777567281,0.424120116057047
"C2","A_o",10046.1438085746,10.0461438085746,"1HW","25",-1.69,2.6,8.22618393245291,8226.18393245291,2565.74676853206,1.67695867224318
"C2","I_o",2119.21,2.11921,"1HW","25",-1.77,2.51,0.111865643824177,111.865643824177,33.6715587910774,0.0220075547654101
"C2","G_h",4260.05,4.26005,"1HW","25",0.19,2.34,46.0076859018413,46007.6859018413,2001.72080129167,1.30831424921024
"C2","A_o",10160.1414860307,10.1601414860307,"1HW","25",-1.69,2.6,8.47109134993128,8471.09134993128,2642.13339204357,1.72688456996312
"C2","I_o",4649.831,4.649831,"1HW","25",-1.77,2.51,0.804020816701171,804.020816701171,242.010265827052,0.158176644331407
"C2","G_h",4154.318,4.154318,"1HW","25",0.19,2.34,43.3799837906982,43379.9837906982,1887.39368675921,1.23359064494066
"C2","A_o",11754.8721853916,11.7548721853916,"1HW","25",-1.69,2.6,12.3756087048301,12375.6087048301,3859.95235503652,2.52284467649446
"C2","I_o",1643.668,1.643668,"1HW","25",-1.77,2.51,0.059114414337908,59.114414337908,17.7934387157103,0.0116296985070002
"C2","G_h",5651.661,5.651661,"1HW","25",0.19,2.34,89.1439929648087,89143.9929648087,3878.51250351008,2.53497549249025
"C2","A_o",8495.3483197383,8.4953483197383,"1HW","25",-1.69,2.6,5.31950344477005,5319.50344477005,1659.15312442378,1.08441380681293
"C2","I_o",2094.412,2.094412,"1HW","25",-1.77,2.51,0.108609024996337,108.609024996337,32.6913165238973,0.0213668735450309
"C2","G_h",3096.164,3.096164,"1HW","25",0.19,2.34,21.8035925976932,21803.5925976932,948.639428177475,0.620025770050637
"C2","A_o",11973.7175500849,11.9737175500849,"1HW","25",-1.69,2.6,12.9836088765056,12983.6088765056,4049.58760858211,2.64678928665497
"C2","I_o",7259.337,7.259337,"1HW","25",-1.77,2.51,2.45952569957792,2459.52569957792,740.317235572953,0.483867474230688
"C2","G_h",3431.902,3.431902,"1HW","25",0.19,2.34,27.7428845177273,27742.8845177273,1207.04851675109,0.788920599183716
"C2","A_o",10169.1633946001,10.1691633946001,"1HW","25",-1.69,2.6,8.49066265725539,8490.66265725539,2648.23768279796,1.73087430248232
"C2","I_o",4745.06,4.74506,"1HW","25",-1.77,2.51,0.845992840944306,845.992840944306,254.643845124236,0.166433885702115
"C2","G_h",937.032,0.937032,"1HW","25",0.19,2.34,1.33016448636476,1330.16448636476,57.8733285385525,0.0378257049271585
"C2","A_o",11106.522157969,11.106522157969,"1HW","25",-1.69,2.6,10.6783223567578,10678.3223567578,3330.56874307276,2.17684231573383
"C2","I_o",4672.572,4.672572,"1HW","25",-1.77,2.51,0.813927206357683,813.927206357683,244.992089113663,0.160125548440302
"C2","G_h",1231.832,1.231832,"1HW","25",0.19,2.34,2.52284441063881,2522.84441063881,109.764923755838,0.0717417802325737
"C2","A_o",13066.1115885056,13.0661115885056,"1HW","25",-1.69,2.6,16.2922304131217,16292.2304131217,5081.54666585264,3.32127233062264
"C2","I_o",2433.206,2.433206,"1HW","25",-1.77,2.51,0.158237344308304,158.237344308304,47.6294406367995,0.0311303533573853
"C2","G_h",1209.086,1.209086,"1HW","25",0.19,2.34,2.4151818174088,2415.1818174088,105.080696584549,0.0686801938461104
"C2","A_o",9573.96033774913,9.57396033774913,"1HW","25",-1.69,2.6,7.25835528430104,7258.35528430104,2263.88101317349,1.47966079292385
"C2","I_o",2191.482,2.191482,"1HW","25",-1.77,2.51,0.121689231594993,121.689231594993,36.6284587100928,0.0239401690915639
"C2","G_h",1354.901,1.354901,"1HW","25",0.19,2.34,3.15256244821486,3152.56244821486,137.162948021912,0.0896489856352363
"C2","A_o",7914.77843774704,7.91477843774704,"1HW","25",-1.69,2.6,4.425280266235,4425.280266235,1380.2449150387,0.902120859502415
"C2","I_o",2469.409,2.469409,"1HW","25",-1.77,2.51,0.164213363592824,164.213363592824,49.42822244144,0.0323060277395033
"C2","G_h",1365.599,1.365599,"1HW","25",0.19,2.34,3.21111799830672,3211.11799830672,139.710606317528,0.0913141217761622
"C2","A_o",9165.4665554676,9.1654665554676,"1HW","25",-1.69,2.6,6.48040129696494,6480.40129696494,2021.23716452336,1.32107004217213
"C2","I_o",2468.567,2.468567,"1HW","25",-1.77,2.51,0.16407285933893,164.07285933893,49.3859306610178,0.0322783860529528
"C2","G_h",1233.829,1.233829,"1HW","25",0.19,2.34,2.53242526988643,2532.42526988643,110.181771612327,0.0720142298119782
"C2","A_o",9210.91645414648,9.21091645414648,"1HW","25",-1.69,2.6,6.56428445141225,6564.28445141225,2047.40032039548,1.33817014404933
"C2","I_o",1738.382,1.738382,"1HW","25",-1.77,2.51,0.0680400295092753,68.0400295092753,20.4800488822919,0.013385652864243
"C2","G_h",2258.477,2.258477,"1HW","25",0.19,2.34,10.4214625637006,10421.4625637006,453.421161806511,0.296353700527131
"C2","A_o",8639.18569032373,8.63918569032373,"1HW","25",-1.69,2.6,5.55685805059336,5556.85805059336,1733.18402598007,1.13280001698044
"C2","I_o",3387.254,3.387254,"1HW","25",-1.77,2.51,0.363009414476593,363.009414476593,109.265833757455,0.0714155776192514
"C2","G_h",2734.884,2.734884,"1HW","25",0.19,2.34,16.3093649348155,16309.3649348155,709.594373329929,0.463787172111065
"C2","A_o",6648.89076047391,6.64889076047391,"1HW","25",-1.69,2.6,2.81285868309954,2812.85868309954,877.330623258746,0.573418708012252
"C2","I_o",4295.286,4.295286,"1HW","25",-1.77,2.51,0.658885783447886,658.885783447886,198.324620817814,0.129623935175042
"C2","G_h",3094.935,3.094935,"1HW","25",0.19,2.34,21.783345800591,21783.345800591,947.758522430431,0.619450014660413
"C2","A_o",9127.98190519935,9.12798190519935,"1HW","25",-1.69,2.6,6.41171785678351,6411.71785678351,1999.81479953078,1.30706849642534
"C2","I_o",4001.277,4.001277,"1HW","25",-1.77,2.51,0.551465731801595,551.465731801595,165.99118527228,0.108490970766196
"C2","G_h",3853.212,3.853212,"1HW","25",0.19,2.34,36.3768924172916,36376.8924172916,1582.70038604849,1.03444469676372
"C2","A_o",8728.04335306544,8.72804335306544,"1HW","25",-1.69,2.6,5.7066853358691,5706.6853358691,1779.91515625757,1.16334323938404
"C2","I_o",5744.619,5.744619,"1HW","25",-1.77,2.51,1.36692815233206,1366.92815233206,411.445373851951,0.268918545001275
"C2","G_h",4595.668,4.595668,"1HW","25",0.19,2.34,54.940908128461,54940.908128461,2390.39100721633,1.56234706354009
"C2","A_o",9327.32495374532,9.32732495374532,"1HW","25",-1.69,2.6,6.78216699654363,6782.16699654363,2115.35788622196,1.38258685373984
"C2","I_o",2115.784,2.115784,"1HW","25",-1.77,2.51,0.111412273019102,111.412273019102,33.5350941787497,0.0219183622083332
"C2","G_h",3685.79,3.68579,"1HW","25",0.19,2.34,32.7854821249387,32785.4821249387,1426.44387048468,0.932316255218747
"C2","A_o",7777.24288462426,7.77724288462426,"1HW","25",-1.69,2.6,4.22811432580992,4228.11432580992,1318.74885822012,0.861927358313801
"C2","I_o",4724.764,4.724764,"1HW","25",-1.77,2.51,0.836939572070565,836.939572070565,251.91881119324,0.16465281777336
"C2","G_h",2817.142,2.817142,"1HW","25",0.19,2.34,17.4804435388242,17480.4435388242,760.54612966458,0.497088973636981
"C2","A_o",8167.44153440005,8.16744153440005,"1HW","25",-1.69,2.6,4.80201695597655,4802.01695597655,1497.74908856909,0.978920972920971
"C2","I_o",3017.003,3.017003,"1HW","25",-1.77,2.51,0.271478294689285,271.478294689285,81.7149667014747,0.0534084749682841
"C2","G_h",1714.482,1.714482,"1HW","25",0.19,2.34,5.46853575455009,5468.53575455009,237.927241023267,0.155508000668802
"C2","A_o",8900.0431093828,8.9000431093828,"1HW","25",-1.69,2.6,6.00370696577848,6003.70696577848,1872.55620262631,1.22389294289301
"C2","I_o",1882.146,1.882146,"1HW","25",-1.77,2.51,0.0830576818553187,83.0576818553187,25.0003622384509,0.0163401060382032
"C2","G_h",1672.845,1.672845,"1HW","25",0.19,2.34,5.16281239570626,5162.81239570626,224.625706837346,0.14681418747539
"C2","A_o",7892.01845154033,7.89201845154033,"1HW","25",-1.69,2.6,4.39227010162391,4392.27010162391,1369.9490446965,0.895391532481371
"C2","I_o",7414.106,7.414106,"1HW","25",-1.77,2.51,2.59326897966206,2593.26897966206,780.573962878281,0.510179060704759
"C2","G_h",1628.633,1.628633,"1HW","25",0.19,2.34,4.84915826978246,4849.15826978246,210.979117665003,0.137894848147061
"C2","A_o",8668.43022815038,8.66843022815038,"1HW","25",-1.69,2.6,5.6058979887656,5605.8979887656,1748.47958269599,1.1427971128732
"C2","I_o",7347.242,7.347242,"1HW","25",-1.77,2.51,2.53496580353615,2534.96580353615,763.024706864382,0.49870895873489
"C2","G_h",2154.998,2.154998,"1HW","25",0.19,2.34,9.33825392744461,9338.25392744461,406.292487176831,0.265550645213615
"C2","A_o",5842.23922092801,5.84223922092801,"1HW","25",-1.69,2.6,2.00958450541269,2009.58450541269,626.789407238219,0.409666279240666
"C2","I_o",6944.661,6.944661,"1HW","25",-1.77,2.51,2.20061534676477,2200.61534676477,662.385219376195,0.432931515932154
"C2","G_h",3061.48,3.06148,"1HW","25",0.19,2.34,21.2363335650351,21236.3335650351,923.958895280973,0.603894702798021
"C2","A_o",7232.21454684069,7.23221454684069,"1HW","25",-1.69,2.6,3.5003009277862,3500.3009277862,1091.74385937652,0.713558078023866
"C2","I_o",2844.391,2.844391,"1HW","25",-1.77,2.51,0.234160228100952,234.160228100952,70.4822286583865,0.0460668161165925
"C2","G_h",2568.74,2.56874,"1HW","25",0.19,2.34,14.0846204299677,14084.6204299677,612.799299515205,0.400522417983794
"C2","A_o",8650.12471878844,8.65012471878844,"1HW","25",-1.69,2.6,5.57517058314699,5575.17058314699,1738.89570488354,1.13653314044676
"C2","I_o",5568.707,5.568707,"1HW","25",-1.77,2.51,1.26428056954688,1264.28056954688,380.54845143361,0.248724478061183
"C2","G_h",8491.49,8.49149,"1HW","25",0.19,2.34,231.111912701033,231111.912701033,10055.3095425616,6.57209774023636
"C2","A_o",8895.17376454479,8.89517376454479,"1HW","25",-1.69,2.6,5.99517044015983,5995.17044015983,1869.89366028585,1.22215271914108
"C2","I_o",5394.695,5.394695,"1HW","25",-1.77,2.51,1.16744628886093,1167.44628886093,351.401332947141,0.229674073821661
"C2","G_h",6532.137,6.532137,"1HW","25",0.19,2.34,125.091951051967,125091.951051967,5442.55064314938,3.55722264258129
"C2","A_o",9614.55677928544,9.61455677928544,"1HW","25",-1.69,2.6,7.33864869301278,7338.64869301278,2288.92452735069,1.49602910284359
"C2","I_o",1979.066,1.979066,"1HW","25",-1.77,2.51,0.0942139684054381,94.2139684054381,28.3584044900369,0.0185349048954489
"C2","G_h",5994.669,5.994669,"1HW","25",0.19,2.34,102.322369166065,102322.369166065,4451.88256662484,2.90972716772866
"C2","A_o",7461.01025054926,7.46101025054926,"1HW","25",-1.69,2.6,3.79554247011376,3795.54247011376,1183.82969642848,0.773744899626458
"C2","I_o",2054.154,2.054154,"1HW","25",-1.77,2.51,0.103444839206584,103.444839206584,31.1368966011818,0.02035091281123
"C2","G_h",1901.694,1.901694,"1HW","25",0.19,2.34,6.96929886567981,6969.29886567981,303.223042767543,0.198184995272904
"C2","A_o",8109.8306794642,8.1098306794642,"1HW","25",-1.69,2.6,4.71444578683833,4714.44578683833,1470.43564091487,0.961069046349591
"C2","I_o",4880.461,4.880461,"1HW","25",-1.77,2.51,0.907897301155222,907.897301155222,273.277087647722,0.178612475586746
"C2","G_h",3414.702,3.414702,"1HW","25",0.19,2.34,27.4186187532022,27418.6187532022,1192.94023216182,0.779699498144983
"C2","A_o",12071.4907886322,12.0714907886322,"1HW","25",-1.69,2.6,13.2610636335765,13261.0636335765,4136.1257473125,2.70335016164216
"C2","I_o",2783.612,2.783612,"1HW","25",-1.77,2.51,0.221803215119559,221.803215119559,66.7627677509872,0.0436357959156779
"C2","G_h",1321.103,1.321103,"1HW","25",0.19,2.34,2.97161011745968,2971.61011745968,129.290001634483,0.0845032690421455
"C2","A_o",8473.21247216796,8.47321247216797,"1HW","25",-1.69,2.6,5.28354063277655,5283.54063277655,1647.93632336301,1.07708256428955
"C2","I_o",4627.373,4.627373,"1HW","25",-1.77,2.51,0.794309241820984,794.309241820984,239.087081788116,0.156266066528181
"C2","G_h",1368.219,1.368219,"1HW","25",0.19,2.34,3.2255527144194,3225.5527144194,140.338637720045,0.0917245998170229
"C2","A_o",10304.5945529986,10.3045945529986,"1HW","25",-1.69,2.6,8.78780400701474,8787.80400701474,2740.9160697879,1.79144841162608
"C2","I_o",4999.763,4.999763,"1HW","25",-1.77,2.51,0.964635054333687,964.635054333687,290.35515135444,0.189774608728392
"C2","G_h",3201.25,3.20125,"1HW","25",0.19,2.34,23.5747906104506,23574.7906104506,1025.70141979573,0.67039308483381
"C2","A_o",7187.52958793392,7.18752958793392,"1HW","25",-1.69,2.6,3.44434843087287,3444.34843087287,1074.29227558925,0.70215181411062
"C2","I_o",3161.166,3.161166,"1HW","25",-1.77,2.51,0.3052226288689,305.2226288689,91.8720112895388,0.0600470662023129
"C2","G_h",22660.937,22.660937,"1HW","25",0.19,2.34,2298.00093136294,2298000.93136294,99982.3437221114,65.3479370732754
"C2","A_o",8565.32583083558,8.56532583083558,"1HW","25",-1.69,2.6,5.43418112969366,5434.18112969366,1694.92109435145,1.10779156493559
"C2","I_o",5363.357,5.363357,"1HW","25",-1.77,2.51,1.15049869794552,1150.49869794552,346.300108081601,0.226339939922615
"C2","G_h",15899.047,15.899047,"1HW","25",0.19,2.34,1002.78622156297,1002786.22156297,43629.6240422501,28.5160941452615
"C2","A_o",9244.7858074216,9.2447858074216,"1HW","25",-1.69,2.6,6.62722657818799,6627.22657818799,2067.03196973684,1.3510012874097
"C2","I_o",1896.15,1.89615,"1HW","25",-1.77,2.51,0.0846175512008267,84.6175512008267,25.4698829114488,0.0166469822950646
"C2","G_h",15328.284,15.328284,"1HW","25",0.19,2.34,920.56589194955,920565.89194955,40052.3490532978,26.1780059171881
"C2","A_o",10520.1589435209,10.5201589435209,"1HW","25",-1.69,2.6,9.273805509549,9273.805509549,2892.49993842833,1.89052283557407
"C2","I_o",3428.469,3.428469,"1HW","25",-1.77,2.51,0.374198092788686,374.198092788686,112.633625929394,0.0736167489734604
"C2","G_h",16795.349,16.795349,"1HW","25",0.19,2.34,1140.09840098854,1140098.40098854,49603.8572695698,32.4208217448168
"C2","A_o",10164.5191860294,10.1645191860294,"1HW","25",-1.69,2.6,8.48058446270694,8480.58446270694,2645.0942939183,1.7288197999466
"C2","I_o",4659.323,4.659323,"1HW","25",-1.77,2.51,0.808146830156606,808.146830156606,243.252195877139,0.158988363318391
"C2","G_h",14231.134,14.231134,"1HW","25",0.19,2.34,773.7139882046,773713.9882046,33663.057684401,22.0019984865366
"C2","A_o",9022.79913437246,9.02279913437246,"1HW","25",-1.69,2.6,6.22138892769238,6221.38892769238,1940.45120654725,1.26826876244919
"C2","I_o",3145.746,3.145746,"1HW","25",-1.77,2.51,0.301499342334375,301.499342334375,90.7513020426469,0.059314576498462
"C2","G_h",14485.268,14.485268,"1HW","25",0.19,2.34,806.432628774714,806432.628774713,35086.5933857817,22.9324139776351
"C2","A_o",9014.13413261187,9.01413413261187,"1HW","25",-1.69,2.6,6.20586668948914,6205.86668948914,1935.60982045166,1.26510445781154
"C2","I_o",1948.896,1.948896,"1HW","25",-1.77,2.51,0.0906503629429845,90.6503629429845,27.2857592458383,0.0178338295724434
"C2","G_h",9800.827,9.800827,"1HW","25",0.19,2.34,323.26208703335,323262.08703335,14064.6161874818,9.1925595996613
"C2","A_o",11602.370506968,11.602370506968,"1HW","25",-1.69,2.6,11.9624875278917,11962.4875278917,3731.09985994943,2.43862735944407
"C2","I_o",3309.496,3.309496,"1HW","25",-1.77,2.51,0.342454020966685,342.454020966685,103.078660310972,0.0673716734058642
"C2","A_o",6931.56769449792,6.93156769449792,"1HW","25",-1.69,2.6,3.13445341266622,3134.45341266622,977.636019410593,0.63897779046444
"C2","I_o",1735.488,1.735488,"1HW","25",-1.77,2.51,0.0677560771559663,67.7560771559663,20.3945792239459,0.0133297903424483
"C2","A_o",11740.0289857854,11.7400289857854,"1HW","25",-1.69,2.6,12.3350194847499,12335.0194847499,3847.29257729348,2.51457031195652
"C2","I_o",2499.367,2.499367,"1HW","25",-1.77,2.51,0.169259626726748,169.259626726748,50.9471476447513,0.033298789310295
"C2","A_o",9283.69951827254,9.28369951827254,"1HW","25",-1.69,2.6,6.69999989637694,6699.99989637694,2089.72996767997,1.36583658018299
"C2","I_o",5257.95,5.25795,"1HW","25",-1.77,2.51,1.09458450079336,1094.58450079336,329.469934738802,0.215339826626668
"C2","A_o",11610.1380977765,11.6101380977765,"1HW","25",-1.69,2.6,11.9833212576384,11983.3212576384,3737.59790025743,2.4428744446127
"C2","I_o",3590.874,3.590874,"1HW","25",-1.77,2.51,0.420293252521541,420.293252521541,126.508269008984,0.0826851431431266
"C2","A_o",7363.84170490169,7.36384170490169,"1HW","25",-1.69,2.6,3.66835666989024,3668.35666989024,1144.16044533877,0.747817284535141
"C2","I_o",2626.38,2.62638,"1HW","25",-1.77,2.51,0.191684714360943,191.684714360943,57.697099022644,0.0377105222370222
"C2","A_o",10706.9261662525,10.7069261662525,"1HW","25",-1.69,2.6,9.7079716720061,9707.9716720061,3027.9163644987,1.97903030359392
"C2","I_o",4028.62,4.02862,"1HW","25",-1.77,2.51,0.560973471834657,560.973471834657,168.853015022232,0.110361447726949
"C2","A_o",8108.56006949902,8.10856006949902,"1HW","25",-1.69,2.6,4.71252557108684,4712.52557108684,1469.83672562198,0.960677598445741
"C2","I_o",4873.509,4.873509,"1HW","25",-1.77,2.51,0.904654710272824,904.654710272824,272.30106779212,0.177974554112497
"C2","A_o",10913.7922707556,10.9137922707556,"1HW","25",-1.69,2.6,10.2032088568144,10203.2088568144,3182.38084244041,2.07998747871922
"C2","I_o",3257.669,3.257669,"1HW","25",-1.77,2.51,0.329151968957095,329.151968957095,99.0747426560855,0.0647547337621474
"C2","A_o",8291.36070821277,8.29136070821277,"1HW","25",-1.69,2.6,4.99375353150771,4993.75353150771,1557.55172647726,1.01800766436422
"C2","I_o",4976.227,4.976227,"1HW","25",-1.77,2.51,0.953277757897606,953.277757897606,286.93660512718,0.187540264789006
"C2","A_o",11029.0208283857,11.0290208283857,"1HW","25",-1.69,2.6,10.4856676394973,10485.6676394973,3270.47973675922,2.13756845539818
"C2","I_o",4546.365,4.546365,"1HW","25",-1.77,2.51,0.759866664118596,759.866664118596,228.719865899697,0.149490108431175
"C2","A_o",8134.29667775368,8.13429667775368,"1HW","25",-1.69,2.6,4.7515140869792,4751.5140869792,1481.99724372881,0.968625649495956
"C2","I_o",5699.99,5.69999,"1HW","25",-1.77,2.51,1.34042949429382,1340.42949429381,403.469277782438,0.263705410315319
"C2","A_o",9198.46794554921,9.19846794554921,"1HW","25",-1.69,2.6,6.54124322793805,6541.24322793805,2040.21376279388,1.3334730475777
"C2","I_o",4231.888,4.231888,"1HW","25",-1.77,2.51,0.634747143017789,634.747143017789,191.058890048354,0.124875091534872
"C2","A_o",8343.27854233471,8.34327854233471,"1HW","25",-1.69,2.6,5.07546142561435,5075.46142561435,1583.03641864912,1.03466432591446
"C2","I_o",4104.611,4.104611,"1HW","25",-1.77,2.51,0.58791255095074,587.91255095074,176.961677836173,0.115661227343904
"C2","A_o",9662.85162806042,9.66285162806042,"1HW","25",-1.69,2.6,7.43487735316062,7434.87735316062,2318.9382464508,1.51564591271294
"C2","I_o",3071.112,3.071112,"1HW","25",-1.77,2.51,0.283865160655369,283.865160655369,85.443413357266,0.0558453682073634
"C2","A_o",7717.63830836461,7.71763830836461,"1HW","25",-1.69,2.6,4.14437929412578,4144.37929412578,1292.63190183783,0.844857452181589
"C2","I_o",3059.904,3.059904,"1HW","25",-1.77,2.51,0.28127205187728,281.27205187728,84.6628876150612,0.0553352206634387
"C2","A_o",9337.73271328611,9.33773271328611,"1HW","25",-1.69,2.6,6.80186079839621,6801.86079839621,2121.50038301978,1.38660155752927
"C2","I_o",3699.79,3.69979,"1HW","25",-1.77,2.51,0.45302738590957,453.02738590957,136.361243158781,0.0891249955286147
"C2","A_o",8608.35348568593,8.60835348568593,"1HW","25",-1.69,2.6,5.50544260773512,5505.44260773512,1717.14754935258,1.12231865970757
"C2","I_o",1909.886,1.909886,"1HW","25",-1.77,2.51,0.0861645625609433,86.1645625609433,25.9355333308439,0.0169513289744078
"C2","A_o",10048.0764319594,10.0480764319594,"1HW","25",-1.69,2.6,8.23029908973372,8230.29908973372,2567.03028608795,1.6777975726065
"C2","I_o",1596.446,1.596446,"1HW","25",-1.77,2.51,0.0549436016728508,54.9436016728508,16.5380241035281,0.0108091660807373
"C2","A_o",9888.12735823501,9.88812735823501,"1HW","25",-1.69,2.6,7.89398930721054,7893.98930721054,2462.13526491897,1.60923873524115
"C2","I_o",6391.92,6.39192,"1HW","25",-1.77,2.51,1.78704150892416,1787.04150892416,537.899494186172,0.351568296853707
"C2","A_o",11634.6114562137,11.6346114562137,"1HW","25",-1.69,2.6,12.0491080629424,12049.1080629424,3758.11680483175,2.45628549335408
"C2","I_o",3935.102,3.935102,"1HW","25",-1.77,2.51,0.528858568242862,528.858568242862,159.186429041101,0.104043417673923
"C2","A_o",8596.26487505355,8.59626487505355,"1HW","25",-1.69,2.6,5.48536398831186,5485.36398831186,1710.88502795447,1.11822550846697
"C2","I_o",1993.508,1.993508,"1HW","25",-1.77,2.51,0.0959491511457842,95.9491511457842,28.8806944948811,0.018876270911687
"C2","A_o",9701.2283252238,9.7012283252238,"1HW","25",-1.69,2.6,7.51189463912846,7511.89463912846,2342.95993794417,1.53134636466939
"C2","I_o",2166.751,2.166751,"1HW","25",-1.77,2.51,0.118271635993802,118.271635993802,35.5997624341344,0.0232678185844016
"C2","A_o",9839.61954297483,9.83961954297483,"1HW","25",-1.69,2.6,7.79369842077831,7793.69842077831,2430.85453744075,1.58879381532075
"C2","A_o",9935.65280615838,9.93565280615838,"1HW","25",-1.69,2.6,7.99301555643198,7993.01555643198,2493.02155205113,1.62942585101381
"C2","A_o",9979.70471999147,9.97970471999147,"1HW","25",-1.69,2.6,8.08548355290822,8085.48355290822,2521.86232015207,1.64827602624318
"C2","A_o",8373.81920724709,8.37381920724709,"1HW","25",-1.69,2.6,5.12390782285559,5123.90782285559,1598.14684994866,1.04454042480304
"C2","A_o",7714.58538919624,7.71458538919624,"1HW","25",-1.69,2.6,4.14011814945431,4140.11814945431,1291.3028508148,0.843988791382221
"C2","A_o",8581.61274360161,8.58161274360161,"1HW","25",-1.69,2.6,5.46108797210751,5461.08797210751,1703.31333850033,1.11327669183028
"C2","A_o",7546.19011635457,7.54619011635457,"1HW","25",-1.69,2.6,3.90923816875246,3909.23816875246,1219.29138483389,0.796922473747642
"C2","A_o",8498.22164803719,8.49822164803719,"1HW","25",-1.69,2.6,5.32418258440308,5324.18258440308,1660.61254807532,1.0853676784806
"C2","A_o",9972.51435924364,9.97251435924364,"1HW","25",-1.69,2.6,8.07034578049729,8070.34578049729,2517.1408489371,1.64519009734451
"C2","A_o",8708.30436886165,8.70830436886165,"1HW","25",-1.69,2.6,5.67319040563698,5673.19040563698,1769.46808751817,1.15651508988116
"C2","A_o",10292.2128846768,10.2922128846768,"1HW","25",-1.69,2.6,8.76037662218967,8760.37662218967,2732.36146846096,1.78585716892873
"C2","A_o",9918.62461109948,9.91862461109948,"1HW","25",-1.69,2.6,7.95744746516354,7957.44746516354,2481.92786438451,1.62217507476112
"C2","A_o",8004.55005628118,8.00455005628118,"1HW","25",-1.69,2.6,4.556968269021,4556.968269021,1421.31840310765,0.928966276540948
"C2","A_o",7788.19379623541,7.78819379623541,"1HW","25",-1.69,2.6,4.24361083069505,4243.61083069505,1323.58221809379,0.865086417054761
"C2","A_o",8252.89756054492,8.25289756054492,"1HW","25",-1.69,2.6,4.93374593468121,4933.74593468121,1538.83535702707,1.00577474315495
"C2","A_o",9145.4684075324,9.1454684075324,"1HW","25",-1.69,2.6,6.44370248149898,6443.70248149898,2009.79080397953,1.31358876077093
"C2","A_o",10600.7803925363,10.6007803925363,"1HW","25",-1.69,2.6,9.45972209458221,9459.72209458221,2950.48732130019,1.92842308581712
"C2","A_o",8131.65705087591,8.13165705087591,"1HW","25",-1.69,2.6,4.74750620291088,4747.50620291088,1480.7471846879,0.967808617443075
"C2","A_o",9497.96367202742,9.49796367202742,"1HW","25",-1.69,2.6,7.10950412927486,7109.50412927486,2217.45433792083,1.44931656073257
"C2","A_o",9154.83117144242,9.15483117144242,"1HW","25",-1.69,2.6,6.46086822284753,6460.86822284753,2015.14479870614,1.31708810372951
"C2","A_o",8547.18314779719,8.54718314779719,"1HW","25",-1.69,2.6,5.40430468956186,5404.30468956186,1685.60263267434,1.10170106710741
"C2","A_o",10057.254987154,10.057254987154,"1HW","25",-1.69,2.6,8.24986038783996,8249.86038783996,2573.13145496728,1.6817852646845
"C2","A_o",12477.6728846285,12.4776728846285,"1HW","25",-1.69,2.6,14.4526454738694,14452.6454738694,4507.78012329988,2.94626151849665
"C2","A_o",9464.87697163528,9.46487697163528,"1HW","25",-1.69,2.6,7.04529090785557,7045.29090785557,2197.42623416015,1.4362262968367
"C2","A_o",7635.46689493483,7.63546689493483,"1HW","25",-1.69,2.6,4.03062650237789,4030.62650237789,1257.15240609166,0.821668239275597
"C2","A_o",10473.6698892612,10.4736698892612,"1HW","25",-1.69,2.6,9.16763031874559,9167.63031874559,2859.38389641675,1.86887836367108
"C2","A_o",8105.49839495284,8.10549839495284,"1HW","25",-1.69,2.6,4.70790057727006,4707.90057727006,1468.39419005053,0.95973476473891
"C2","A_o",8094.71796403193,8.09471796403193,"1HW","25",-1.69,2.6,4.69163779639792,4691.63779639792,1463.32182869651,0.956419495880073
"C2","A_o",8235.97799431508,8.23597799431508,"1HW","25",-1.69,2.6,4.9074904332261,4907.4904332261,1530.64626612322,1.00042239615897
"C2","A_o",8413.15236442558,8.41315236442558,"1HW","25",-1.69,2.6,5.18671948874752,5186.71948874752,1617.73780854035,1.05734497290219
"C2","A_o",6189.68134249012,6.18968134249012,"1HW","25",-1.69,2.6,2.33527245723772,2335.27245723772,728.371479412445,0.47605979046565
"C2","A_o",7156.54047239089,7.15654047239089,"1HW","25",-1.69,2.6,3.40587058976317,3405.87058976317,1062.29103694713,0.694307867285707
"C2","A_o",11671.2019904708,11.6712019904708,"1HW","25",-1.69,2.6,12.1478808030881,12147.8808030881,3788.92402248318,2.47642092972757
"C2","A_o",8560.33748366093,8.56033748366093,"1HW","25",-1.69,2.6,5.42595647118354,5425.95647118354,1692.35582336215,1.10611491723016
"C2","A_o",12553.188107523,12.553188107523,"1HW","25",-1.69,2.6,14.6811641805088,14681.1641805088,4579.05510790068,2.99284647575208
"C2","A_o",12263.0982309919,12.2630982309919,"1HW","25",-1.69,2.6,13.8153069469282,13815.3069469282,4308.99423674691,2.81633610244896
"C2","A_o",15273.6700119541,15.2736700119541,"1HW","25",-1.69,2.6,24.448535470993,24448.535470993,7625.49821340271,4.98398576039393
"C2","A_o",19109.2918548857,19.1092918548857,"1HW","25",-1.69,2.6,43.7759866148962,43775.9866148962,13653.7302251861,8.92400668312818
"C2","A_o",24131.6536116758,24.1316536116758,"1HW","25",-1.69,2.6,80.3020098524575,80302.0098524575,25046.1968729815,16.3700633156742
"C2","A_o",11066.9958426438,11.0669958426438,"1HW","25",-1.69,2.6,10.5797971690164,10579.7971690164,3299.83873701621,2.15675734445504
"C2","A_o",14502.1540049304,14.5021540049304,"1HW","25",-1.69,2.6,21.3660644080532,21366.0644080532,6664.07548887179,4.35560489468744
"C2","A_o",14668.1049999087,14.6681049999087,"1HW","25",-1.69,2.6,22.0075869494342,22007.5869494342,6864.16636952854,4.48638324805787
"C2","A_o",10866.3913407339,10.8663913407339,"1HW","25",-1.69,2.6,10.0883905851092,10088.3905851092,3146.56902349555,2.0565810611082
"C2","A_o",10991.394216178,10.991394216178,"1HW","25",-1.69,2.6,10.3929117539898,10392.9117539898,3241.54917606941,2.11865959220223
"C2","A_o",7452.20157454278,7.45220157454278,"1HW","25",-1.69,2.6,3.7839025522955,3783.9025522955,1180.19920606097,0.771372030105206
"C2","A_o",11720.0236074088,11.7200236074088,"1HW","25",-1.69,2.6,12.2804438814097,12280.4438814097,3830.27044661169,2.50344473634751
"C2","A_o",11668.1183272596,11.6681183272596,"1HW","25",-1.69,2.6,12.1395375883264,12139.5375883264,3786.32177379901,2.47472011359412
"C2","A_o",14561.2874233449,14.5612874233449,"1HW","25",-1.69,2.6,21.5933196394006,21593.3196394006,6734.95639552906,4.40193228465951
"C2","A_o",13167.9901858504,13.1679901858504,"1HW","25",-1.69,2.6,16.6245801033541,16624.5801033541,5185.20653423615,3.38902387858572
"C2","A_o",11754.9569054824,11.7549569054824,"1HW","25",-1.69,2.6,12.3758406102628,12375.8406102628,3860.02468634098,2.52289195185685
"C2","A_o",11987.6294403027,11.9876294403027,"1HW","25",-1.69,2.6,13.022866995362,13022.866995362,4061.83221585341,2.65479229794341
"C2","A_o",18877.3455353058,18.8773455353058,"1HW","25",-1.69,2.6,42.4078647202895,42407.8647202895,13227.0130062583,8.6451065400381
"C2","A_o",13398.099196711,13.398099196711,"1HW","25",-1.69,2.6,17.3905089053207,17390.5089053207,5424.09972756953,3.54516322063368
"C2","A_o",17699.4574161899,17.6994574161899,"1HW","25",-1.69,2.6,35.8670681564233,35867.0681564233,11186.9385579884,7.31172454770485
"C2","A_o",14526.3629665842,14.5263629665842,"1HW","25",-1.69,2.6,21.4589228353536,21458.9228353536,6693.03803234679,4.37453466166457
"C2","A_o",11790.7276912988,11.7907276912988,"1HW","25",-1.69,2.6,12.4739955389046,12473.9955389046,3890.63920858434,2.54290144351918
"C2","A_o",15548.2802662215,15.5482802662215,"1HW","25",-1.69,2.6,25.6079101361838,25607.9101361838,7987.10717147574,5.22033148462467
"C2","A_o",15172.6683992607,15.1726683992607,"1HW","25",-1.69,2.6,24.0304062298562,24030.4062298562,7495.08370309216,4.89874751836089
"C2","A_o",12829.3382218603,12.8293382218603,"1HW","25",-1.69,2.6,15.5357084370404,15535.7084370404,4845.58746151289,3.1670506284398
"C2","A_o",19522.4145688111,19.5224145688111,"1HW","25",-1.69,2.6,46.2793425433455,46279.3425433455,14434.5269392695,9.43433133285586
"C2","A_o",13945.1535233325,13.9451535233325,"1HW","25",-1.69,2.6,19.2974791119031,19297.4791119031,6018.88373500259,3.93391093791019
"C2","A_o",11802.6429325198,11.8026429325198,"1HW","25",-1.69,2.6,12.506796924956,12506.796924956,3900.86996089378,2.5495882097345
"C2","A_o",18522.0516659248,18.5220516659248,"1HW","25",-1.69,2.6,40.3637620591609,40363.7620591609,12589.4573862523,8.22840352042633
"C2","A_o",12571.8435815903,12.5718435815903,"1HW","25",-1.69,2.6,14.7379581563005,14737.9581563005,4596.76914895013,3.00442428035956
"C2","A_o",9096.56411963928,9.09656411963928,"1HW","25",-1.69,2.6,6.35449732592224,6354.49732592224,1981.96771595515,1.2954037359184
"C2","A_o",17848.3216200443,17.8483216200443,"1HW","25",-1.69,2.6,36.6566857343118,36656.6857343118,11433.2202805318,7.47269299381166
"C2","A_o",13253.9521155073,13.2539521155073,"1HW","25",-1.69,2.6,16.9082255590202,16908.2255590202,5273.67555185841,3.44684676592053
"C2","A_o",11458.1544718027,11.4581544718027,"1HW","25",-1.69,2.6,11.5797224318795,11579.7224318795,3611.71542650321,2.36059831797595
"C2","A_o",10681.0922260037,10.6810922260037,"1HW","25",-1.69,2.6,9.64718771272475,9647.18771272476,3008.95784759885,1.96663911607768
"C2","A_o",16067.5639952076,16.0675639952076,"1HW","25",-1.69,2.6,27.8913862287643,27891.3862287643,8699.32336475159,5.68583226454352
"C2","A_o",9811.94683896343,9.81194683896343,"1HW","25",-1.69,2.6,7.73683767298526,7736.83767298526,2413.1196702041,1.57720239882621
"C2","A_o",16062.2163478799,16.0622163478799,"1HW","25",-1.69,2.6,27.8672571619814,27867.2571619814,8691.79750882199,5.68091340445881
"C2","A_o",12601.012540299,12.601012540299,"1HW","25",-1.69,2.6,14.8270295737548,14827.0295737548,4624.55052405414,3.02258204186545
"C2","A_o",17299.2952031579,17.2992952031579,"1HW","25",-1.69,2.6,33.796666432485,33796.666432485,10541.1802602921,6.88966030084449
"C2","A_o",15925.7578375563,15.9257578375563,"1HW","25",-1.69,2.6,27.2558844868505,27255.8844868505,8501.11037144867,5.55628128852855
"C2","A_o",10435.5511424822,10.4355511424822,"1HW","25",-1.69,2.6,9.08113257772039,9081.13257772039,2832.40525099099,1.85124526208561
"C2","A_o",13513.01775562,13.51301775562,"1HW","25",-1.69,2.6,17.7809967784489,17780.9967784489,5545.89289519822,3.62476659816877
"C2","A_o",19505.2017235521,19.5052017235521,"1HW","25",-1.69,2.6,46.1733260890224,46173.3260890224,14401.4604071661,9.41271922036999
"C2","A_o",14934.4703007258,14.9344703007258,"1HW","25",-1.69,2.6,23.0618180428608,23061.8180428608,7192.98104756829,4.70129480233222
"C2","A_o",9526.41488760336,9.52641488760336,"1HW","25",-1.69,2.6,7.16500797858669,7165.00797858669,2234.76598852119,1.46063136504653
"C2","A_o",8257.59752985886,8.25759752985886,"1HW","25",-1.69,2.6,4.94105457412138,4941.05457412138,1541.11492166846,1.00726465468527
"C2","A_o",9503.29714530154,9.50329714530154,"1HW","25",-1.69,2.6,7.11988867144778,7119.88867144778,2220.69327662456,1.4514335141337
"C2","A_o",14209.8334086359,14.2098334086359,"1HW","25",-1.69,2.6,20.264288728938,20264.288728938,6320.43165455577,4.131001081409
"C2","A_o",12296.8563727523,12.2968563727523,"1HW","25",-1.69,2.6,13.91440568275,13914.40568275,4339.90313244972,2.83653799506518
"C2","A_o",12072.1433268822,12.0721433268822,"1HW","25",-1.69,2.6,13.2629275033027,13262.9275033027,4136.70708828013,2.70373012305891
"C2","A_o",20231.6220857118,20.2316220857118,"1HW","25",-1.69,2.6,50.7784956631672,50778.4956631672,15837.8127973418,10.3515116322496
"C2","A_o",15905.950060542,15.905950060542,"1HW","25",-1.69,2.6,27.1678329327696,27167.8329327696,8473.64709173084,5.53833143250382
"C2","A_o",8444.44826362134,8.44444826362134,"1HW","25",-1.69,2.6,5.23703318758794,5237.03318758794,1633.43065120868,1.06760173281613
"C2","A_o",14683.525323047,14.683525323047,"1HW","25",-1.69,2.6,22.0677916519787,22067.7916519787,6882.94421625216,4.49865635049161
"C2","A_o",11262.1904962324,11.2621904962324,"1HW","25",-1.69,2.6,11.0718312888314,11071.8312888314,3453.30417898652,2.25706155489315
"C2","A_o",11925.3265126778,11.9253265126778,"1HW","25",-1.69,2.6,12.8476212416796,12847.6212416796,4007.17306527986,2.61906736292801
"C2","A_o",13497.8885500867,13.4978885500867,"1HW","25",-1.69,2.6,17.7292832525072,17729.2832525072,5529.76344645699,3.61422447480849
"C2","A_o",10245.9564007318,10.2459564007318,"1HW","25",-1.69,2.6,8.65837734548073,8658.37734548073,2700.54789405544,1.76506398304277
"C2","A_o",13765.7524877268,13.7657524877268,"1HW","25",-1.69,2.6,18.6586357690447,18658.6357690447,5819.62849636503,3.80367875579414
"C2","A_o",8417.17536896414,8.41717536896414,"1HW","25",-1.69,2.6,5.19317044353631,5193.17044353631,1619.74986133897,1.05866004009083
"C2","A_o",11105.3197936043,11.1053197936043,"1HW","25",-1.69,2.6,10.675316994897,10675.316994897,3329.63137070839,2.17622965405777
"C2","A_o",12265.0327928774,12.2650327928774,"1HW","25",-1.69,2.6,13.8209741805275,13820.9741805275,4310.76184690653,2.81749140320688
"C2","A_o",9946.37687214083,9.94637687214083,"1HW","25",-1.69,2.6,8.01546584878876,8015.46584878876,2500.02379823721,1.63400248250798
"C2","A_o",16141.1603840455,16.1411603840455,"1HW","25",-1.69,2.6,28.2247664749851,28224.7664749851,8803.30466354785,5.75379389774369
"C2","A_o",17347.3959373587,17.3473959373587,"1HW","25",-1.69,2.6,34.0415366784828,34041.5366784828,10617.5552900188,6.9395786209273
"C2","A_o",7640.19095621788,7.64019095621788,"1HW","25",-1.69,2.6,4.03711345551008,4037.11345551008,1259.17568677359,0.822990644950062
"C2","A_o",8352.50167157496,8.35250167157496,"1HW","25",-1.69,2.6,5.09006215059781,5090.06215059781,1587.59038477146,1.03764077436043
"C2","A_o",12382.3909749074,12.3823909749074,"1HW","25",-1.69,2.6,14.1674514554053,14167.4514554053,4418.82810894091,2.8881229470202
"C2","A_o",8219.87817345995,8.21987817345995,"1HW","25",-1.69,2.6,4.88258699921434,4882.58699921434,1522.87888505495,0.995345676506504
"C2","A_o",14615.6520603248,14.6156520603248,"1HW","25",-1.69,2.6,21.8035549514819,21803.5549514819,6800.52878936722,4.44479005840994
"C2","A_o",18946.9676048431,18.9469676048431,"1HW","25",-1.69,2.6,42.8157201041268,42815.7201041268,13354.2231004771,8.72825039246872
"C2","A_o",9316.72034367789,9.31672034367789,"1HW","25",-1.69,2.6,6.76213684105775,6762.13684105776,2109.11048072591,1.3785035821738
"C2","A_o",10226.9072037489,10.2269072037489,"1HW","25",-1.69,2.6,8.61658585727877,8616.58585727877,2687.51312888525,1.75654452868317
"C2","A_o",8474.5462076989,8.4745462076989,"1HW","25",-1.69,2.6,5.28570322536682,5285.70322536682,1648.61083599191,1.07752342221694
"C2","A_o",7451.64511494632,7.45164511494632,"1HW","25",-1.69,2.6,3.78316797687797,3783.16797687797,1179.97009198824,0.771222282345255
"C2","A_o",8645.67208255201,8.64567208255201,"1HW","25",-1.69,2.6,5.56771215182861,5567.71215182861,1736.56942015534,1.13501269291199
"C2","A_o",9000.72601594049,9.00072601594049,"1HW","25",-1.69,2.6,6.1818947812989,6181.8947812989,1928.13298228713,1.26021763548178
"C2","A_o",7563.1067976283,7.5631067976283,"1HW","25",-1.69,2.6,3.93206425310794,3932.06425310794,1226.41084054437,0.801575712774096
"C2","A_o",6674.93086002243,6.67493086002243,"1HW","25",-1.69,2.6,2.84159124533286,2841.59124533286,886.292309419319,0.579276019228313
"C2","A_o",7212.17858401844,7.21217858401844,"1HW","25",-1.69,2.6,3.47514417477779,3475.14417477779,1083.89746811319,0.708429717721041
"C2","A_o",6128.04773038521,6.12804773038521,"1HW","25",-1.69,2.6,2.27529421255965,2275.29421255965,709.664264897354,0.463832852874088
"C2","A_o",8765.32646455431,8.76532646455431,"1HW","25",-1.69,2.6,5.77028215346433,5770.28215346433,1799.75100366553,1.17630784553302
"C2","A_o",7541.98158170537,7.54198158170538,"1HW","25",-1.69,2.6,3.90357219112317,3903.57219112317,1217.52416641132,0.795767429027004
"C2","A_o",8969.241,8.969241,"1HW","25",-1.69,2.6,6.1258280633895,6125.8280633895,1910.64577297119,1.24878808690927
"C2","A_o",5328.166,5.328166,"1HW","25",-1.69,2.6,1.5816199775197,1581.6199775197,493.307270988393,0.32242305293359
"C2","A_o",3813.441,3.813441,"1HW","25",-1.69,2.6,0.662863769240474,662.863769240474,206.747209626104,0.13512889518046
"C2","A_o",4406.587,4.406587,"1HW","25",-1.69,2.6,0.965308448311948,965.308448311948,301.079705028497,0.196784120933658
"C2","A_o",7674.868,7.674868,"1HW","25",-1.69,2.6,4.0849277392835,4084.9277392835,1274.08896188253,0.83273788358335
"C2","A_o",9787.594,9.787594,"1HW","25",-1.69,2.6,7.68701024218832,7687.01024218832,2397.57849453854,1.56704476767225
"C2","A_o",8826.432,8.826432,"1HW","25",-1.69,2.6,5.87545449739034,5875.45449739034,1832.55425773605,1.19774788087323
"C2","A_o",5779.433,5.779433,"1HW","25",-1.69,2.6,1.95389673340832,1953.89673340832,609.420391150056,0.398313981143828
"C2","A_o",5030.907,5.030907,"1HW","25",-1.69,2.6,1.36232382481139,1362.32382481139,424.908800958674,0.277718170561225
"C2","A_o",5342.566,5.342566,"1HW","25",-1.69,2.6,1.59275775953111,1592.75775953111,496.781145197752,0.324693558952779
"C2","A_o",6082.467,6.082467,"1HW","25",-1.69,2.6,2.23155389233328,2231.55389233328,696.021659018749,0.454916117005718
"C2","A_o",4773.393,4.773393,"1HW","25",-1.69,2.6,1.18836731645234,1188.36731645234,370.651766001486,0.242256056210121
"C2","A_o",4494.4,4.4944,"1HW","25",-1.69,2.6,1.01612345641773,1016.12345641773,316.92890605669,0.207143075854046
"C2","A_o",3702.997,3.702997,"1HW","25",-1.69,2.6,0.614099489749198,614.099489749198,191.537630852775,0.125187994021421
"C2","A_o",6009.135,6.009135,"1HW","25",-1.69,2.6,2.16227585261129,2162.27585261129,674.413838429461,0.440793358450628
"C2","A_o",3690.197,3.690197,"1HW","25",-1.69,2.6,0.608595635853727,608.595635853727,189.820978822777,0.124065999230573
"C2","A_o",3182.25,3.18225,"1HW","25",-1.69,2.6,0.414103753861895,414.103753861895,129.158960829525,0.084417621457206
"C2","A_o",5490.594,5.490594,"1HW","25",-1.69,2.6,1.71005571773384,1710.05571773384,533.366378361186,0.348605476053063
"C2","A_o",4711.543,4.711543,"1HW","25",-1.69,2.6,1.14874653278534,1148.74653278534,358.294043575749,0.234179113448202
"C2","A_o",8325.498,8.325498,"1HW","25",-1.69,2.6,5.04738664334643,5047.38664334643,1574.27989405975,1.0289411072286
"C2","A_o",6169.654,6.169654,"1HW","25",-1.69,2.6,2.31567764764209,2315.67764764209,722.259858299567,0.472065266862462
"C2","A_o",5820.362,5.820362,"1HW","25",-1.69,2.6,1.99007750767166,1990.07750767166,620.705174642792,0.405689656629276
"C2","A_o",7587.829,7.587829,"1HW","25",-1.69,2.6,3.96556973200062,3965.56973200062,1236.86119941099,0.808406012686924
"C2","A_o",6685.347,6.685347,"1HW","25",-1.69,2.6,2.85313473156833,2853.13473156833,889.892722776162,0.581629230572655
"C2","A_o",3872.22,3.87222,"1HW","25",-1.69,2.6,0.689756912900997,689.756912900997,215.135181133821,0.140611229499229
"C2","A_o",8063.893,8.063893,"1HW","25",-1.69,2.6,4.64532781289978,4645.32781289978,1448.87774484344,0.946978918198327
"C2","A_o",4138.262,4.138262,"1HW","25",-1.69,2.6,0.819835568098729,819.835568098729,255.706713689994,0.167128571039212
"C2","A_o",6947.323,6.947323,"1HW","25",-1.69,2.6,3.15301093029874,3153.01093029874,983.424109160177,0.642760855660246
"D1","A_o",11152.9096998505,11.1529096998505,"0HW","20",-1.69,2.6,10.7946678423894,10794.6678423894,3879.60362255477,2.53568864219266
"D1","I_o",12925.132,12.925132,"0HW","20",-1.77,2.51,10.46409846448,10464.09846448,3167.48260519809,2.07025006875692
"D1","G_h",1384.647,1.384647,"0HW","20",0.19,2.34,3.31690796816294,3316.90796816294,196.057122945363,0.128141910421806
"D1","A_o",10399.5943775212,10.3995943775212,"0HW","20",-1.69,2.6,9.00000273500696,9000.00273500696,3234.6009829615,2.11411828951732
"D1","I_o",12823.796,12.823796,"0HW","20",-1.77,2.51,10.2593930312452,10259.3930312452,3105.51827055791,2.02975050363262
"D1","G_h",1575.674,1.575674,"0HW","20",0.19,2.34,4.48819071625357,4488.19071625357,265.289772132603,0.173392007929806
"D1","A_o",7633.49359312311,7.63349359312311,"0HW","20",-1.69,2.6,4.02791871833427,4027.91871833427,1447.63398736934,0.94616600481656
"D1","I_o",11128.49,11.12849,"0HW","20",-1.77,2.51,7.187121091801,7187.121091801,2175.54155448816,1.42192258463279
"D1","G_h",3141.173,3.141173,"0HW","20",0.19,2.34,22.5525130397413,22552.5130397413,1333.04296175824,0.871269909645911
"D1","A_o",9866.40189365763,9.86640189365763,"0HW","20",-1.69,2.6,7.84897389752099,7848.97389752099,2820.92121876904,1.84373935867258
"D1","I_o",10069.532,10.069532,"0HW","20",-1.77,2.51,5.59182161922976,5591.82161922976,1692.64440414085,1.1063035321182
"D1","G_h",3006.582,3.006582,"0HW","20",0.19,2.34,20.3559297860823,20355.9297860823,1203.20644016767,0.786409438018085
"D1","A_o",14333.8047694035,14.3338047694035,"0HW","20",-1.69,2.6,20.7271629114516,20727.1629114516,7449.34235037572,4.86885120939589
"D1","I_o",14722.872,14.722872,"0HW","20",-1.77,2.51,14.5097946551638,14509.7946551638,4392.11484211807,2.87066329550201
"D1","G_h",2587.843,2.587843,"0HW","20",0.19,2.34,14.3309421952204,14330.9421952204,847.079063651964,0.553646446831349
"D1","A_o",11475.9252327754,11.4759252327754,"0HW","20",-1.69,2.6,11.6264745756781,11626.4745756781,4178.55496249872,2.73108167483576
"D1","I_o",10300.247,10.300247,"0HW","20",-1.77,2.51,5.91898956643234,5918.98956643234,1791.67814175907,1.17103146520201
"D1","G_h",2509.58,2.50958,"0HW","20",0.19,2.34,13.3372546836078,13337.2546836078,788.343784740566,0.515257375647429
"D1","A_o",10101.2351762924,10.1012351762924,"0HW","20",-1.69,2.6,8.34398768324226,8343.98768324226,2998.82917335727,1.96001906755377
"D1","I_o",2157.372,2.157372,"0HW","20",-1.77,2.51,0.116990836152764,116.990836152764,35.4131261034415,0.023145834054537
"D1","G_h",1047.794,1.047794,"0HW","20",0.19,2.34,1.72760965648798,1727.60965648798,102.116242619554,0.0667426422350026
"D1","A_o",10600.7803925363,10.6007803925363,"0HW","20",-1.69,2.6,9.45972209458221,9459.72209458221,3399.82412079284,2.22210726849206
"D1","I_o",2470.897,2.470897,"0HW","20",-1.77,2.51,0.16446184258528,164.46184258528,49.7825997505643,0.0325376468957937
"D1","G_h",2086.702,2.086702,"0HW","20",0.19,2.34,8.660389236266,8660.389236266,511.901751132905,0.334576307930003
"D1","A_o",8634.62698701487,8.63462698701487,"0HW","20",-1.69,2.6,5.54923747427115,5549.23747427115,1994.39594825305,1.30352676356409
"D1","I_o",1936.456,1.936456,"0HW","20",-1.77,2.51,0.0892049922671717,89.2049922671717,27.0023511592729,0.0176485955289365
"D1","G_h",1800.466,1.800466,"0HW","20",0.19,2.34,6.13197991237566,6131.97991237566,362.451521452665,0.236896419250108
"D1","A_o",10467.9500726286,10.4679500726286,"0HW","20",-1.69,2.6,9.1546189224471,9154.6189224471,3290.17004072749,2.150437935116
"D1","I_o",2081.924,2.081924,"0HW","20",-1.77,2.51,0.106990896826539,106.990896826539,32.3861444693935,0.0211674146858781
"D1","G_h",1562.118,1.562118,"0HW","20",0.19,2.34,4.39835599971586,4398.35599971586,259.979785773605,0.169921428610199
"D1","A_o",10525.1542419563,10.5251542419563,"0HW","20",-1.69,2.6,9.2852589358927,9285.2589358927,3337.12206155984,2.18112553043127
"D1","I_o",2187.784,2.187784,"0HW","20",-1.77,2.51,0.121174475644232,121.174475644232,36.6795137775091,0.0239735384166726
"D1","G_h",1523.667,1.523667,"0HW","20",0.19,2.34,4.14918447376818,4149.18447376818,245.251655549279,0.160295199705411
"D1","A_o",9007.72620065781,9.0077262006578,"0HW","20",-1.69,2.6,6.19440304665747,6194.40304665747,2226.2684549687,1.45507742154817
"D1","I_o",2243.77,2.24377,"0HW","20",-1.77,2.51,0.129108735015346,129.108735015346,39.0812140891452,0.0255432771824478
"D1","G_h",2503.417,2.503417,"0HW","20",0.19,2.34,13.2607375915692,13260.7375915692,783.820981857509,0.512301295331705
"D1","A_o",7316.52825222735,7.31652825222735,"0HW","20",-1.69,2.6,3.60739035866705,3607.39035866705,1296.49609490494,0.84738306856532
"D1","I_o",1938.595,1.938595,"0HW","20",-1.77,2.51,0.0894525224358779,89.4525224358779,27.0772785413402,0.0176975676740786
"D1","G_h",1051.207,1.051207,"0HW","20",0.19,2.34,1.74080646708417,1740.80646708417,102.896284978998,0.0672524738424824
"D1","A_o",20531.6263850201,20.5316263850201,"0HW","20",-1.69,2.6,52.7595056048677,52759.5056048677,18961.7663143895,12.3933113165944
"D1","I_o",2240.498,2.240498,"0HW","20",-1.77,2.51,0.12863668718218,128.63668718218,38.938325210046,0.0254498857582
"D1","G_h",609.246,0.609246,"0HW","20",0.19,2.34,0.485752323268068,485.752323268068,28.7120426246582,0.0187660409311492
"D1","A_o",19206.2523632411,19.2062523632411,"0HW","20",-1.69,2.6,44.3558433170749,44355.8433170749,15941.4900881567,10.4192745674227
"D1","I_o",5637.785,5.637785,"0HW","20",-1.77,2.51,1.30401431690527,1304.01431690527,394.725133727226,0.257990283481847
"D1","G_h",933.202,0.933202,"0HW","20",0.19,2.34,1.3174770129331,1317.4770129331,77.8739582712547,0.0508980119419965
"D1","A_o",12296.8563727523,12.2968563727523,"0HW","20",-1.69,2.6,13.91440568275,13914.40568275,5000.83740238035,3.26852117802637
"D1","I_o",1774.092,1.774092,"0HW","20",-1.77,2.51,0.071602816420455,71.602816420455,21.6741725304717,0.0141661258369096
"D1","G_h",3191.234,3.191234,"0HW","20",0.19,2.34,23.4025532383589,23402.5532383589,1383.28747783422,0.904109462636742
"D1","A_o",7463.57580302855,7.46357580302855,"0HW","20",-1.69,2.6,3.79893676782106,3798.93676782106,1365.33787435489,0.89237769565679
"D1","I_o",2081.922,2.081922,"0HW","20",-1.77,2.51,0.106990638846943,106.990638846943,32.3860663789698,0.0211673636463855
"D1","G_h",3175.128,3.175128,"0HW","20",0.19,2.34,23.1271062992549,23127.106299255,1367.00624997888,0.893468137241099
"D1","A_o",11015.1886065742,11.0151886065742,"0HW","20",-1.69,2.6,10.4515099432312,10451.5099432312,3756.2726735973,2.45508017882176
"D1","I_o",2014.575,2.014575,"0HW","20",-1.77,2.51,0.0985145629569538,98.5145629569538,29.8203582070699,0.0194904302006993
"D1","G_h",4598.687,4.598687,"0HW","20",0.19,2.34,55.0254004570033,55025.4004570033,3252.46338037274,2.12579305906715
"D1","A_o",20494.8875490179,20.4948875490179,"0HW","20",-1.69,2.6,52.5143994659135,52514.3994659135,18873.6751680493,12.3357354039538
"D1","I_o",5593.911,5.593911,"0HW","20",-1.77,2.51,1.27869226041981,1278.69226041981,387.060147229076,0.252980488385017
"D1","G_h",3562.178,3.562178,"0HW","20",0.19,2.34,30.2701479785886,30270.1479785886,1789.2200147776,1.16942484625987
"D1","A_o",14911.556976334,14.911556976334,"0HW","20",-1.69,2.6,22.9699357233877,22969.9357233877,8255.39489898555,5.39568294051343
"D1","I_o",1950.357,1.950357,"0HW","20",-1.77,2.51,0.0908210303492799,90.8210303492799,27.491525886727,0.0179683175730242
"D1","G_h",1346.448,1.346448,"0HW","20",0.19,2.34,3.10673085145264,3106.73085145264,183.633889860003,0.120022150235296
"D1","A_o",18535.849060784,18.535849060784,"0HW","20",-1.69,2.6,40.4419845713334,40441.9845713334,14534.8492549372,9.49990147381519
"D1","I_o",2188.186,2.188186,"0HW","20",-1.77,2.51,0.121230369842215,121.230369842215,36.6964329512385,0.0239845967001559
"D1","G_h",1498.779,1.498779,"0HW","20",0.19,2.34,3.99232586642515,3992.32586642515,235.979994243004,0.154235290354905
"D1","A_o",11523.271697405,11.523271697405,"0HW","20",-1.69,2.6,11.7516022809592,11751.6022809592,4223.52585977672,2.76047441815472
"D1","I_o",3593.485,3.593485,"0HW","20",-1.77,2.51,0.421060739871691,421.060739871691,127.455085959161,0.0833039777510856
"D1","G_h",1783.978,1.783978,"0HW","20",0.19,2.34,6.00138400973866,6001.38400973866,354.732206601236,0.231851115425645
"D1","A_o",9717.94506966952,9.71794506966952,"0HW","20",-1.69,2.6,7.54559591113936,7545.59591113936,2711.88717046349,1.77247527481274
"D1","I_o",2184.911,2.184911,"0HW","20",-1.77,2.51,0.120775464202992,120.775464202992,36.5587330142456,0.023894596741337
"D1","G_h",987.064,0.987064,"0HW","20",0.19,2.34,1.50233931216351,1502.33931216351,88.8008729990858,0.0580397862739123
"D1","A_o",8425.4089191662,8.4254089191662,"0HW","20",-1.69,2.6,5.20638846572192,5206.38846572192,1871.17601458046,1.22299085920291
"D1","I_o",1959.717,1.959717,"0HW","20",-1.77,2.51,0.0919190090386933,91.9190090386932,27.8238840360124,0.0181855451215768
"D1","G_h",3869.272,3.869272,"0HW","20",0.19,2.34,36.7326676814625,36732.6676814625,2171.20921438296,1.41909098979278
"D1","A_o",7195.75580852885,7.19575580852885,"0HW","20",-1.69,2.6,3.45460728101174,3454.60728101174,1241.58585679562,0.811494024049424
"D1","I_o",2021.271,2.021271,"0HW","20",-1.77,2.51,0.0993385023199378,99.3385023199378,30.0697646522452,0.0196534409491799
"D1","G_h",2595.1,2.5951,"0HW","20",0.19,2.34,14.4251583272669,14425.1583272669,852.648028471421,0.557286293118576
"D1","A_o",10865.4349609287,10.8654349609287,"0HW","20",-1.69,2.6,10.0860821923024,10086.0821923024,3624.93793991347,2.36924048360358
"D1","I_o",2219.264,2.219264,"0HW","20",-1.77,2.51,0.12559851666048,125.59851666048,38.0186709931274,0.0248488045706715
"D1","G_h",4473.226,4.473226,"0HW","20",0.19,2.34,51.5766068088659,51576.6068088659,3048.61070590117,1.99255601692887
"D1","A_o",16061.7392494349,16.0617392494349,"0HW","20",-1.69,2.6,27.8651050751844,27865.1050751844,10014.7187640213,6.54556781962176
"D1","I_o",3213.9,3.2139,"0HW","20",-1.77,2.51,0.318164135279339,318.164135279339,96.308283749056,0.0629465906856575
"D1","G_h",1102.15,1.10215,"0HW","20",0.19,2.34,1.94465806760837,1944.65806760837,114.945626923422,0.075127860734263
"D1","A_o",9689.76805424869,9.68976805424869,"0HW","20",-1.69,2.6,7.48884413298127,7488.84413298127,2691.49058139347,1.7591441708454
"D1","I_o",1957.547,1.957547,"0HW","20",-1.77,2.51,0.0916637493299007,91.6637493299008,27.746616922161,0.0181350437399745
"D1","G_h",1673.246,1.673246,"0HW","20",0.19,2.34,5.1657088095755,5165.7088095755,305.336782599912,0.199566524575106
"D1","A_o",11150.5032467148,11.1505032467148,"0HW","20",-1.69,2.6,10.7886130830634,10788.6130830634,3877.427542053,2.5342663673549
"D1","I_o",2415.671,2.415671,"0HW","20",-1.77,2.51,0.155390635203756,155.390635203756,47.0367452761769,0.0307429707687431
"D1","G_h",1837.024,1.837024,"0HW","20",0.19,2.34,6.4273019427278,6427.3019427278,379.907534151532,0.248305577876818
"D1","A_o",10712.6499934081,10.7126499934081,"0HW","20",-1.69,2.6,9.72147091041238,9721.47091041238,3493.89664520221,2.28359257856353
"D1","I_o",2281.24,2.28124,"0HW","20",-1.77,2.51,0.134588872494273,134.588872494273,40.7400517040166,0.026627484773867
"D1","G_h",1958.872,1.958872,"0HW","20",0.19,2.34,7.46954549694956,7469.54549694956,441.512883051894,0.288570511798623
"D1","A_o",9714.74883380833,9.71474883380833,"0HW","20",-1.69,2.6,7.53914506041112,7539.14506041112,2709.56873471176,1.77095995732795
"D1","I_o",2065.626,2.065626,"0HW","20",-1.77,2.51,0.10490102830765,104.90102830765,31.7535412687256,0.0207539485416507
"D1","G_h",2377.559,2.377559,"0HW","20",0.19,2.34,11.7529597498261,11752.9597498261,694.698646076621,0.454051402664458
"D1","A_o",12022.3033418503,12.0223033418503,"0HW","20",-1.69,2.6,13.1210313288771,13121.0313288771,4715.69865959842,3.08215598666563
"D1","I_o",2063.343,2.063343,"0HW","20",-1.77,2.51,0.104610261247054,104.610261247054,31.6655260794832,0.0206964222741721
"D1","G_h",4948.365,4.948365,"0HW","20",0.19,2.34,65.319137259077,65319.137259077,3860.90969276443,2.52347038742773
"D1","A_o",14113.139592713,14.113139592713,"0HW","20",-1.69,2.6,19.907716918797,19907.716918797,7154.83346061566,4.67636173896448
"D1","I_o",2109.864,2.109864,"0HW","20",-1.77,2.51,0.110631474190649,110.631474190649,33.4881472375093,0.0218876779330126
"D1","G_h",4415.601,4.415601,"0HW","20",0.19,2.34,50.0352628818244,50035.2628818244,2957.50433252403,1.93300936766276
"D1","A_o",13095.3427160588,13.0953427160588,"0HW","20",-1.69,2.6,16.3871662147342,16387.1662147342,5889.54753757547,3.84937747553952
"D1","I_o",4272.003,4.272003,"0HW","20",-1.77,2.51,0.649957841908405,649.957841908405,196.742238745674,0.128589698526585
"D1","G_h",4675.355,4.675355,"0HW","20",0.19,2.34,57.1960643858474,57196.0643858474,3380.76785214442,2.20965219094407
"D1","A_o",13660.4808894597,13.6604808894597,"0HW","20",-1.69,2.6,18.2899100231838,18289.9100231838,6573.39366233225,4.29633572701455
"D1","I_o",1780.744,1.780744,"0HW","20",-1.77,2.51,0.072278601212176,72.278601212176,21.8787325869257,0.0142998252202129
"D1","G_h",1072.71,1.07271,"0HW","20",0.19,2.34,1.82527644941622,1825.27644941622,107.889170482674,0.070515797701094
"D1","A_o",11696.4219021602,11.6964219021602,"0HW","20",-1.69,2.6,12.2162487099252,12216.2487099253,4390.51978634713,2.86962077539028
"D1","I_o",3298.687,3.298687,"0HW","20",-1.77,2.51,0.339653569782694,339.653569782694,102.813135573221,0.0671981278256349
"D1","G_h",809.906,0.809906,"0HW","20",0.19,2.34,0.945664317555978,945.664317555978,55.8967047478258,0.0365337939528273
"D1","A_o",12371.1640144049,12.3711640144049,"0HW","20",-1.69,2.6,14.1340774992933,14134.0774992933,5079.78745324602,3.32012251846145
"D1","I_o",2022.082,2.022082,"0HW","20",-1.77,2.51,0.0994385758429073,99.4385758429073,30.100056907648,0.0196732398089203
"D1","G_h",1561.258,1.561258,"0HW","20",0.19,2.34,4.39269190330253,4392.69190330253,259.644990097167,0.169702607906645
"D1","A_o",8475.36425025335,8.47536425025335,"0HW","20",-1.69,2.6,5.2870299142942,5287.0299142942,1900.15855119734,1.24193369359303
"D1","I_o",2010.682,2.010682,"0HW","20",-1.77,2.51,0.0980374279946031,98.0374279946031,29.6759294539664,0.0193960323228538
"D1","G_h",2199.419,2.199419,"0HW","20",0.19,2.34,9.79491463873577,9794.91463873577,578.961732432249,0.378406361066829
"D1","A_o",11880.5155501034,11.8805155501034,"0HW","20",-1.69,2.6,12.722479109309,12722.479109309,4572.45899188564,2.98853528881414
"D1","I_o",2102.547,2.102547,"0HW","20",-1.77,2.51,0.109670983707909,109.670983707909,33.197406768384,0.0216976514826039
"D1","G_h",4654.623,4.654623,"0HW","20",0.19,2.34,56.6043432849322,56604.3432849322,3345.79216462309,2.18679226445953
"D1","A_o",12355.4473527505,12.3554473527505,"0HW","20",-1.69,2.6,14.0874385184502,14087.4385184502,5063.02540353102,3.30916693041243
"D1","I_o",5070.327,5.070327,"0HW","20",-1.77,2.51,0.999172062867097,999.172062867097,302.44938342987,0.197679335575079
"D1","G_h",3142.028,3.142028,"0HW","20",0.19,2.34,22.5668799790002,22566.8799790002,1333.89216855074,0.871824946765188
"D1","A_o",11501.5025469826,11.5015025469826,"0HW","20",-1.69,2.6,11.6939681821943,11693.9681821943,4202.81216468063,2.74693605534682
"D1","I_o",2038.186,2.038186,"0HW","20",-1.77,2.51,0.101438302630573,101.438302630573,30.7053742062745,0.0200688720302448
"D1","G_h",2341.983,2.341983,"0HW","20",0.19,2.34,11.3455602798939,11345.5602798939,670.617915248079,0.438312362907241
"D1","A_o",9300.80381613752,9.30080381613752,"0HW","20",-1.69,2.6,6.73214184477164,6732.14184477164,2419.53177901093,1.58139331961498
"D1","I_o",2671.285,2.671285,"0HW","20",-1.77,2.51,0.200017394606154,200.017394606154,60.5452653472827,0.0395720688544332
"D1","G_h",2320.375,2.320375,"0HW","20",0.19,2.34,11.1021255874387,11102.1255874387,656.228880072564,0.42890776475331
"D1","A_o",9714.00216123157,9.71400216123157,"0HW","20",-1.69,2.6,7.53763856654476,7537.63856654476,2709.02730081619,1.77060607896483
"D1","I_o",2114.756,2.114756,"0HW","20",-1.77,2.51,0.11127645130328,111.27645130328,33.6833818095029,0.0220152822284333
"D1","G_h",1813.475,1.813475,"0HW","20",0.19,2.34,6.23615757810293,6236.15757810293,368.609296589539,0.240921108882052
"D1","A_o",19128.789829031,19.128789829031,"0HW","20",-1.69,2.6,43.892214040304,43892.214040304,15774.8617260853,10.3103671412322
"D1","I_o",5639.786,5.639786,"0HW","20",-1.77,2.51,1.30517633001849,1305.17633001849,395.076875096595,0.258220179801696
"D1","G_h",1850.623,1.850623,"0HW","20",0.19,2.34,6.53919089396598,6539.19089396598,386.521111036899,0.2526281771483
"D1","A_o",11920.7308578934,11.9207308578934,"0HW","20",-1.69,2.6,12.834752404958,12834.752404958,4612.81001434192,3.01490850610583
"D1","I_o",2118.291,2.118291,"0HW","20",-1.77,2.51,0.111743921633272,111.743921633272,33.8248850783914,0.0221077680250924
"D1","G_h",1107.62,1.10762,"0HW","20",0.19,2.34,1.96731746050388,1967.31746050388,116.284987382447,0.0760032597270898
"D1","A_o",8078.42855774609,8.07842855774609,"0HW","20",-1.69,2.6,4.66713013256143,4667.13013256143,1677.36656964258,1.09631801937423
"D1","I_o",2373.931,2.373931,"0HW","20",-1.77,2.51,0.148739018119281,148.739018119281,45.0233007847065,0.0294269939769323
"D1","G_h",2203.182,2.203182,"0HW","20",0.19,2.34,9.83417374467231,9834.17374467231,581.282275369589,0.379923055797117
"D1","A_o",10087.2282711071,10.0872282711071,"0HW","20",-1.69,2.6,8.31393849096888,8313.93849096888,2988.02949365421,1.95296045336877
"D1","I_o",2149.693,2.149693,"0HW","20",-1.77,2.51,0.115948429376222,115.948429376222,35.0975895721823,0.0229396010275701
"D1","G_h",1269.776,1.269776,"0HW","20",0.19,2.34,2.70845389587894,2708.45389587894,160.092376259171,0.104635540038674
"D1","A_o",11603.8732350021,11.6038732350021,"0HW","20",-1.69,2.6,11.9665163074308,11966.5163074308,4300.76596089064,2.81095814437296
"D1","I_o",1852.256,1.852256,"0HW","20",-1.77,2.51,0.0797865223209993,79.7865223209993,24.1513803065665,0.0157852158866448
"D1","G_h",2209.169,2.209169,"0HW","20",0.19,2.34,9.89682111604803,9896.82111604803,584.985261255813,0.382343308010336
"D1","A_o",10288.1475534857,10.2881475534857,"0HW","20",-1.69,2.6,8.75138276365345,8751.38276365345,3145.24696525705,2.05571697075624
"D1","I_o",2000.068,2.000068,"0HW","20",-1.77,2.51,0.0967436238266263,96.7436238266263,29.2842949323198,0.0191400620472678
"D1","G_h",1781.089,1.781089,"0HW","20",0.19,2.34,5.97866685482567,5978.66685482567,353.389431921777,0.230973484916194
"D1","A_o",9783.66776403723,9.78366776403723,"0HW","20",-1.69,2.6,7.6789954572122,7678.9954572122,2759.83096732207,1.80381108975298
"D1","I_o",4449.309,4.449309,"0HW","20",-1.77,2.51,0.719804149532873,719.804149532873,217.884716063601,0.14240831115268
"D1","G_h",2786.459,2.786459,"0HW","20",0.19,2.34,17.0381806223333,17038.1806223334,1007.09959549713,0.658235029736685
"D1","A_o",11112.4597470359,11.1124597470359,"0HW","20",-1.69,2.6,10.6931712520782,10693.1712520782,3843.12574799689,2.51184689411562
"D1","I_o",2222.482,2.222482,"0HW","20",-1.77,2.51,0.126056142579568,126.056142579568,38.1571943588354,0.0249393427181931
"D1","G_h",4560.851,4.560851,"0HW","20",0.19,2.34,53.9718580417641,53971.8580417641,3190.19017387581,2.08509161691229
"D1","A_o",12262.0551069429,12.2620551069429,"0HW","20",-1.69,2.6,13.812251743847,13812.251743847,4964.1232767386,3.24452501747621
"D1","I_o",2121.575,2.121575,"0HW","20",-1.77,2.51,0.112179256375525,112.179256375525,33.9566609048713,0.0221938960162557
"D1","G_h",6916.084,6.916084,"0HW","20",0.19,2.34,142.979247485578,142979.247485578,8451.27455207655,5.52370885756637
"D1","A_o",10799.3410919326,10.7993410919326,"0HW","20",-1.69,2.6,9.92733944086188,9927.33944086188,3567.88579504576,2.33195150002991
"D1","I_o",2478.567,2.478567,"0HW","20",-1.77,2.51,0.165746232131571,165.746232131571,50.1713844662265,0.0327917545530892
"D1","G_h",5048.379,5.048379,"0HW","20",0.19,2.34,68.4503332029941,68450.3332029941,4045.98967509586,2.64443769614108
"D1","A_o",11760.341556147,11.760341556147,"0HW","20",-1.69,2.6,12.3905855731643,12390.5855731643,4453.17645499523,2.91057284640211
"D1","G_h",5493.659,5.493659,"0HW","20",0.19,2.34,83.4211888357043,83421.1888357043,4930.89299817635,3.22280588116101
"D1","A_o",10190.6453694643,10.1906453694643,"0HW","20",-1.69,2.6,8.53737563445528,8537.37563445528,3068.33280302323,2.00544627648577
"D1","G_h",2653.451,2.653451,"0HW","20",0.19,2.34,15.1956019548028,15195.6019548028,898.187718585268,0.587050796460959
"D1","A_o",11033.5174170488,11.0335174170488,"0HW","20",-1.69,2.6,10.4967864231508,10496.7864231508,3772.54504048038,2.46571571273227
"D1","G_h",3831.421,3.831421,"0HW","20",0.19,2.34,35.8973267484812,35897.3267484812,2121.83354837993,1.38681931266662
"D1","A_o",7927.00203467623,7.92700203467624,"0HW","20",-1.69,2.6,4.44307169402021,4443.07169402021,1596.83996683086,1.04368625283063
"D1","G_h",3097.827,3.097827,"0HW","20",0.19,2.34,21.8310063496304,21831.0063496304,1290.39585571649,0.843395984128426
"D1","A_o",9349.00177601773,9.34900177601773,"0HW","20",-1.69,2.6,6.8232240148394,6823.2240148394,2452.26671093328,1.60278869995639
"D1","G_h",2290.368,2.290368,"0HW","20",0.19,2.34,10.7690731126098,10769.0731126098,636.542681169383,0.416040968084564
"D1","A_o",8368.13183103463,8.36813183103463,"0HW","20",-1.69,2.6,5.11486452098369,5114.86452098368,1838.28230884154,1.20149170512519
"D1","G_h",2400.891,2.400891,"0HW","20",0.19,2.34,12.024624355305,12024.624355305,710.756306243112,0.464546605387655
"D1","A_o",9026.74560645001,9.02674560645001,"0HW","20",-1.69,2.6,6.22846643613772,6228.46643613772,2238.5108371479,1.46307897852804
"D1","G_h",1553.784,1.553784,"0HW","20",0.19,2.34,4.34364285542417,4343.64285542417,256.745779355554,0.167807698925199
"D1","A_o",8467.15777290844,8.46715777290844,"0HW","20",-1.69,2.6,5.27373005518718,5273.73005518717,1895.37858183427,1.23880953061063
"D1","G_h",1145.38,1.14538,"0HW","20",0.19,2.34,2.12785511331076,2127.85511331076,125.774111179618,0.0822053014245867
"D1","A_o",9877.45992747805,9.87745992747805,"0HW","20",-1.69,2.6,7.87186647302534,7871.86647302534,2829.14881040531,1.84911686954595
"D1","G_h",1592.07,1.59207,"0HW","20",0.19,2.34,4.59823805878933,4598.23805878933,271.794494474143,0.177643460440616
"D1","A_o",7895.46114335416,7.89546114335416,"0HW","20",-1.69,2.6,4.39725348143764,4397.25348143764,1580.37290122869,1.03292346485535
"D1","G_h",1093.176,1.093176,"0HW","20",0.19,2.34,1.90780862122533,1907.80862122533,112.767515106835,0.0737042582397616
"D1","A_o",7228.11490429177,7.22811490429177,"0HW","20",-1.69,2.6,3.49514441080106,3495.14441080106,1256.1549012419,0.821016275321503
"D1","G_h",1968.335,1.968335,"0HW","20",0.19,2.34,7.55425594477539,7554.25594477539,446.519982086162,0.291843125546511
"D1","A_o",6945.59921719208,6.94559921719208,"0HW","20",-1.69,2.6,3.15097727347771,3150.97727347771,1132.46123208789,0.740170739926724
"D1","G_h",1709.775,1.709775,"0HW","20",0.19,2.34,5.43346873658584,5433.46873658584,321.16364346961,0.209910878084713
"D1","A_o",6696.00440897746,6.69600440897746,"0HW","20",-1.69,2.6,2.86497542106415,2864.97542106415,1029.67216633046,0.672988344006833
"D1","G_h",5987.495,5.987495,"0HW","20",0.19,2.34,102.036060630837,102036.060630837,6031.18828619177,3.94195312822992
"D1","A_o",7447.62838703207,7.44762838703207,"0HW","20",-1.69,2.6,3.77786814708386,3777.86814708386,1357.76581206194,0.8874286353346
"D1","G_h",4219.815,4.219815,"0HW","20",0.19,2.34,44.9973132356761,44997.3132356761,2659.71918965964,1.7383785553331
"D1","A_o",8353.33538804243,8.35333538804243,"0HW","20",-1.69,2.6,5.09138324216603,5091.38324216603,1829.84313723447,1.1959759066892
"D1","G_h",19362.036,19.362036,"0HW","20",0.19,2.34,1590.24996417669,1590249.96417669,93997.1309825413,61.4360333219224
"D1","A_o",6052.0881547965,6.0520881547965,"0HW","20",-1.69,2.6,2.20269130717251,2202.69130717251,791.647255797801,0.517416507057387
"D1","G_h",14387.431,14.387431,"0HW","20",0.19,2.34,793.744655275264,793744.655275264,46916.9765818724,30.6646905763872
"D1","A_o",16105.5332496019,16.1055332496019,"0HW","20",-1.69,2.6,28.0630766694141,28063.0766694141,10085.8697549874,6.59207173528589
"D1","G_h",15286.896,15.286896,"0HW","20",0.19,2.34,914.760046124126,914760.046124126,54070.0027103233,35.3398710524989
"D1","A_o",15681.7960645578,15.6817960645578,"0HW","20",-1.69,2.6,26.1835835261292,26183.5835261292,9410.37991929083,6.1505751106476
"D1","A_o",11433.4371075415,11.4334371075415,"0HW","20",-1.69,2.6,11.5148874825297,11514.8874825297,4138.45056122116,2.70486964785697
"D1","A_o",16932.1224190565,16.9321224190565,"0HW","20",-1.69,2.6,31.9631548919433,31963.1548919433,11487.5578681644,7.5082077569702
"D1","A_o",12472.3274972361,12.4723274972361,"0HW","20",-1.69,2.6,14.4365531993114,14436.5531993114,5188.49721983252,3.39117465348531
"D1","A_o",14641.3218398798,14.6413218398798,"0HW","20",-1.69,2.6,21.9032594134645,21903.2594134645,7872.03143319916,5.1451185837903
"D1","A_o",16959.5620040557,16.9595620040557,"0HW","20",-1.69,2.6,32.0980052132023,32098.0052132023,11536.0230736249,7.53988436184634
"D1","A_o",12577.310673428,12.577310673428,"0HW","20",-1.69,2.6,14.7546275246329,14754.6275246329,5302.81313235307,3.46589093617848
"D1","A_o",16111.1419721772,16.1111419721772,"0HW","20",-1.69,2.6,28.0884933286519,28088.4933286519,10095.0045023175,6.59804215837746
"D1","A_o",15976.3089405741,15.9763089405741,"0HW","20",-1.69,2.6,27.4813947321091,27481.3947321091,9876.81326672002,6.45543350766015
"D1","A_o",8699.02285967963,8.69902285967963,"0HW","20",-1.69,2.6,5.65748260709138,5657.48260709138,2033.29924898864,1.32895375750892
"D1","A_o",7179.30500744849,7.17930500744849,"0HW","20",-1.69,2.6,3.43411038951796,3434.11038951796,1234.21927399275,0.806679264047552
"D1","A_o",14598.7485213283,14.5987485213283,"0HW","20",-1.69,2.6,21.738052404709,21738.052404709,7812.6560342524,5.1063111334983
"D1","A_o",13050.6375122615,13.0506375122615,"0HW","20",-1.69,2.6,16.2421116091269,16242.1116091269,5837.4149123202,3.81530386426157
"D1","A_o",15158.773458135,15.158773458135,"0HW","20",-1.69,2.6,23.9732305984105,23973.2305984105,8615.97907706872,5.63135887390112
"D1","A_o",8113.30738678825,8.11330738678825,"0HW","20",-1.69,2.6,4.71970243940092,4719.70243940092,1696.26105672069,1.10866735733379
"D1","A_o",16976.8524141496,16.9768524141496,"0HW","20",-1.69,2.6,32.1831574762278,32183.1574762278,11566.6267969563,7.55988679539625
"D1","A_o",17002.2165635988,17.0022165635988,"0HW","20",-1.69,2.6,32.3083228086722,32308.3228086722,11611.6112174368,7.58928837740967
"D1","A_o",10841.335321361,10.841335321361,"0HW","20",-1.69,2.6,10.0280206825706,10028.0206825706,3604.07063331588,2.35560172112149
"D1","A_o",12108.6006500898,12.1086006500898,"0HW","20",-1.69,2.6,13.3673181878282,13367.3181878282,4804.21415670546,3.14000925274867
"D1","A_o",8572.86275817931,8.57286275817931,"0HW","20",-1.69,2.6,5.44662236674402,5446.62236674402,1957.5160786078,1.27942227359987
"D1","A_o",10476.1701736254,10.4761701736254,"0HW","20",-1.69,2.6,9.1733215194258,9173.3215194258,3296.89175408163,2.15483121181806
"D1","A_o",16989.56879456,16.98956879456,"0HW","20",-1.69,2.6,32.245872059586,32245.872059586,11589.1664182152,7.57461857399687
"D1","A_o",12830.3609236575,12.8303609236575,"0HW","20",-1.69,2.6,15.5389285927343,15538.9285927343,5584.69093622872,3.65012479492073
"D1","A_o",14395.4121024221,14.3954121024221,"0HW","20",-1.69,2.6,20.9595843278165,20959.5843278165,7532.87460741727,4.92344745582828
"D1","A_o",16920.426581211,16.920426581211,"0HW","20",-1.69,2.6,31.9057825071825,31905.7825071825,11466.9382330814,7.49473087129503
"D1","A_o",10677.2134446759,10.6772134446759,"0HW","20",-1.69,2.6,9.63808171516237,9638.08171516237,3463.92656842936,2.26400429309108
"D1","A_o",13376.2412810063,13.3762412810063,"0HW","20",-1.69,2.6,17.3168400029895,17316.8400029895,6223.67229707442,4.06775967129047
"D1","A_o",11883.8069757766,11.8838069757766,"0HW","20",-1.69,2.6,12.7316453257766,12731.6453257766,4575.7533300841,2.99068845103536
"D1","A_o",11670.8729342763,11.6708729342763,"0HW","20",-1.69,2.6,12.1469903345908,12146.9903345908,4365.62832625194,2.85335184722349
"D1","A_o",17124.984886934,17.124984886934,"0HW","20",-1.69,2.6,32.9183843680939,32918.3843680939,11830.867341893,7.73259303391697
"D1","A_o",12891.9594497279,12.8919594497279,"0HW","20",-1.69,2.6,15.7336404067453,15733.6404067453,5654.67036218426,3.69586298181977
"D1","A_o",9267.93734379485,9.26793734379485,"0HW","20",-1.69,2.6,6.67046379900656,6670.46379900656,2397.36468936296,1.56690502572742
"D1","A_o",11734.4671575371,11.7344671575371,"0HW","20",-1.69,2.6,12.3198316109686,12319.8316109686,4427.74748098211,2.89395260194909
"D1","A_o",16583.2118652376,16.5832118652376,"0HW","20",-1.69,2.6,30.2787880609495,30278.7880609495,10882.1964291052,7.1125466856897
"D1","A_o",17928.0172884374,17.9280172884374,"0HW","20",-1.69,2.6,37.0837702741678,37083.7702741678,13327.9070365359,8.71105035067707
"D1","A_o",621.483022083009,0.621483022083009,"0HW","20",-1.69,2.6,0.00592810789115738,5.92810789115738,2.13056197608196,0.00139252416737383
"D1","A_o",12107.0583464328,12.1070583464328,"0HW","20",-1.69,2.6,13.3628918015471,13362.8918015471,4802.62331347601,3.13896948593203
"D1","A_o",8197.35649348909,8.19735649348909,"0HW","20",-1.69,2.6,4.84788086210014,4847.88086210014,1742.32838183879,1.13877672015607
"D1","A_o",8072.1859487224,8.0721859487224,"0HW","20",-1.69,2.6,4.65775895896476,4657.75895896476,1673.99856985193,1.09411671232153
"D1","A_o",10595.1040054094,10.5951040054094,"0HW","20",-1.69,2.6,9.44655773204641,9446.55773204641,3395.09284889748,2.21901493391992
"D1","A_o",6804.51465457255,6.80451465457255,"0HW","20",-1.69,2.6,2.98725708411367,2987.25708411367,1073.62019603045,0.701712546425133
"D1","A_o",3602.528,3.602528,"0HW","20",-1.69,2.6,0.571714423475756,571.714423475756,205.474163797187,0.134296839083129
"D1","A_o",5559.185,5.559185,"0HW","20",-1.69,2.6,1.76615546622918,1766.15546622918,634.756274562767,0.414873382067168
"D1","A_o",5163.614,5.163614,"0HW","20",-1.69,2.6,1.45773909424406,1457.73909424406,523.911430471315,0.342425771549879
"D1","A_o",6517.604,6.517604,"0HW","20",-1.69,2.6,2.67072223158816,2670.72223158816,959.857570032785,0.627357888910317
"D1","A_o",5756.429,5.756429,"0HW","20",-1.69,2.6,1.93374051417187,1933.74051417187,694.986340793368,0.454239438427038
"D1","A_o",3510.662,3.510662,"0HW","20",-1.69,2.6,0.534578450544147,534.578450544147,192.127495125566,0.12557352622586
"D1","A_o",9986.607,9.986607,"0HW","20",-1.69,2.6,8.10003125812422,8100.03125812422,2911.15123416984,1.90271322494761
"D1","A_o",4458.671,4.458671,"0HW","20",-1.69,2.6,0.995254411761378,995.254411761378,357.694435587039,0.233787212801986
"D1","A_o",4172.858,4.172858,"0HW","20",-1.69,2.6,0.837774960600011,837.774960600011,301.096320839644,0.196794980940944
"D1","A_o",5925.643,5.925643,"0HW","20",-1.69,2.6,2.08502975081161,2085.02975081161,749.359692441693,0.489777576759276
"D1","A_o",4642.915,4.642915,"0HW","20",-1.69,2.6,1.10574734576185,1105.74734576185,397.405596066809,0.259742219651509
"D1","A_o",4246.705,4.246705,"0HW","20",-1.69,2.6,0.876870466642209,876.870466642209,315.14724571121,0.205978591968111
"D1","A_o",5452.065,5.452065,"0HW","20",-1.69,2.6,1.67903080712533,1679.03080712533,603.443672080845,0.39440762881101
"D1","A_o",1511.168,1.511168,"0HW","20",-1.69,2.6,0.0597328375794879,59.7328375794879,21.4679818260679,0.0140313606706326
"D1","A_o",3479.472,3.479472,"0HW","20",-1.69,2.6,0.522317647528507,522.317647528507,187.720962521745,0.122693439556696
"D1","A_o",4974.108,4.974108,"0HW","20",-1.69,2.6,1.32269449986371,1322.69449986371,475.376403251018,0.310703531536613
"D1","A_o",3331.879,3.331879,"0HW","20",-1.69,2.6,0.466650757616633,466.650757616633,167.714282287418,0.109617177965633
"D1","A_o",4207.866,4.207866,"0HW","20",-1.69,2.6,0.856171847107074,856.171847107074,307.708161850282,0.201116445653779
"D1","A_o",9474.501,9.474501,"0HW","20",-1.69,2.6,7.06393183054465,7063.93183054465,2538.77709989775,1.65933143784166
"D1","A_o",8029.914,8.029914,"0HW","20",-1.69,2.6,4.59460651941343,4594.60651941343,1651.30158307719,1.07928208044261
"D1","A_o",8185.521,8.185521,"0HW","20",-1.69,2.6,4.8297032824625,4829.7032824625,1735.79535971702,1.13450677105688
"D1","A_o",4054.459,4.054459,"0HW","20",-1.69,2.6,0.777366057546943,777.366057546943,279.385361082371,0.182604811164949
"D1","A_o",8418.123,8.418123,"0HW","20",-1.69,2.6,5.19469070378318,5194.69070378318,1866.97183893968,1.22024303198672
"D1","A_o",8331.529,8.331529,"0HW","20",-1.69,2.6,5.0568986178174,5056.8986178174,1817.44936324357,1.18787540081279
"D1","A_o",5541.606,5.541606,"0HW","20",-1.69,2.6,1.75167155091127,1751.67155091127,629.55075539751,0.411471081959157
"D1","A_o",5119.217,5.119217,"0HW","20",-1.69,2.6,1.42537521349842,1425.37521349842,512.279851731332,0.334823432504138
"D1","A_o",4671.887,4.671887,"0HW","20",-1.69,2.6,1.1237767886868,1123.7767886868,403.885377854036,0.263977371146429
"D1","A_o",7535.312,7.535312,"0HW","20",-1.69,2.6,3.89460324547971,3894.60324547971,1399.72040642541,0.914849938840136
"D1","A_o",9191.125,9.191125,"0HW","20",-1.69,2.6,6.52767537712215,6527.67537712215,2346.0465305377,1.53336374544948
"D1","A_o",3883.693,3.883693,"0HW","20",-1.69,2.6,0.695083084895345,695.083084895345,249.812860711387,0.163276379549926
"D1","A_o",6004.459,6.004459,"0HW","20",-1.69,2.6,2.15790388848941,2157.90388848941,775.550657523093,0.506895854590257
"D1","A_o",6872.453,6.872453,"0HW","20",-1.69,2.6,3.06542449857299,3065.424498573,1101.71356478713,0.720074225351068
"D1","A_o",3160.614,3.160614,"0HW","20",-1.69,2.6,0.406823277845104,406.823277845104,146.21228605753,0.0955635856585166
"D1","A_o",6097.458,6.097458,"0HW","20",-1.69,2.6,2.24588195415908,2245.88195415908,807.169974324773,0.527562074722074
"D1","A_o",5339.178,5.339178,"0HW","20",-1.69,2.6,1.59013295946569,1590.13295946569,571.49378563197,0.373525350086255
"D1","A_o",4321.09,4.32109,"0HW","20",-1.69,2.6,0.91736593875893,917.36593875893,329.701318389959,0.215491057771215
"D1","A_o",6233.65,6.23365,"0HW","20",-1.69,2.6,2.37864854114654,2378.64854114654,854.886285688066,0.55874920633207
"D1","A_o",7016.719,7.016719,"0HW","20",-1.69,2.6,3.23555375819265,3235.55375819265,1162.85802069444,0.760037922022509
"D1","A_o",2503.444,2.503444,"0HW","20",-1.69,2.6,0.221921045972598,221.921045972598,79.7584239225518,0.0521296888382692
"D1","A_o",3975.685,3.975685,"0HW","20",-1.69,2.6,0.738705129607625,738.705129607625,265.49062358098,0.173523283386262
"D1","A_o",4719.73,4.71973,"0HW","20",-1.69,2.6,1.15394365229422,1153.94365229422,414.727348634542,0.271063626558524
"D1","A_o",12441.584,12.441584,"0HW","20",-1.69,2.6,14.3442140651958,14344.2140651958,5155.31053503136,3.36948400982442
"D1","A_o",6812.184,6.812184,"0HW","20",-1.69,2.6,2.9960189902823,2996.0189902823,1076.76922510746,0.703770735364353
"D1","A_o",3398.655,3.398655,"0HW","20",-1.69,2.6,0.491358429834451,491.358429834451,176.594219682502,0.115421058616014
"D1","A_o",4023.409,4.023409,"0HW","20",-1.69,2.6,0.761982287148326,761.982287148326,273.856434001108,0.178991133334058
"D1","A_o",2601.798,2.601798,"0HW","20",-1.69,2.6,0.245307765394286,245.307765394286,88.1636108827063,0.0576232750867361
"D1","A_o",3616.088,3.616088,"0HW","20",-1.69,2.6,0.577326345051288,577.326345051288,207.491088411433,0.135615090464989
"D1","A_o",7946.535,7.946535,"0HW","20",-1.69,2.6,4.47159314229504,4471.59314229504,1607.09057534084,1.0503859969548
"D1","A_o",3311.334,3.311334,"0HW","20",-1.69,2.6,0.459206228225067,459.206228225067,165.038718424089,0.107868443414437
"D1","A_o",2752.878,2.752878,"0HW","20",-1.69,2.6,0.284083564911395,284.083564911395,102.099633229156,0.0667317864242847
"D1","A_o",5569.396,5.569396,"0HW","20",-1.69,2.6,1.77460236628266,1774.60236628266,637.79209044199,0.416857575452281
"D1","A_o",2717.039,2.717039,"0HW","20",-1.69,2.6,0.274567587566011,274.567587566011,98.6795909712242,0.0644964646870747
"D1","A_o",3567.091,3.567091,"0HW","20",-1.69,2.6,0.557207419668623,557.207419668623,200.260346628903,0.130889115443727
"D1","A_o",6325.944,6.325944,"0HW","20",-1.69,2.6,2.47130240541004,2471.30240541004,888.186084504369,0.58051378072181
"D1","A_o",5552.7,5.5527,"0HW","20",-1.69,2.6,1.76080371718729,1760.80371718729,632.832855957111,0.413616245723602
"D2","A_o",8026.89055624265,8.02689055624265,"0HW","20",-1.69,2.6,4.59010994437347,4590.10994437347,1649.68551400782,1.0782258261489
"D2","I_o",2787.596,2.787596,"0HW","20",-1.77,2.51,0.222600881594693,222.600881594693,67.3812868587136,0.044040056770401
"D2","G_h",1026.26,1.02626,"0HW","20",0.19,2.34,1.64566836464424,1645.66836464424,97.2728239647374,0.0635770091272793
"D2","A_o",12054.2149470964,12.0542149470964,"0HW","20",-1.69,2.6,13.2117766040478,13211.7766040478,4748.31251149478,3.10347222973515
"D2","I_o",2810.589,2.810589,"0HW","20",-1.77,2.51,0.227238193948518,227.238193948518,68.7850013082163,0.0449575171949126
"D2","G_h",2252.745,2.252745,"0HW","20",0.19,2.34,10.3596757036214,10359.6757036214,612.343855359933,0.400224742065315
"D2","A_o",9259.32206009072,9.25932206009072,"0HW","20",-1.69,2.6,6.65435389899427,6654.35389899428,2391.57479129854,1.5631207786265
"D2","I_o",1821.313,1.821313,"0HW","20",-1.77,2.51,0.0764830704448571,76.4830704448571,23.1514254236582,0.0151316506036982
"D2","G_h",946.304,0.946304,"0HW","20",0.19,2.34,1.36116815940439,1361.16815940439,80.4564720333383,0.0525859294335545
"D2","A_o",8859.33606389617,8.85933606389617,"0HW","20",-1.69,2.6,5.9325725530999,5932.5725530999,2132.1665755841,1.39357292521837
"D2","I_o",1907.718,1.907718,"0HW","20",-1.77,2.51,0.0859192713720484,85.9192713720484,26.0077634443191,0.0169985381989013
"D2","G_h",1894.647,1.894647,"0HW","20",0.19,2.34,6.90901661802624,6909.01661802624,408.380917864942,0.266915632591466
"D2","A_o",9378.99479319298,9.37899479319298,"0HW","20",-1.69,2.6,6.88028401954683,6880.28401954683,2472.77407662513,1.61619220694453
"D2","I_o",2700.123,2.700123,"0HW","20",-1.77,2.51,0.205481489916107,205.481489916107,62.1992469976056,0.0406531026128141
"D2","G_h",1024.459,1.024459,"0HW","20",0.19,2.34,1.63891836656209,1638.91836656209,96.8738423780985,0.0633162368484304
"D2","A_o",7651.26524191961,7.65126524191961,"0HW","20",-1.69,2.6,4.05234553743771,4052.34553743771,1456.41298615511,0.951903912519682
"D2","I_o",1988.691,1.988691,"0HW","20",-1.77,2.51,0.0953682786356181,95.3682786356181,28.8679779430016,0.0188679594398703
"D2","G_h",1263.635,1.263635,"0HW","20",0.19,2.34,2.67790183379151,2677.90183379151,158.286492752482,0.10345522402123
"D2","A_o",9217.13278534564,9.21713278534564,"0HW","20",-1.69,2.6,6.57580906812202,6575.80906812202,2363.34577908305,1.54467044384513
"D2","I_o",1800.577,1.800577,"0HW","20",-1.77,2.51,0.0743161773966994,74.3161773966994,22.4955068979809,0.0147029456849548
"D2","G_h",1727.653,1.727653,"0HW","20",0.19,2.34,5.56734652392002,5567.34652392002,329.076945274474,0.21508297076763
"D2","A_o",12325.6474953974,12.3256474953974,"0HW","20",-1.69,2.6,13.9992681379511,13999.2681379511,5031.33696877961,3.28845553515007
"D2","I_o",1933.641,1.933641,"0HW","20",-1.77,2.51,0.0888798624119419,88.8798624119419,26.9039343520948,0.0175842708183626
"D2","G_h",3897.693,3.897693,"0HW","20",0.19,2.34,37.3671393965107,37367.1393965107,2208.71182230471,1.44360249823837
"D2","A_o",11092.9246465049,11.0929246465049,"0HW","20",-1.69,2.6,10.6443651266013,10644.3651266013,3825.5848265005,2.50038223954281
"D2","I_o",4177.779,4.177779,"0HW","20",-1.77,2.51,0.614572482745713,614.572482745713,186.031090527127,0.121588948056946
"D2","G_h",1927.913,1.927913,"0HW","20",0.19,2.34,7.19622262604224,7196.22262604224,425.357205469155,0.278011245404677
"D2","A_o",9518.99219112834,9.51899219112834,"0HW","20",-1.69,2.6,7.15050185132972,7150.50185132972,2569.8903653679,1.67966690546922
"D2","I_o",3053.827,3.053827,"0HW","20",-1.77,2.51,0.279872044668422,279.872044668422,84.7172679211314,0.0553707633471447
"D2","G_h",4575.284,4.575284,"0HW","20",0.19,2.34,54.3723687372659,54372.3687372659,3213.86372026981,2.10056452305216
"D2","A_o",11533.5162766695,11.5335162766695,"0HW","20",-1.69,2.6,11.778785293475,11778.785293475,4233.29543447491,2.76685976109471
"D2","I_o",2512.159,2.512159,"0HW","20",-1.77,2.51,0.171442416566371,171.442416566371,51.8956194946406,0.0339187055520527
"D2","G_h",1714.482,1.714482,"0HW","20",0.19,2.34,5.46853575455009,5468.53575455009,323.236398794248,0.21126562012696
"D2","A_o",12011.7576063536,12.0117576063536,"0HW","20",-1.69,2.6,13.0911275759553,13091.1275759553,4704.95125079833,3.0751315364695
"D2","I_o",2747.266,2.747266,"0HW","20",-1.77,2.51,0.214605469123611,214.605469123611,64.961075503717,0.0424582192834752
"D2","G_h",2531.805,2.531805,"0HW","20",0.19,2.34,13.615286753339,13615.286753339,804.777815531065,0.525998572242526
"D2","A_o",9530.30812277713,9.53030812277713,"0HW","20",-1.69,2.6,7.17262373685524,7172.62373685524,2577.84097102577,1.68486337975541
"D2","I_o",3018.176,3.018176,"0HW","20",-1.77,2.51,0.2717433024407,271.7433024407,82.2566976487998,0.0537625474828757
"D2","G_h",482.638,0.482638,"0HW","20",0.19,2.34,0.281627032850386,281.627032850386,16.6465233085337,0.0108800805938129
"D2","A_o",12978.8792755877,12.9788792755877,"0HW","20",-1.69,2.6,16.0109352547442,16010.9352547442,5754.33013055507,3.76100008533011
"D2","I_o",2308.785,2.308785,"0HW","20",-1.77,2.51,0.138705143302241,138.705143302241,41.9860468775883,0.0274418607043061
"D2","G_h",4316.238,4.316238,"0HW","20",0.19,2.34,47.4402095179287,47440.2095179287,2804.11488026954,1.83275482370558
"D2","A_o",8396.23810088636,8.39623810088636,"0HW","20",-1.69,2.6,5.15965114624302,5159.65114624302,1854.37862195974,1.21201217121552
"D2","I_o",2561.879,2.561879,"0HW","20",-1.77,2.51,0.180086899285035,180.086899285035,54.51230441358,0.0356289571330588
"D2","G_h",4112.722,4.112722,"0HW","20",0.19,2.34,42.370412202805,42370.412202805,2504.44727264828,1.63689364225378
"D2","A_o",7460.56672993988,7.46056672993988,"0HW","20",-1.69,2.6,3.79495586922272,3794.95586922272,1363.90713939865,0.891442574770357
"D2","I_o",2519.381,2.519381,"0HW","20",-1.77,2.51,0.172682196008566,172.682196008566,52.2709007317929,0.0341639874064006
"D2","G_h",2643.772,2.643772,"0HW","20",0.19,2.34,15.0662148705027,15066.2148705027,890.539855051619,0.582052192844196
"D2","A_o",8523.893400258,8.523893400258,"0HW","20",-1.69,2.6,5.36610078771015,5366.10078771015,1928.57662310303,1.26050759679937
"D2","I_o",2013.157,2.013157,"0HW","20",-1.77,2.51,0.0983406082760252,98.3406082760252,29.7677021251528,0.0194560144608842
"D2","G_h",2642.65,2.64265,"0HW","20",0.19,2.34,15.0512571514386,15051.2571514386,889.655728210092,0.581474332163459
"D2","A_o",9531.73298907125,9.53173298907125,"0HW","20",-1.69,2.6,7.17541223597312,7175.41223597312,2578.84315760874,1.68551840366584
"D2","I_o",1837.691,1.837691,"0HW","20",-1.77,2.51,0.078221104840344,78.221104840344,23.6775284351721,0.0154755087811582
"D2","G_h",2171.376,2.171376,"0HW","20",0.19,2.34,9.50517195457022,9505.17195457022,561.835505959518,0.367212748993149
"D2","A_o",10661.8488486322,10.6618488486322,"0HW","20",-1.69,2.6,9.60206309533035,9602.06309533036,3450.98147646173,2.2555434486678
"D2","I_o",2217.914,2.217914,"0HW","20",-1.77,2.51,0.125406833683024,125.406833683024,37.9606485558513,0.0248108814090531
"D2","G_h",2518.04,2.51804,"0HW","20",0.19,2.34,13.4427010930609,13442.7010930609,794.576553289082,0.519331080581099
"D2","A_o",10327.6077899514,10.3276077899514,"0HW","20",-1.69,2.6,8.83892227046002,8838.92227046002,3176.70866400333,2.0762801725512
"D2","I_o",2493.855,2.493855,"0HW","20",-1.77,2.51,0.168324258040797,168.324258040797,50.9517529089494,0.033301799286895
"D2","G_h",2847.75,2.84775,"0HW","20",0.19,2.34,17.9281036197882,17928.1036197882,1059.70151999989,0.692615372548946
"D2","A_o",12890.7924061203,12.8907924061203,"0HW","20",-1.69,2.6,15.7299375298892,15729.9375298892,5653.33954824217,3.69499316878573
"D2","I_o",2344.679,2.344679,"0HW","20",-1.77,2.51,0.144181426567014,144.181426567014,43.6437178218351,0.0285253057659053
"D2","G_h",957.183,0.957183,"0HW","20",0.19,2.34,1.39806783970382,1398.06783970382,82.6375530963492,0.0540114726119929
"D2","A_o",10183.2818543197,10.1832818543197,"0HW","20",-1.69,2.6,8.52134575896029,8521.34575896029,3062.57166577033,2.00168082730087
"D2","I_o",2135.836,2.135836,"0HW","20",-1.77,2.51,0.114081555710225,114.081555710225,34.5324869134852,0.0225702528846308
"D2","G_h",1330.769,1.330769,"0HW","20",0.19,2.34,3.02273629450475,3022.73629450475,178.669105990105,0.116777193457585
"D2","A_o",8739.30583380934,8.73930583380934,"0HW","20",-1.69,2.6,5.72585094597367,5725.85094597367,2057.87082998294,1.34501361436793
"D2","I_o",2520.566,2.520566,"0HW","20",-1.77,2.51,0.172886134872322,172.886134872322,52.3326330258518,0.0342043353110143
"D2","G_h",1120.731,1.120731,"0HW","20",0.19,2.34,2.02224253394309,2022.24253394309,119.531520593322,0.0781251768583801
"D2","A_o",8151.55945351234,8.15155945351234,"0HW","20",-1.69,2.6,4.77777640235968,4777.77640235968,1717.13283900807,1.12230904510331
"D2","I_o",2708.067,2.708067,"0HW","20",-1.77,2.51,0.207002269292651,207.002269292651,62.6595869148853,0.040953978375742
"D2","G_h",1481.2,1.4812,"0HW","20",0.19,2.34,3.8836140706545,3883.6140706545,229.554213933874,0.150035433943709
"D2","A_o",11809.9909245273,11.8099909245273,"0HW","20",-1.69,2.6,12.5270515929834,12527.0515929834,4502.22234251822,2.94262898203805
"D2","I_o",2808.888,2.808888,"0HW","20",-1.77,2.51,0.226893158629878,226.893158629878,68.680559117264,0.0448892543250091
"D2","G_h",511.026,0.511026,"0HW","20",0.19,2.34,0.321926414343943,321.926414343943,19.0285552696075,0.0124369642285017
"D2","A_o",13708.9074797488,13.7089074797488,"0HW","20",-1.69,2.6,18.4589671997451,18458.9671997451,6634.15281158839,4.33604758927346
"D2","I_o",2569.737,2.569737,"0HW","20",-1.77,2.51,0.181476577823599,181.476577823599,54.9329601072035,0.0359038954949042
"D2","G_h",1181.223,1.181223,"0HW","20",0.19,2.34,2.28694980980877,2286.94980980877,135.177944138101,0.0883515974758829
"D2","A_o",9625.88332254001,9.62588332254001,"0HW","20",-1.69,2.6,7.36114787712986,7361.14787712986,2645.59654704047,1.72914806996109
"D2","I_o",11285.709,11.285709,"0HW","20",-1.77,2.51,7.4447035404789,7444.7035404789,2253.51176170296,1.47288350438102
"D2","G_h",644.078,0.644078,"0HW","20",0.19,2.34,0.553243102660244,553.243102660244,32.7013146092828,0.0213734082413613
"D2","A_o",10226.9072037489,10.2269072037489,"0HW","20",-1.69,2.6,8.61658585727877,8616.58585727877,3096.80095710599,2.02405291314117
"D2","I_o",7346.033,7.346033,"0HW","20",-1.77,2.51,2.5339189309538,2533.9189309538,767.017260399715,0.501318470849487
"D2","G_h",3095.513,3.095513,"0HW","20",0.19,2.34,21.7928665490021,21792.8665490021,1288.14147312504,0.841922531454273
"D2","A_o",13321.2966187805,13.3212966187805,"0HW","20",-1.69,2.6,17.1325061521491,17132.5061521491,6157.42271108239,4.02445928828914
"D2","I_o",13000.903,13.000903,"0HW","20",-1.77,2.51,10.6187532769197,10618.7532769197,3214.2966169236,2.10084746204157
"D2","G_h",2890.974,2.890974,"0HW","20",0.19,2.34,18.5713465797326,18571.3465797326,1097.72258217347,0.717465739982657
"D2","A_o",10308.1089907187,10.3081089907187,"0HW","20",-1.69,2.6,8.79559866636445,8795.59866636445,3161.13816069138,2.0661033730009
"D2","I_o",23693.102,23.693102,"0HW","20",-1.77,2.51,47.8961967857628,47896.1967857628,14498.1787670504,9.47593383467347
"D2","G_h",1893.199,1.893199,"0HW","20",0.19,2.34,6.89666710221574,6896.66710221574,407.650957744609,0.266438534473601
"D2","A_o",8110.24539994738,8.11024539994738,"0HW","20",-1.69,2.6,4.71507263947921,4715.07263947921,1694.59710662883,1.10757980825414
"D2","I_o",21410.084,21.410084,"0HW","20",-1.77,2.51,37.1408733470195,37140.8733470194,11242.5423621428,7.3480669033613
"D2","G_h",2636.544,2.636544,"0HW","20",0.19,2.34,14.9700053271875,14970.0053271875,884.853062881527,0.578335335216684
"D2","A_o",11954.4552244136,11.9544552244136,"0HW","20",-1.69,2.6,12.9293726608877,12929.3726608877,4646.81653432303,3.03713498975362
"D2","I_o",13480.395,13.480395,"0HW","20",-1.77,2.51,11.629299921366,11629.299921366,3520.18908619748,2.30077718052123
"D2","G_h",2508.553,2.508553,"0HW","20",0.19,2.34,13.3244863972896,13324.4863972896,787.589071765552,0.514764099193171
"D2","A_o",10035.9505214252,10.0359505214252,"0HW","20",-1.69,2.6,8.20450020021141,8204.50020021141,2948.69737195598,1.92725318428495
"D2","I_o",12179.664,12.179664,"0HW","20",-1.77,2.51,9.01456183421238,9014.56183421238,2728.70786721609,1.78346919425888
"D2","G_h",2839.267,2.839267,"0HW","20",0.19,2.34,17.8033852374844,17803.3852374844,1052.32961597132,0.68779713462178
"D2","A_o",7935.57193494551,7.93557193494551,"0HW","20",-1.69,2.6,4.45557137703226,4455.57137703226,1601.3323529054,1.04662245287934
"D2","I_o",12807.819,12.807819,"0HW","20",-1.77,2.51,10.2273402734907,10227.3402734907,3095.81590078562,2.0234090854808
"D2","G_h",2728.922,2.728922,"0HW","20",0.19,2.34,16.2262897460155,16226.2897460155,959.11002482338,0.626869297270183
"D2","A_o",8333.33019657673,8.33333019657673,"0HW","20",-1.69,2.6,5.05974156706276,5059.74156706276,1818.47111920236,1.18854321516494
"D2","I_o",14309.918,14.309918,"0HW","20",-1.77,2.51,13.5098097845221,13509.8097845221,4089.41942177483,2.67282315148682
"D2","G_h",4348.393,4.348393,"0HW","20",0.19,2.34,48.2713409903272,48271.3409903272,2853.24173179266,1.86486387698866
"D2","A_o",7157.80100092364,7.15780100092364,"0HW","20",-1.69,2.6,3.40743054534792,3407.43054534792,1224.63053799804,0.80041211633859
"D2","I_o",12698.942,12.698942,"0HW","20",-1.77,2.51,10.0105173919501,10010.5173919501,3030.18361454328,1.98051216636816
"D2","G_h",4433.639,4.433639,"0HW","20",0.19,2.34,50.5148617921148,50514.8617921148,2985.85265675304,1.95153768415231
"D2","A_o",10286.427689922,10.286427689922,"0HW","20",-1.69,2.6,8.74757956722854,8747.57956722854,3143.88009646194,2.05482359245878
"D2","I_o",15035.867,15.035867,"0HW","20",-1.77,2.51,15.296514175372,15296.514175372,4630.25484088509,3.02631035351967
"D2","G_h",5028.573,5.028573,"0HW","20",0.19,2.34,67.8235841596152,67823.5841596152,4008.9435419402,2.62022453721581
"D2","A_o",9623.05601430455,9.62305601430455,"0HW","20",-1.69,2.6,7.35552770779828,7355.52770779828,2643.5766581827,1.72782788116516
"D2","I_o",10002.331,10.002331,"0HW","20",-1.77,2.51,5.49862456369392,5498.62456369392,1664.43365543015,1.08786513426807
"D2","G_h",5776.176,5.776176,"0HW","20",0.19,2.34,93.8077193289102,93807.7193289102,5544.82419718096,3.62406810273265
"D2","A_o",9603.11442275458,9.60311442275458,"0HW","20",-1.69,2.6,7.31596247667528,7315.96247667528,2629.3569141171,1.71853393079549
"D2","I_o",7957.884,7.957884,"0HW","20",-1.77,2.51,3.0974334684664,3097.4334684664,937.593110904778,0.612805954839724
"D2","G_h",1859.222,1.859222,"0HW","20",0.19,2.34,6.61051240148375,6610.51240148375,390.736811231862,0.255383536752851
"D2","A_o",10322.5553376406,10.3225553376406,"0HW","20",-1.69,2.6,8.82768385298536,8827.68385298536,3172.66957676294,2.07364024625029
"D2","I_o",8171.825,8.171825,"0HW","20",-1.77,2.51,3.31070766751878,3310.70766751878,1002.15121095794,0.655000791475775
"D2","G_h",5438.748,5.438748,"0HW","20",0.19,2.34,81.4830940695908,81483.0940695908,4816.335317503,3.14793158006732
"D2","A_o",12520.9166930008,12.5209166930008,"0HW","20",-1.69,2.6,14.5832367925526,14583.2367925526,5241.21530324341,3.42563091715256
"D2","I_o",8357.69,8.35769,"0HW","20",-1.77,2.51,3.50297073160682,3502.97073160682,1060.34924045739,0.693038719253193
"D2","G_h",4017.963,4.017963,"0HW","20",0.19,2.34,40.1211971906816,40121.1971906816,2371.49977202568,1.54999985099718
"D2","A_o",11170.5691165766,11.1705691165766,"0HW","20",-1.69,2.6,10.8391638199805,10839.1638199805,3895.59547690099,2.54614083457581
"D2","I_o",13855.805,13.855805,"0HW","20",-1.77,2.51,12.4593597071912,12459.3597071912,3771.44818336677,2.46499881265802
"D2","G_h",864.264,0.864264,"0HW","20",0.19,2.34,1.10091206322636,1100.91206322636,65.0731505980091,0.0425314709790909
"D2","A_o",8555.8484041932,8.5558484041932,"0HW","20",-1.69,2.6,5.41856154498102,5418.56154498102,1947.43101926618,1.27283073154652
"D2","I_o",19882.684,19.882684,"0HW","20",-1.77,2.51,30.8441122998453,30844.1122998453,9336.51279316316,6.1022959432439
"D2","G_h",3621.035,3.621035,"0HW","20",0.19,2.34,31.4534704633371,31453.4704633371,1859.16431353512,1.21514007420596
"D2","A_o",9072.3540758548,9.0723540758548,"0HW","20",-1.69,2.6,6.31061925109611,6310.61925109611,2268.03655884394,1.48237683584571
"D2","I_o",12593.836,12.593836,"0HW","20",-1.77,2.51,9.80385014095773,9803.85014095773,2967.62543766791,1.93962446906399
"D2","G_h",2001.411,2.001411,"0HW","20",0.19,2.34,7.85465113892633,7854.65113892633,464.275861380113,0.303448275411839
"D2","A_o",8507.12737208233,8.50712737208233,"0HW","20",-1.69,2.6,5.33870140997268,5338.70140997268,1918.72928674418,1.25407142924456
"D2","I_o",19765.123,19.765123,"0HW","20",-1.77,2.51,30.3883974954314,30388.3974954314,9198.5679218671,6.01213589664516
"D2","G_h",3108.288,3.108288,"0HW","20",0.19,2.34,22.0039033729333,22003.9033729333,1300.61552212869,0.850075504659275
"D2","A_o",9063.22198194412,9.06322198194412,"0HW","20",-1.69,2.6,6.29411689670043,6294.11689670043,2262.10561267413,1.47850040044061
"D2","I_o",12226.041,12.226041,"0HW","20",-1.77,2.51,9.10096571141898,9100.96571141898,2754.86232084652,1.80056360839642
"D2","G_h",2073.059,2.073059,"0HW","20",0.19,2.34,8.52847322085539,8528.47322085539,504.104406527609,0.329480004266411
"D2","A_o",7930.75501293841,7.93075501293841,"0HW","20",-1.69,2.6,4.44854296498175,4448.54296498175,1598.80634161444,1.04497146510748
"D2","I_o",24140.911,24.140911,"0HW","20",-1.77,2.51,50.2009197282643,50200.9197282643,15195.8184017456,9.93190745212132
"D2","G_h",1693.329,1.693329,"0HW","20",0.19,2.34,5.31195943738415,5311.95943738415,313.981423208677,0.20521661647626
"D2","A_o",8695.39648263669,8.69539648263669,"0HW","20",-1.69,2.6,5.65135269548668,5651.35269548668,2031.09615875791,1.32751382925354
"D2","I_o",11763.588,11.763588,"0HW","20",-1.77,2.51,8.26142400458096,8261.42400458096,2500.73304618666,1.63446604325925
"D2","G_h",2415.579,2.415579,"0HW","20",0.19,2.34,12.1974687522085,12197.4687522085,720.972861993041,0.471224092805909
"D2","A_o",8934.57226084972,8.93457226084972,"0HW","20",-1.69,2.6,6.06445518023529,6064.45518023529,2179.56519177656,1.42455241292586
"D2","I_o",10253.387,10.253387,"0HW","20",-1.77,2.51,5.85163255396706,5851.63255396706,1771.28917408583,1.15770534253976
"D2","G_h",4458.249,4.458249,"0HW","20",0.19,2.34,51.1734280382707,51173.4280382707,3024.77945385732,1.97698003520086
"D2","A_o",10459.8971249586,10.4598971249586,"0HW","20",-1.69,2.6,9.136319409483,9136.319409483,3283.59319576819,2.14613934363934
"D2","I_o",11323.599,11.323599,"0HW","20",-1.77,2.51,7.5075986630457,7507.5986630457,2272.55011530394,1.48532687274767
"D2","G_h",4588.66,4.58866,"0HW","20",0.19,2.34,54.745062775115,54745.062775115,3235.89306853661,2.11496278989321
"D2","A_o",11761.91372924,11.76191372924,"0HW","20",-1.69,2.6,12.3948927435177,12394.8927435177,4454.72445202028,2.91158460916358
"D2","I_o",9829.12,9.82912,"0HW","20",-1.77,2.51,5.26273787655781,5262.73787655781,1593.03075523405,1.0411965720484
"D2","G_h",836.088,0.836088,"0HW","20",0.19,2.34,1.01875477460956,1018.75477460956,60.2169647195318,0.0393574932807397
"D2","A_o",12083.1428309655,12.0831428309655,"0HW","20",-1.69,2.6,13.2943700687387,13294.3700687387,4777.99660270467,3.122873596539
"D2","I_o",12198.822,12.198822,"0HW","20",-1.77,2.51,9.05019453940851,9050.19453940851,2739.49388707896,1.79051888044376
"D2","G_h",3735.954,3.735954,"0HW","20",0.19,2.34,33.8391587090787,33839.1587090787,2000.17852863971,1.30730622786909
"D2","A_o",9246.33855882501,9.24633855882501,"0HW","20",-1.69,2.6,6.6301210451521,6630.1210451521,2382.86550362766,1.55742843374357
"D2","I_o",2364.545,2.364545,"0HW","20",-1.77,2.51,0.147267337361842,147.267337361842,44.5778230194295,0.0291358320388428
"D2","G_h",5230.941,5.230941,"0HW","20",0.19,2.34,74.3835296403388,74383.5296403388,4396.691423393,2.87365452509346
"D2","A_o",9526.88678013478,9.52688678013478,"0HW","20",-1.69,2.6,7.1659308067682,7165.9308067682,2575.43553195249,1.68329119735457
"D2","I_o",5020.05,5.02005,"0HW","20",-1.77,2.51,0.974489552350575,974.489552350575,294.977987496519,0.192796070259163
"D2","G_h",421.61,0.42161,"0HW","20",0.19,2.34,0.20525394518919,205.25394518919,12.1322322938207,0.00792956359073249
"D2","A_o",8074.61940816866,8.07461940816866,"0HW","20",-1.69,2.6,4.66141059972152,4661.41059972152,1675.31096953992,1.09497448989537
"D2","I_o",5313.957,5.313957,"0HW","20",-1.77,2.51,1.12408530378085,1124.08530378085,340.260621454464,0.222392563042133
"D2","G_h",4251.633,4.251633,"0HW","20",0.19,2.34,45.7952569464998,45795.2569464998,2706.88436569649,1.76920546777548
"D2","A_o",9138.72897213866,9.13872897213866,"0HW","20",-1.69,2.6,6.43136375549906,6431.36375549906,2311.43213372636,1.5107399566839
"D2","I_o",4983.642,4.983642,"0HW","20",-1.77,2.51,0.956847136287549,956.847136287549,289.637628154241,0.189305639316497
"D2","G_h",5574.616,5.574616,"0HW","20",0.19,2.34,86.326274576468,86326.274576468,5102.6079681757,3.33503788769654
"D2","A_o",9558.19504677583,9.55819504677583,"0HW","20",-1.69,2.6,7.22732043564341,7227.32043564341,2597.49896457024,1.69771174154918
"D2","I_o",4666.108,4.666108,"0HW","20",-1.77,2.51,0.811103946205031,811.103946205031,245.521164516263,0.160471349357035
"D2","G_h",3234.09,3.23409,"0HW","20",0.19,2.34,24.1445945879306,24144.5945879306,1427.14835474124,0.932776702445253
"D2","A_o",12596.5821392684,12.5965821392684,"0HW","20",-1.69,2.6,14.8134794602348,14813.4794602348,5323.96451800839,3.47971537124731
"D2","I_o",2401.111,2.401111,"0HW","20",-1.77,2.51,0.153050486964488,153.050486964488,46.3283824041504,0.0302799884994447
"D2","G_h",3589.225,3.589225,"0HW","20",0.19,2.34,30.8107025121784,30810.7025121784,1821.17132837085,1.19030805775872
"D2","A_o",8309.59375770883,8.30959375770883,"0HW","20",-1.69,2.6,5.02235561322012,5022.35561322012,1805.03460739131,1.17976118130151
"D2","I_o",5186.579,5.186579,"0HW","20",-1.77,2.51,1.05767272056493,1057.67272056493,320.157532515005,0.209253289225493
"D2","G_h",3127.549,3.127549,"0HW","20",0.19,2.34,22.3242895572371,22324.2895572371,1319.55303686499,0.862452965271238
"D2","A_o",7790.25286736929,7.79025286736929,"0HW","20",-1.69,2.6,4.24652849518106,4246.52849518106,1526.20234116807,0.997517870044491
"D2","I_o",5821.169,5.821169,"0HW","20",-1.77,2.51,1.41310886793934,1413.10886793934,427.748054325238,0.279573891715842
"D2","G_h",3169.8,3.1698,"0HW","20",0.19,2.34,23.0363970279213,23036.3970279213,1361.64457008518,0.889963771297505
"D2","A_o",8715.15717617436,8.71515717617436,"0HW","20",-1.69,2.6,5.68480513225484,5684.80513225484,2043.11896453239,1.33537187224339
"D2","I_o",6459.982,6.459982,"0HW","20",-1.77,2.51,1.83518809299308,1835.18809299308,555.511435749007,0.363079369770592
"D2","G_h",2620.596,2.620596,"0HW","20",0.19,2.34,14.7589741697964,14758.9741697964,872.379348817993,0.570182580926793
"D2","A_o",9272.67905443551,9.27267905443551,"0HW","20",-1.69,2.6,6.67934065300809,6679.34065300809,2400.55503069111,1.56899021613798
"D2","I_o",6195.942,6.195942,"0HW","20",-1.77,2.51,1.65268251607057,1652.68251607057,500.266997614561,0.326971893865726
"D2","G_h",3614.894,3.614894,"0HW","20",0.19,2.34,31.3287903632802,31328.7903632802,1851.79467230891,1.21032331523458
"D2","A_o",7155.50445050557,7.15550445050557,"0HW","20",-1.69,2.6,3.40458879943533,3404.58879943533,1223.60921451706,0.799744584651671
"D2","I_o",4937.822,4.937822,"0HW","20",-1.77,2.51,0.934918879883822,934.918879883822,282.999944940833,0.184967284275054
"D2","G_h",3528.87,3.52887,"0HW","20",0.19,2.34,29.611979746155,29611.979746155,1750.31674362763,1.14399787165204
"D2","A_o",8715.04995422588,8.71504995422588,"0HW","20",-1.69,2.6,5.68462329070387,5684.62329070387,2043.05361067897,1.33532915730652
"D2","I_o",5126.007,5.126007,"0HW","20",-1.77,2.51,1.0269416764876,1026.9416764876,310.855245472797,0.203173363054115
"D2","G_h",2612.317,2.612317,"0HW","20",0.19,2.34,14.6500987261514,14650.0987261514,865.943895544847,0.565976402316893
"D2","A_o",6874.70238131812,6.87470238131812,"0HW","20",-1.69,2.6,3.06803382844957,3068.03382844957,1102.65135794477,0.720687162055408
"D2","G_h",782.706,0.782706,"0HW","20",0.19,2.34,0.873013322892631,873.013322892631,51.6024206948668,0.0337270723495861
"D2","A_o",7879.65502282485,7.87965502282485,"0HW","20",-1.69,2.6,4.37440239676117,4374.40239676117,1572.16022139597,1.0275557002588
"D2","G_h",2319.362,2.319362,"0HW","20",0.19,2.34,11.0907873325112,11090.7873325112,655.558693965007,0.428469734617652
"D2","A_o",7758.89518134335,7.75889518134335,"0HW","20",-1.69,2.6,4.20222885459528,4202.22885459528,1510.28105034154,0.987111797608853
"D2","G_h",5182.094,5.182094,"0HW","20",0.19,2.34,72.768323694244,72768.3236942439,4301.21918424885,2.8112543687901
"D2","A_o",9280.98935669959,9.28098935669959,"0HW","20",-1.69,2.6,6.6949157175224,6694.9157175224,2406.15270887755,1.57264882933173
"D2","G_h",4845.883,4.845883,"0HW","20",0.19,2.34,62.1974590304591,62197.4590304591,3676.39228735599,2.40287077604967
"D2","A_o",8417.17536896414,8.41717536896414,"0HW","20",-1.69,2.6,5.19317044353631,5193.17044353631,1866.42545740695,1.21988591987382
"D2","G_h",4637.783,4.637783,"0HW","20",0.19,2.34,56.126297365675,56126.297365675,3317.53563520926,2.16832394458122
"D2","A_o",8930.1123938191,8.9301123938191,"0HW","20",-1.69,2.6,6.05658762434116,6056.58762434116,2176.73759218821,1.42270430861975
"D2","G_h",6373.359,6.373359,"0HW","20",0.19,2.34,118.092417803179,118092.417803179,6980.25386847745,4.56225743037742
"D2","A_o",7687.3983363001,7.6873983363001,"0HW","20",-1.69,2.6,4.10229041254673,4102.29041254673,1474.3631742693,0.963636061613918
"D2","G_h",3898.224,3.898224,"0HW","20",0.19,2.34,37.3790527009861,37379.0527009861,2209.41599867097,1.44406274422939
"D2","A_o",9211.30438957521,9.21130438957521,"0HW","20",-1.69,2.6,6.56500329097892,6565.00329097892,2359.46218277782,1.54213214560642
"D2","G_h",4211.318,4.211318,"0HW","20",0.19,2.34,44.7855802727407,44785.5802727407,2647.20399299327,1.7301986882309
"D2","A_o",6328.41799620276,6.32841799620276,"0HW","20",-1.69,2.6,2.47381607848093,2473.81607848093,889.089498606046,0.581104247454932
"D2","G_h",4366.208,4.366208,"0HW","20",0.19,2.34,48.7353787142573,48735.3787142573,2880.6702591938,1.88279101908092
"D2","A_o",8529.31422182269,8.52931422182269,"0HW","20",-1.69,2.6,5.37497807349555,5374.97807349555,1931.7671196143,1.2625928886368
"D2","G_h",3289.07,3.28907,"0HW","20",0.19,2.34,25.1160357532234,25116.0357532234,1484.56868771583,0.970306331840413
"D2","A_o",9521.94118577726,9.52194118577727,"0HW","20",-1.69,2.6,7.156262886342,7156.262886342,2571.96088135131,1.68102018388975
"D2","G_h",3746.948,3.746948,"0HW","20",0.19,2.34,34.0726363755852,34072.6363755852,2013.97901994264,1.31632615682526
"D2","A_o",11625.1780504672,11.6251780504672,"0HW","20",-1.69,2.6,12.023723883497,12023.723883497,4321.32636372882,2.82439631616263
"D2","G_h",3111.473,3.111473,"0HW","20",0.19,2.34,22.0566994753084,22056.6994753084,1303.73621526632,0.85211517337668
"D2","A_o",7502.8435444867,7.5028435444867,"0HW","20",-1.69,2.6,3.85112233543764,3851.12233543764,1384.09336735629,0.904636187814568
"D2","G_h",639.106,0.639106,"0HW","20",0.19,2.34,0.543301086786272,543.301086786272,32.1136579581977,0.0209893189269266
"D2","A_o",10927.1003384666,10.9271003384666,"0HW","20",-1.69,2.6,10.2355885698947,10235.5885698947,3678.67053202016,2.40435982484978
"D2","G_h",730.863,0.730863,"0HW","20",0.19,2.34,0.743663017392347,743.663017392347,43.9567310972338,0.0287298896060352
"D2","A_o",12000.7222199426,12.0007222199426,"0HW","20",-1.69,2.6,13.0598803019844,13059.8803019844,4693.72098053318,3.06779149054456
"D2","G_h",1174.761,1.174761,"0HW","20",0.19,2.34,2.25778132994003,2257.78132994003,133.453841962627,0.0872247333089065
"D2","A_o",10393.9369136666,10.3939369136666,"0HW","20",-1.69,2.6,8.9872784804626,8987.2784804626,3230.02788587826,2.11112933717533
"D2","G_h",3326.312,3.326312,"0HW","20",0.19,2.34,25.7865581776369,25786.5581776369,1524.20219538703,0.996210585220282
"D2","A_o",8835.39857208367,8.83539857208367,"0HW","20",-1.69,2.6,5.89098583856586,5890.98583856586,2117.22031038057,1.38380412443174
"D2","G_h",3606.213,3.606213,"0HW","20",0.19,2.34,31.1530244995479,31153.0244995479,1841.40543332908,1.20353296296018
"D2","A_o",6767.39881994354,6.76739881994354,"0HW","20",-1.69,2.6,2.94507667019605,2945.07667019605,1058.46055526846,0.691804284489191
"D2","G_h",579.201,0.579201,"0HW","20",0.19,2.34,0.43153951489781,431.53951489781,25.5076102623857,0.0166716406943697
"D2","A_o",11034.4670480411,11.0344670480411,"0HW","20",-1.69,2.6,10.499135517749,10499.135517749,3773.38930507899,2.46626751965947
"D2","G_h",1302.415,1.302415,"0HW","20",0.19,2.34,2.87417740647434,2874.17740647434,169.888027812848,0.111037926675064
"D2","A_o",11426.5988435722,11.4265988435722,"0HW","20",-1.69,2.6,11.4969899039879,11496.9899039879,4132.01817149324,2.70066547156421
"D2","G_h",2799.685,2.799685,"0HW","20",0.19,2.34,17.2280236346269,17228.0236346269,1018.32091220498,0.665569223663385
"D2","A_o",10321.0185204809,10.3210185204809,"0HW","20",-1.69,2.6,8.82426718032069,8824.26718032069,3171.44162460726,2.072837663142
"D2","G_h",3432.782,3.432782,"0HW","20",0.19,2.34,27.7595335836643,27759.5335836643,1640.82161487666,1.07243242802396
"D2","A_o",9022.79913437246,9.02279913437246,"0HW","20",-1.69,2.6,6.22138892769238,6221.38892769238,2235.96718061264,1.46141645791676
"D2","G_h",1337.314,1.337314,"0HW","20",0.19,2.34,3.05763848000333,3057.63848000333,180.732118331429,0.118125567536881
"D2","A_o",6968.34867246865,6.96834867246865,"0HW","20",-1.69,2.6,3.17788129110502,3177.88129110502,1142.13053602314,0.746490546420355
"D2","G_h",790.674,0.790674,"0HW","20",0.19,2.34,0.893951693974476,893.951693974476,52.840054308121,0.0345359832079222
"D2","A_o",7714.58538919624,7.71458538919624,"0HW","20",-1.69,2.6,4.14011814945431,4140.11814945431,1487.95846291388,0.972521871185541
"D2","G_h",1760.513,1.760513,"0HW","20",0.19,2.34,5.81829601694718,5818.29601694718,343.910168288121,0.224777887770014
"D2","A_o",8810.01317099779,8.81001317099779,"0HW","20",-1.69,2.6,5.84708018936443,5847.08018936443,2101.44062005758,1.37349060134482
"D2","G_h",2675.234,2.675234,"0HW","20",0.19,2.34,15.4891132171368,15489.1132171368,915.536699683808,0.598389999793339
"D2","A_o",6468.4925193701,6.4684925193701,"0HW","20",-1.69,2.6,2.61871362975276,2618.71362975276,941.165678533143,0.615140966361531
"D2","G_h",1956.356,1.956356,"0HW","20",0.19,2.34,7.44711490312435,7447.11490312435,440.187046539835,0.28770395198682
"D2","A_o",6559.09802517049,6.55909802517049,"0HW","20",-1.69,2.6,2.71515555369356,2715.15555369356,975.826905997466,0.637795363397037
"D2","G_h",2998.399,2.998399,"0HW","20",0.19,2.34,20.2265239479173,20226.5239479173,1195.55746812307,0.781410109884362
"D2","A_o",9061.26081518462,9.06126081518462,"0HW","20",-1.69,2.6,6.2905763944475,6290.5763944475,2260.83315616443,1.47766872951924
"D2","G_h",4606.664,4.606664,"0HW","20",0.19,2.34,55.2490094947858,55249.0094947858,3265.6805528216,2.13443173387033
"D2","A_o",7276.82644030532,7.27682644030532,"0HW","20",-1.69,2.6,3.55671644841427,3556.71644841427,1278.28389156009,0.835479667686333
"D2","G_h",7078.66,7.07866,"0HW","20",0.19,2.34,150.96819544344,150968.19544344,8923.48848354906,5.83234541408435
"D2","A_o",7126.60135802473,7.12660135802473,"0HW","20",-1.69,2.6,3.36894881169933,3368.94881169933,1210.80020292474,0.791372681650156
"D2","G_h",5265.493,5.265493,"0HW","20",0.19,2.34,75.5383254409613,75538.3254409613,4464.94955549452,2.91826768332975
"D2","A_o",7841.72533429256,7.84172533429256,"0HW","20",-1.69,2.6,4.31986553848617,4319.86553848617,1552.55967453193,1.01474488531499
"D2","G_h",1237.905,1.237905,"0HW","20",0.19,2.34,2.55204496474211,2552.04496474211,150.847294593963,0.09859300300259
"D2","A_o",6980.33858318889,6.98033858318889,"0HW","20",-1.69,2.6,3.19211751123588,3192.11751123588,1147.24703353818,0.749834662443252
"D2","G_h",3839.768,3.839768,"0HW","20",0.19,2.34,36.080592837036,36080.592837036,2132.66611364866,1.3938994206854
"D2","A_o",9178.61955029831,9.17861955029831,"0HW","20",-1.69,2.6,6.50460845293975,6504.60845293975,2337.75627798655,1.52794527972977
"D2","G_h",4155.26,4.15526,"0HW","20",0.19,2.34,43.4030046952727,43403.0046952727,2565.48216273006,1.67678572727455
"D2","A_o",8377.53721636001,8.37753721636001,"0HW","20",-1.69,2.6,5.12982501640556,5129.82501640556,1843.65911089616,1.20500595483409
"D2","G_h",4350.452,4.350452,"0HW","20",0.19,2.34,48.3248430554409,48324.8430554409,2856.40415325822,1.86693081912302
"D2","A_o",7114.6542650079,7.1146542650079,"0HW","20",-1.69,2.6,3.35428439139044,3354.28439139044,1205.52981026572,0.787927980565832
"D2","G_h",2773.252,2.773252,"0HW","20",0.19,2.34,16.8498113769376,16849.8113769376,995.965390792577,0.650957771759854
"D2","A_o",8155.34840396367,8.15534840396367,"0HW","20",-1.69,2.6,4.78355255780405,4783.55255780405,1719.20878927477,1.12366587534299
"D2","G_h",4170.949,4.170949,"0HW","20",0.19,2.34,43.7874463484924,43787.4463484924,2588.20589374523,1.69163783904917
"D2","A_o",9304.27413675142,9.30427413675142,"0HW","20",-1.69,2.6,6.73867473480253,6738.67473480253,2421.87969968803,1.58292790829283
"D2","G_h",2057.042,2.057042,"0HW","20",0.19,2.34,8.37508054073244,8375.08054073244,495.037610633829,0.32355399387832
"D2","A_o",9835.1479261557,9.8351479261557,"0HW","20",-1.69,2.6,7.78449296464728,7784.49296464728,2797.74677149423,1.82859266110734
"D2","G_h",3137.911,3.137911,"0HW","20",0.19,2.34,22.4977483462403,22497.7483462403,1329.80590834891,0.869154188463339
"D2","A_o",6324.69147268945,6.32469147268945,"0HW","20",-1.69,2.6,2.47003039019372,2470.03039019372,887.728922235623,0.580214981853348
"D2","G_h",2835.756,2.835756,"0HW","20",0.19,2.34,17.7519118056895,17751.9118056895,1049.28710377542,0.685808564559095
"D2","A_o",7028.77301274318,7.02877301274318,"0HW","20",-1.69,2.6,3.2500253459887,3250.0253459887,1168.05910934834,0.763437326371462
"D2","G_h",1172.902,1.172902,"0HW","20",0.19,2.34,2.24942978185663,2249.42978185663,132.960195317894,0.0869020884430683
"D2","A_o",6634.94009687139,6.63494009687139,"0HW","20",-1.69,2.6,2.797539428379,2797.539428379,1005.43567055941,0.657147497097655
"D2","G_h",2027.527,2.027527,"0HW","20",0.19,2.34,8.09658635656655,8096.58635656655,478.576264998478,0.31279494444345
"D2","A_o",8174.68654027644,8.17468654027644,"0HW","20",-1.69,2.6,4.81309997008989,4813.09997008989,1729.82812925031,1.13060662042504
"D2","G_h",2773.595,2.773595,"0HW","20",0.19,2.34,16.8546883647882,16854.6883647882,996.253661741248,0.651146184144606
"D2","A_o",6841.73432697295,6.84173432697295,"0HW","20",-1.69,2.6,3.02992679335515,3029.92679335515,1088.95568953184,0.711735744792053
"D2","G_h",1414.914,1.414914,"0HW","20",0.19,2.34,3.48905891164725,3489.05891164725,206.23268977321,0.134792607694909
"D2","A_o",7780.16870534319,7.78016870534319,"0HW","20",-1.69,2.6,4.23225120477793,4232.25120477793,1521.07108299719,0.99416410653411
"D2","G_h",1570.872,1.570872,"0HW","20",0.19,2.34,4.45624919692845,4456.24919692845,263.401760031725,0.172158013092631
"D2","A_o",7807.5791040144,7.8075791040144,"0HW","20",-1.69,2.6,4.27112834538374,4271.12834538374,1535.04352733092,1.0032964230921
"D2","G_h",1185.007,1.185007,"0HW","20",0.19,2.34,2.30412981127713,2304.12981127713,136.193426536893,0.0890153114620216
"D2","A_o",8999.1445907781,8.9991445907781,"0HW","20",-1.69,2.6,6.17907116933633,6179.07116933633,2220.75817825948,1.45147593350293
"D2","G_h",2270.439,2.270439,"0HW","20",0.19,2.34,10.5510825607929,10551.0825607929,623.657608436371,0.407619351919197
"D2","A_o",8130.07687745849,8.13007687745849,"0HW","20",-1.69,2.6,4.74510793846763,4745.10793846763,1705.39179308527,1.11463515887926
"D2","G_h",2501.113,2.501113,"0HW","20",0.19,2.34,13.2321968690699,13232.1968690699,782.133985415734,0.511198683278257
"D2","A_o",8661.1554130236,8.6611554130236,"0HW","20",-1.69,2.6,5.59367412744617,5593.67412744617,2010.36648140415,1.31396502052559
"D2","G_h",4999.137,4.999137,"0HW","20",0.19,2.34,66.8981935083893,66898.1935083893,3954.24518117128,2.58447397462175
"D2","A_o",10307.032556983,10.307032556983,"0HW","20",-1.69,2.6,8.79321079587106,8793.21079587106,3160.27996003606,2.06554245753991
"D2","G_h",4882.713,4.882713,"0HW","20",0.19,2.34,63.3092549630773,63309.2549630773,3742.10876605956,2.44582272291474
"D2","A_o",10012.8688933097,10.0128688933097,"0HW","20",-1.69,2.6,8.15552976395128,8155.52976395128,2931.09739716409,1.91574993278699
"D2","G_h",4286.102,4.286102,"0HW","20",0.19,2.34,46.6687592680435,46668.7592680435,2758.51569031922,1.80295143158119
"D2","A_o",7757.1527612765,7.7571527612765,"0HW","20",-1.69,2.6,4.19977568258793,4199.77568258793,1509.3993803221,0.986535542694184
"D2","G_h",7093.178,7.093178,"0HW","20",0.19,2.34,151.693722428395,151693.722428395,8966.37322278656,5.86037465541605
"D2","A_o",8477.31160255456,8.47731160255456,"0HW","20",-1.69,2.6,5.2901889249938,5290.1889249938,1901.29389964277,1.2426757514005
"D2","G_h",4561.539,4.561539,"0HW","20",0.19,2.34,53.9909113183915,53990.9113183915,3191.31638257201,2.08582770102746
"D2","A_o",14245.7727874489,14.2457727874489,"0HW","20",-1.69,2.6,20.3978143415496,20397.8143415496,7330.97447435293,4.7914865845444
"D2","G_h",3838.441,3.838441,"0HW","20",0.19,2.34,36.0514215968941,36051.4215968941,2130.94184831785,1.39277244988095
"D2","A_o",13117.6573243942,13.1176573243942,"0HW","20",-1.69,2.6,16.4598673912196,16459.8673912196,5915.67634040434,3.86645512444728
"D2","G_h",3089.74,3.08974,"0HW","20",0.19,2.34,21.69788127992,21697.88127992,1282.52704584602,0.838252971141191
"D2","A_o",12109.5847144818,12.1095847144818,"0HW","20",-1.69,2.6,13.3701429079957,13370.1429079957,4805.22936113367,3.14067278505468
"D2","G_h",1463.142,1.463142,"0HW","20",0.19,2.34,3.77372593309386,3773.72593309386,223.058901943685,0.145790131989337
"D2","A_o",15465.2291055092,15.4652291055092,"0HW","20",-1.69,2.6,25.2537880458671,25253.7880458671,9076.21142368465,5.93216432920565
"D2","G_h",2100.07,2.10007,"0HW","20",0.19,2.34,8.79077215927915,8790.77215927915,519.608477099536,0.339613383725187
"D2","A_o",12935.6985769499,12.9356985769499,"0HW","20",-1.69,2.6,15.8728059473247,15872.8059473247,5704.6864574685,3.72855324017549
"D2","G_h",1715.168,1.715168,"0HW","20",0.19,2.34,5.47365722315684,5473.65722315684,323.539120609244,0.211463477522381
"D2","A_o",8356.439778971,8.356439778971,"0HW","20",-1.69,2.6,5.09630425766974,5096.30425766974,1831.6117502065,1.19713186288007
"D2","G_h",1460.998,1.460998,"0HW","20",0.19,2.34,3.76079892565959,3760.79892565959,222.294807217457,0.145290723671541
"D2","A_o",13479.5384211535,13.4795384211535,"0HW","20",-1.69,2.6,17.6666845476334,17666.6845476334,6349.40642641945,4.14993884079702
"D2","G_h",2538.428,2.538428,"0HW","20",0.19,2.34,13.6987754889741,13698.7754889741,809.712701112477,0.529223987655214
"D2","A_o",19371.1680226184,19.3711680226184,"0HW","20",-1.69,2.6,45.3529040530535,45352.9040530535,16299.8337166674,10.6534860893251
"D2","G_h",1907.249,1.907249,"0HW","20",0.19,2.34,7.0170295643212,7017.0295643212,414.765390299723,0.271088490391976
"D2","A_o",13827.3638179952,13.8273638179952,"0HW","20",-1.69,2.6,18.876540916583,18876.540916583,6784.22880541994,4.43413647413068
"D2","G_h",2215.241,2.215241,"0HW","20",0.19,2.34,9.96059071381543,9960.59071381543,588.754580148488,0.384806915129731
"D2","A_o",13459.8837745317,13.4598837745317,"0HW","20",-1.69,2.6,17.5997867416931,17599.7867416931,6325.36335496449,4.13422441500947
"D2","G_h",991.589,0.991589,"0HW","20",0.19,2.34,1.51850483420141,1518.50483420141,89.7563911419106,0.0586643079358893
"D2","A_o",10919.7954207324,10.9197954207324,"0HW","20",-1.69,2.6,10.2178072387304,10217.8072387304,3672.2799215997,2.40018295529392
"D2","G_h",736.736,0.736736,"0HW","20",0.19,2.34,0.757721877767143,757.721877767143,44.7877278398114,0.0292730247319029
"D2","A_o",16135.2215759188,16.1352215759188,"0HW","20",-1.69,2.6,28.197774143081,28197.774143081,10134.2800270233,6.62371243596296
"D2","G_h",1942.23,1.94223,"0HW","20",0.19,2.34,7.32189572833656,7321.89572833656,432.785541468809,0.282866366973078
"D2","A_o",13221.1140713898,13.2211140713898,"0HW","20",-1.69,2.6,16.7995224336099,16799.5224336099,6037.7483626394,3.94624075989503
"D2","G_h",2260.558,2.260558,"0HW","20",0.19,2.34,10.4439463265091,10443.9463265091,617.324957045831,0.403480364082243
"D2","A_o",12971.1029846421,12.9711029846421,"0HW","20",-1.69,2.6,15.9860055481761,15986.0055481761,5745.37039401448,3.75514404837547
"D2","G_h",1967.14,1.96714,"0HW","20",0.19,2.34,7.54352841414805,7543.52841414805,445.885894914829,0.291428689486816
"D2","A_o",16109.7894831197,16.1097894831197,"0HW","20",-1.69,2.6,28.0823630521892,28082.3630521892,10092.8012809568,6.5966021444162
"D2","G_h",2084.69,2.08469,"0HW","20",0.19,2.34,8.6408620264584,8640.8620264584,510.747529004714,0.333821914382166
"D2","A_o",17031.5938169733,17.0315938169733,"0HW","20",-1.69,2.6,32.4536656063025,32453.6656063025,11663.8474189051,7.6234296855589
"D2","G_h",1936.689,1.936689,"0HW","20",0.19,2.34,7.27310961357854,7273.10961357854,429.901872283246,0.280981615871402
"D2","A_o",13887.4530944055,13.8874530944055,"0HW","20",-1.69,2.6,19.0905646216936,19090.5646216936,6861.14892503668,4.48441106211547
"D2","G_h",2827.553,2.827553,"0HW","20",0.19,2.34,17.6319832537566,17631.9832537566,1042.19831895635,0.681175371866895
"D2","A_o",13059.2274351799,13.0592274351799,"0HW","20",-1.69,2.6,16.2699216757874,16269.9216757874,5847.409850278,3.82183650344967
"D2","G_h",2261.696,2.261696,"0HW","20",0.19,2.34,10.456253365102,10456.253365102,618.052406405795,0.403955821180258
"D2","A_o",14290.2687944952,14.2902687944952,"0HW","20",-1.69,2.6,20.5638787377772,20563.8787377772,7390.65801835714,4.83049543683473
"D2","G_h",2777.225,2.777225,"0HW","20",0.19,2.34,16.9063515140119,16906.3515140119,999.307387830822,0.653142083549557
"D2","A_o",11774.8408275011,11.7748408275011,"0HW","20",-1.69,2.6,12.4303431281385,12430.3431281385,4467.46532025297,2.91991197402155
"D2","G_h",1576.171,1.576171,"0HW","20",0.19,2.34,4.49150407876515,4491.50407876515,265.485619689282,0.173520012868812
"D2","A_o",11984.9280656069,11.9849280656069,"0HW","20",-1.69,2.6,13.0152382490364,13015.2382490364,4677.6766267037,3.05730498477366
"D2","G_h",2026.754,2.026754,"0HW","20",0.19,2.34,8.08936498465936,8089.36498465936,478.149421259239,0.312515961607346
"D2","A_o",14981.2383659945,14.9812383659945,"0HW","20",-1.69,2.6,23.2500588607639,23250.0588607639,8356.07115455854,5.46148441474415
"D2","G_h",2189.038,2.189038,"0HW","20",0.19,2.34,9.68707636820725,9687.07636820725,572.587584802542,0.374240251504929
"D2","A_o",10700.2305208585,10.7002305208585,"0HW","20",-1.69,2.6,9.69219511658865,9692.19511658865,3483.37492490196,2.27671563719082
"D2","G_h",1918.367,1.918367,"0HW","20",0.19,2.34,7.11312050704058,7113.12050704058,420.445172178358,0.274800766129646
"D2","A_o",10830.0592262343,10.8300592262343,"0HW","20",-1.69,2.6,10.0009248138803,10000.9248138803,3594.33237810858,2.34923684843698
"D2","G_h",2096.042,2.096042,"0HW","20",0.19,2.34,8.75136816644446,8751.36816644446,517.279370129466,0.338091091587886
"D2","A_o",10230.6283413598,10.2306283413598,"0HW","20",-1.69,2.6,8.62473977624689,8624.73977624689,3099.73147558313,2.02596828469486
"D2","G_h",1958.186,1.958186,"0HW","20",0.19,2.34,7.4634258526062,7463.4258526062,441.151160666188,0.288334091938685
"D2","A_o",9077.74411252902,9.07774411252902,"0HW","20",-1.69,2.6,6.32037191925547,6320.37191925547,2271.54166778042,1.48466775671923
"D2","G_h",958.761,0.958761,"0HW","20",0.19,2.34,1.4034671172351,1403.4671172351,82.9566957523793,0.0542200625832545
"D2","A_o",10887.1474644755,10.8871474644755,"0HW","20",-1.69,2.6,10.1385693002011,10138.5693002011,3643.80180649228,2.38156980816489
"D2","G_h",16151.166,16.151166,"0HW","20",0.19,2.34,1040.39218441334,1040392.18441334,61495.9173931777,40.1934100609005
"D2","A_o",11701.4914776059,11.7014914776059,"0HW","20",-1.69,2.6,12.2300201816567,12230.0201816567,4395.46925328743,2.87285572110289
"D2","G_h",19325.001,19.325001,"0HW","20",0.19,2.34,1583.14133645811,1583141.33645811,93576.9513719008,61.1614061254254
"D2","A_o",9237.22130823068,9.23722130823068,"0HW","20",-1.69,2.6,6.61313679986618,6613.13679986618,2376.7613658719,1.55343880122347
"D2","G_h",14308.166,14.308166,"0HW","20",0.19,2.34,783.549594167452,783549.594167452,46314.3628318874,30.2708253803186
"D2","A_o",9005.75814534199,9.00575814534199,"0HW","20",-1.69,2.6,6.19088485885154,6190.88485885154,2225.00401827124,1.45425099233415
"D2","G_h",18177.807,18.177807,"0HW","20",0.19,2.34,1371.91461308681,1371914.61308681,81091.6777161807,53.0010965465233
"D2","A_o",8219.87817345995,8.21987817345995,"0HW","20",-1.69,2.6,4.88258699921434,4882.58699921434,1754.80176751763,1.14692925981545
"D2","G_h",18625.416,18.625416,"0HW","20",0.19,2.34,1452.27210897396,1452272.10897396,85841.4807260767,56.10554295822
"D2","A_o",8218.72839634374,8.21872839634374,"0HW","20",-1.69,2.6,4.88081148964086,4880.81148964086,1754.16364937693,1.14651218913525
"D2","G_h",12824.077,12.824077,"0HW","20",0.19,2.34,606.430609016144,606430.609016144,35845.1430099699,23.4281980457319
"D2","A_o",6130.96381707824,6.13096381707824,"0HW","20",-1.69,2.6,2.2781103543445,2278.1103543445,818.752861351412,0.53513258911857
"D2","A_o",7719.93,7.71993,"0HW","20",-1.69,2.6,4.14757971993235,4147.57971993235,1490.64015134369,0.974274608721363
"D2","A_o",3268.791,3.268791,"0HW","20",-1.69,2.6,0.444024157809621,444.024157809621,159.582282316778,0.104302145305083
"D2","A_o",4199.88,4.19988,"0HW","20",-1.69,2.6,0.85195350249093,851.95350249093,306.19208879524,0.200125548232183
"D2","A_o",3733.537,3.733537,"0HW","20",-1.69,2.6,0.627354756384394,627.354756384394,225.471299444551,0.14736686238206
"D2","A_o",2536.781,2.536781,"0HW","20",-1.69,2.6,0.229686641893482,229.686641893482,82.5493790965174,0.0539538425467434
"D2","A_o",3566.13,3.56613,"0HW","20",-1.69,2.6,0.556817202987383,556.817202987383,200.120102753665,0.130797452780173
"D2","A_o",4801.689,4.801689,"0HW","20",-1.69,2.6,1.20676990904672,1206.76990904672,433.71310531139,0.283472617850581
"D2","A_o",4097.974,4.097974,"0HW","20",-1.69,2.6,0.799244978729027,799.244978729027,287.248645355212,0.187744212650466
"D2","A_o",2471.436,2.471436,"0HW","20",-1.69,2.6,0.214619094457089,214.619094457089,77.134102547878,0.0504144461097241
"D2","A_o",4224.33,4.22433,"0HW","20",-1.69,2.6,0.864908922549782,864.908922549782,310.848266764392,0.203168801806792
"D2","A_o",2579.884,2.579884,"0HW","20",-1.69,2.6,0.239971941765348,239.971941765348,86.2459158704661,0.0563698796538994
"D2","A_o",3774.54,3.77454,"0HW","20",-1.69,2.6,0.645426040305035,645.426040305035,231.96611888563,0.151611842408908
"D2","A_o",2812.536,2.812536,"0HW","20",-1.69,2.6,0.300368948445478,300.368948445478,107.952600071305,0.0705572549485652
"D2","A_o",3882.187,3.882187,"0HW","20",-1.69,2.6,0.694382508645747,694.382508645747,249.561073607282,0.163111812815217
"D2","A_o",6767.065,6.767065,"0HW","20",-1.69,2.6,2.94469897338063,2944.69897338063,1058.324811033,0.691715562766665
"D2","A_o",4095.856,4.095856,"0HW","20",-1.69,2.6,0.798171408563054,798.171408563054,286.862804237562,0.187492028913439
"D2","A_o",2208.668,2.208668,"0HW","20",-1.69,2.6,0.160228269192276,160.228269192276,57.586039947704,0.0376379346063425
"D2","A_o",4119.518,4.119518,"0HW","20",-1.69,2.6,0.810215696352652,810.215696352652,291.191521269143,0.190321255731466
"D2","A_o",5495.917,5.495917,"0HW","20",-1.69,2.6,1.71436949293236,1714.36949293236,616.144395759891,0.402708755398622
"D2","A_o",4876.847,4.876847,"0HW","20",-1.69,2.6,1.25649782187781,1256.49782187781,451.585317182884,0.295153802080317
"D2","A_o",4985.687,4.985687,"0HW","20",-1.69,2.6,1.33071492043122,1330.71492043122,478.258942402981,0.312587544054236
"D2","A_o",4668.381,4.668381,"0HW","20",-1.69,2.6,1.1215854363229,1121.5854363229,403.09780581445,0.263462618179379
"D2","A_o",8662.47,8.66247,"0HW","20",-1.69,2.6,5.59588181056016,5595.88181056016,2011.15992271532,1.31448360961786
"D2","A_o",4247.175,4.247175,"0HW","20",-1.69,2.6,0.877122810656047,877.122810656047,315.237938149783,0.206037868071754
"D2","A_o",10379.068,10.379068,"0HW","20",-1.69,2.6,8.95388946998171,8953.88946998171,3218.02787551143,2.10328619314472
"D2","A_o",10150.926,10.150926,"0HW","20",-1.69,2.6,8.45112880011135,8451.12880011135,3037.33569076002,1.98518672598694
"D2","A_o",5529.562,5.529562,"0HW","20",-1.69,2.6,1.74179044192125,1741.79044192125,625.999484826497,0.409149990082678
"D2","A_o",5167.664,5.167664,"0HW","20",-1.69,2.6,1.46071368254496,1460.71368254496,524.980497506659,0.343124508174287
"D2","A_o",3725.468,3.725468,"0HW","20",-1.69,2.6,0.623835632230391,623.835632230391,224.206526223602,0.146540213218041
"D2","A_o",10525.429,10.525429,"0HW","20",-1.69,2.6,9.28588916489304,9285.88916489303,3337.34856586256,2.18127357245919
"D2","A_o",6867.717,6.867717,"0HW","20",-1.69,2.6,3.0599351042787,3059.9351042787,1099.74067647777,0.718784755867821
"D2","A_o",2128.948,2.128948,"0HW","20",-1.69,2.6,0.145622720419193,145.622720419193,52.336805718658,0.0342070625612144
"D2","A_o",3819.564,3.819564,"0HW","20",-1.69,2.6,0.665634552365924,665.634552365924,239.229058120313,0.156358861516544
"D2","A_o",4710.313,4.710313,"0HW","20",-1.69,2.6,1.14796697411296,1147.96697411296,412.579330496199,0.26965969313477
"D2","A_o",6095.046,6.095046,"0HW","20",-1.69,2.6,2.24357280858958,2243.57280858958,806.340067407097,0.527019651900063
"D2","A_o",3245.758,3.245758,"0HW","20",-1.69,2.6,0.435935216223623,435.935216223623,156.67511671077,0.102402037065863
"D2","A_o",3074.219,3.074219,"0HW","20",-1.69,2.6,0.378538874180423,378.538874180423,136.046871380444,0.088919523778068
"E1","A_o",8734.61282597831,8.73461282597831,"3HW","25",-1.69,2.6,5.7178599459042,5717.8599459042,1882.31949419166,1.23027417921024
"E1","I_o",3437.835,3.437835,"3HW","25",-1.77,2.51,0.376769225281358,376.769225281358,124.936675103298,0.0816579575838552
"E1","G_h",1201.89,1.20189,"3HW","25",0.19,2.34,2.38168021497228,2381.68021497228,177.076971311103,0.115736582556277
"E1","A_o",6664.98680393759,6.66498680393759,"3HW","25",-1.69,2.6,2.83059779554609,2830.59779554609,931.832794293773,0.609041042022074
"E1","I_o",4607.447,4.607447,"3HW","25",-1.77,2.51,0.785751961673412,785.751961673412,260.555350490903,0.170297614699937
"E1","G_h",1268.409,1.268409,"3HW","25",0.19,2.34,2.70163576437368,2701.63576437368,200.865538426878,0.131284665638482
"E1","A_o",7198.44351101012,7.19844351101013,"3HW","25",-1.69,2.6,3.45796316214118,3457.96316214118,1138.36147297688,0.744027106520834
"E1","I_o",5494.539,5.494539,"3HW","25",-1.77,2.51,1.22243975014361,1222.43975014361,405.36102114762,0.264941843887333
"E1","G_h",1541.198,1.541198,"3HW","25",0.19,2.34,4.26175757758842,4261.75757758842,316.859971190668,0.207098020386057
"E1","A_o",10939.7790854443,10.9397790854443,"3HW","25",-1.69,2.6,10.2664958372972,10266.4958372972,3379.73042963823,2.20897413701845
"E1","I_o",7059.783,7.059783,"3HW","25",-1.77,2.51,2.2933286354229,2293.3286354229,760.467775506233,0.49703776176878
"E1","G_h",1843.776,1.843776,"3HW","25",0.19,2.34,6.48271738235217,6482.71738235217,481.987444290931,0.315024473392765
"E1","A_o",8127.55224215791,8.12755224215791,"3HW","25",-1.69,2.6,4.74127779055349,4741.27779055349,1560.82864865021,1.02014944356223
"E1","I_o",6168.563,6.168563,"3HW","25",-1.77,2.51,1.6344131637044,1634.4131637044,541.971405084379,0.354229676525738
"E1","G_h",2020.448,2.020448,"3HW","25",0.19,2.34,8.03059206708715,8030.59206708715,597.071307951103,0.390242684935361
"E1","A_o",10153.8921316471,10.1538921316471,"3HW","25",-1.69,2.6,8.45755085991129,8457.55085991129,2784.2257430828,1.81975538763581
"E1","I_o",2645.855,2.645855,"3HW","25",-1.77,2.51,0.195272353409994,195.272353409994,64.7523123907541,0.0423217728044144
"E1","G_h",1661.195,1.661195,"3HW","25",0.19,2.34,5.07907048395618,5079.07048395618,377.626858853949,0.246814940427417
"E1","A_o",12537.5932098189,12.5375932098189,"3HW","25",-1.69,2.6,14.6337912110217,14633.7912110217,4817.44406666833,3.1486562527244
"E1","I_o",7342.787,7.342787,"3HW","25",-1.77,2.51,2.53110950766166,2531.10950766166,839.315912740605,0.548572491987324
"E1","G_h",1316.392,1.316392,"3HW","25",0.19,2.34,2.94687319447389,2946.87319447389,219.098843259856,0.143201858339775
"E1","A_o",8358.55974995734,8.35855974995734,"3HW","25",-1.69,2.6,5.09966647252914,5099.66647252914,1678.81020275659,1.09726157042915
"E1","I_o",9370.31,9.37031,"3HW","25",-1.77,2.51,4.66769464255948,4667.69464255948,1547.80754347272,1.01163891730243
"E1","G_h",1715.2,1.7152,"3HW","25",0.19,2.34,5.47389619250347,5473.89619250347,406.981992354156,0.266001302192259
"E1","A_o",10302.0002591345,10.3020002591345,"3HW","25",-1.69,2.6,8.78205285966042,8782.05285966042,2891.05180140021,1.88957634078445
"E1","I_o",4220.75,4.22075,"3HW","25",-1.77,2.51,0.630562252835782,630.562252835782,209.094443040345,0.136663034666892
"E1","G_h",1093.176,1.093176,"3HW","25",0.19,2.34,1.90780862122533,1907.80862122533,141.844807864655,0.0927090247481403
"E1","A_o",7707.89419679892,7.70789419679892,"3HW","25",-1.69,2.6,4.1307882790305,4130.7882790305,1359.85550145684,0.888794445396627
"E1","I_o",4218.849,4.218849,"3HW","25",-1.77,2.51,0.629849651743273,629.849651743273,208.858144518069,0.136508591188281
"E1","G_h",1136.796,1.136796,"3HW","25",0.19,2.34,2.09072607691893,2090.72607691893,155.444647528491,0.101597808842151
"E1","A_o",8231.07669855038,8.23107669855038,"3HW","25",-1.69,2.6,4.89990078309412,4899.90078309412,1613.04733779458,1.05427930574809
"E1","I_o",3215.986,3.215986,"3HW","25",-1.77,2.51,0.318682719956491,318.682719956491,105.675189937572,0.0690687515931845
"E1","G_h",1910.767,1.910767,"3HW","25",0.19,2.34,7.04735409605959,7047.35409605959,523.967958100392,0.342462717712675
"E1","A_o",8297.03010223925,8.29703010223925,"3HW","25",-1.69,2.6,5.00263630971408,5002.63630971408,1646.86787315787,1.07638423082214
"E1","I_o",6401.966,6.401966,"3HW","25",-1.77,2.51,1.79409956941118,1794.09956941118,594.923417216747,0.388838834782188
"E1","G_h",5057.55,5.05755,"3HW","25",0.19,2.34,68.7416627604313,68741.6627604313,5110.91512957296,3.34046740494965
"E1","A_o",8816.75450703991,8.81675450703991,"3HW","25",-1.69,2.6,5.85872004597354,5858.72004597354,1928.69063913449,1.26058211708137
"E1","I_o",3379.758,3.379758,"3HW","25",-1.77,2.51,0.360996397378469,360.996397378469,119.7064053707,0.0782394806344447
"E1","G_h",5010.778,5.010778,"3HW","25",0.19,2.34,67.2632858467648,67263.2858467648,5000.99839739262,3.26862640352459
"E1","A_o",10389.4039584665,10.3894039584665,"3HW","25",-1.69,2.6,8.97709136186759,8977.09136186759,2955.25847632681,1.9315414877953
"E1","I_o",4380.361,4.380361,"3HW","25",-1.77,2.51,0.692133480907851,692.133480907851,229.511462269044,0.150007491679113
"E1","G_h",3607.035,3.607035,"3HW","25",0.19,2.34,31.1696434211445,31169.6434211445,2317.45052050473,1.51467354281355
"E1","A_o",9343.94578002246,9.34394578002246,"3HW","25",-1.69,2.6,6.81363406045655,6813.63406045654,2243.04833270229,1.46604466189692
"E1","I_o",2736.061,2.736061,"3HW","25",-1.77,2.51,0.212415251939504,212.415251939504,70.4368975431394,0.0460371879366924
"E1","G_h",4821.567,4.821567,"3HW","25",0.19,2.34,61.4696021380313,61469.6021380313,4570.24033112177,2.98708518373972
"E1","A_o",11350.5081527501,11.3505081527501,"3HW","25",-1.69,2.6,11.2989943872657,11298.9943872657,3719.62895228787,2.43113003417508
"E1","I_o",3234.581,3.234581,"3HW","25",-1.77,2.51,0.323327957084255,323.327957084255,107.215550569139,0.0700755232478033
"E1","G_h",1169.03,1.16903,"3HW","25",0.19,2.34,2.23209171639733,2232.09171639733,165.955126277455,0.108467402795722
"E1","A_o",12257.8069069003,12.2578069069003,"3HW","25",-1.69,2.6,13.7998134975895,13799.8134975895,4542.89860340646,2.96921477346828
"E1","I_o",5140.409,5.140409,"3HW","25",-1.77,2.51,1.03419912260369,1034.19912260369,342.940429055383,0.224144071278028
"E1","G_h",2028.272,2.028272,"3HW","25",0.19,2.34,8.10354964435986,8103.54964435985,602.495674638297,0.39378802263941
"E1","A_o",18503.0806249025,18.5030806249025,"3HW","25",-1.69,2.6,40.2563603663412,40256.3603663412,13252.3938325995,8.66169531542452
"E1","I_o",5491.429,5.491429,"3HW","25",-1.77,2.51,1.22070377021593,1220.70377021593,404.785370203602,0.264565601440263
"E1","G_h",4601.509,4.601509,"3HW","25",0.19,2.34,55.104446614331,55104.446614331,4096.99356399687,2.67777357123978
"E1","A_o",24368.3585031173,24.3683585031173,"3HW","25",-1.69,2.6,82.3660645312254,82366.0645312254,27114.9084436794,17.7221623814898
"E1","I_o",5380.094,5.380094,"3HW","25",-1.77,2.51,1.15953151737589,1159.53151737589,384.500651161845,0.251307615138461
"E1","G_h",1918.367,1.918367,"3HW","25",0.19,2.34,7.11312050704058,7113.12050704058,528.857664450265,0.345658604215859
"E1","A_o",20157.8583225868,20.1578583225868,"3HW","25",-1.69,2.6,50.2985435842664,50298.5435842664,16558.2805479405,10.8224055868892
"E1","I_o",7252.764,7.252764,"3HW","25",-1.77,2.51,2.45393977827193,2453.93977827194,813.726430474974,0.531847340179721
"E1","G_h",5222.642,5.222642,"3HW","25",0.19,2.34,74.1076772326938,74107.6772326938,5509.87615917989,3.60122624782999
"E1","A_o",21634.7680926566,21.6347680926566,"3HW","25",-1.69,2.6,60.4499345675029,60449.9345675029,19900.1184596219,13.0066133723019
"E1","I_o",8433.248,8.433248,"3HW","25",-1.77,2.51,3.58300264445145,3583.00264445145,1188.1236769001,0.776551422810522
"E1","G_h",1233.829,1.233829,"3HW","25",0.19,2.34,2.53242526988643,2532.42526988643,188.284805845948,0.123061964605195
"E1","A_o",20167.4549877037,20.1674549877037,"3HW","25",-1.69,2.6,50.3608266669106,50360.8266669106,16578.784138747,10.835806626632
"E1","I_o",4876.483,4.876483,"3HW","25",-1.77,2.51,0.906041005822401,906.041005822401,300.443197530708,0.196368102961247
"E1","G_h",4045.726,4.045726,"3HW","25",0.19,2.34,40.7729121629736,40772.9121629736,3031.44971015222,1.98133967983805
"E1","A_o",22246.054099551,22.246054099551,"3HW","25",-1.69,2.6,64.9916812122899,64991.6812122899,21395.2614550858,13.983831016396
"E1","I_o",3190.071,3.190071,"3HW","25",-1.77,2.51,0.312276192977913,312.276192977913,103.550785591476,0.0676802520205726
"E1","G_h",3510.791,3.510791,"3HW","25",0.19,2.34,29.2582027216112,29258.2027216112,2175.33566907071,1.42178801900046
"E1","A_o",7245.07828893535,7.24507828893535,"3HW","25",-1.69,2.6,3.51651128214338,3516.51128214338,1157.6355140816,0.756624519007582
"E1","I_o",3454.756,3.454756,"3HW","25",-1.77,2.51,0.381441220368955,381.441220368955,126.485908674345,0.0826705285453238
"E1","G_h",2706.682,2.706682,"3HW","25",0.19,2.34,15.9185362018962,15918.5362018962,1183.5367991965,0.773553463527127
"E1","A_o",8697.8884720429,8.6978884720429,"3HW","25",-1.69,2.6,5.65556463501594,5655.56463501594,1861.81187784725,1.21687050839689
"E1","I_o",2544.69,2.54469,"3HW","25",-1.77,2.51,0.177069416716456,177.069416716456,58.7162185831768,0.0383766134530568
"E1","G_h",2135.195,2.135195,"3HW","25",0.19,2.34,9.13868804103708,9138.68804103708,679.457800375891,0.444090065605157
"E1","A_o",9454.1365113227,9.4541365113227,"3HW","25",-1.69,2.6,7.02452332983508,7024.52332983507,2312.47308018171,1.51142031384425
"E1","I_o",4527.552,4.527552,"3HW","25",-1.77,2.51,0.75199898072883,751.99898072883,249.36286200968,0.162982262751425
"E1","G_h",2461.414,2.461414,"3HW","25",0.19,2.34,12.7459473288806,12745.9473288806,947.656085523343,0.619383062433557
"E1","A_o",9970.17265554741,9.97017265554741,"3HW","25",-1.69,2.6,8.06541959031071,8065.41959031071,2655.13612913029,1.73538309093483
"E1","I_o",9453.597,9.453597,"3HW","25",-1.77,2.51,4.77253017103279,4772.53017103279,1582.57100471447,1.03436013380031
"E1","G_h",3549.996,3.549996,"3HW","25",0.19,2.34,30.0284697466096,30028.4697466096,2232.60471427252,1.45921876749838
"E1","A_o",9116.50758858137,9.11650758858137,"3HW","25",-1.69,2.6,6.39078333922102,6390.78333922102,2103.84587527156,1.37506266357618
"E1","I_o",6623.493,6.623493,"3HW","25",-1.77,2.51,1.95401806729381,1954.01806729381,647.952391114629,0.423498294846163
"E1","G_h",3249.783,3.249783,"3HW","25",0.19,2.34,24.4196372487107,24419.6372487107,1815.59026158674,1.18666030169068
"E1","A_o",9439.45678990147,9.43945678990147,"3HW","25",-1.69,2.6,6.9961998564485,6996.1998564485,2303.14899274285,1.50532613904761
"E1","I_o",3067.972,3.067972,"3HW","25",-1.77,2.51,0.283137239250608,283.137239250608,93.8883085355016,0.0613649075395436
"E1","G_h",3729.566,3.729566,"3HW","25",0.19,2.34,33.7039199803642,33703.9199803642,2505.87296897208,1.63782546991639
"E1","A_o",12013.354482402,12.013354482402,"3HW","25",-1.69,2.6,13.0956530204048,13095.6530204048,4311.08897431726,2.81770521197206
"E1","I_o",3058.605,3.058605,"3HW","25",-1.77,2.51,0.280972437642888,280.972437642888,93.1704603223817,0.0608957257009031
"E1","G_h",5222.728,5.222728,"3HW","25",0.19,2.34,74.1105327976555,74110.5327976555,5510.08846929256,3.60136501260952
"E1","A_o",10100.6575995328,10.1006575995328,"3HW","25",-1.69,2.6,8.34274728151146,8342.74728151146,2746.43240507357,1.79505385952521
"E1","I_o",22194.576,22.194576,"3HW","25",-1.77,2.51,40.6517831720255,40651.7831720255,13480.1312998436,8.81054333323114
"E1","G_h",4258.499,4.258499,"3HW","25",0.19,2.34,45.9684993183564,45968.4993183564,3417.73953692007,2.23381669079743
"E1","A_o",9810.83401075582,9.81083401075582,"3HW","25",-1.69,2.6,7.73455643619812,7734.55643619812,2546.21597879642,1.66419345019374
"E1","I_o",20212.445,20.212445,"3HW","25",-1.77,2.51,32.1442514279373,32144.2514279373,10659.033773504,6.9666887408523
"E1","G_h",1431.744,1.431744,"3HW","25",0.19,2.34,3.58694708525258,3586.94708525258,266.688081009695,0.174305935300454
"E1","A_o",19597.8058660107,19.5978058660107,"3HW","25",-1.69,2.6,46.745453056073,46745.453056073,15388.6031460592,10.0579105529799
"E1","I_o",11909.48,11.90948,"3HW","25",-1.77,2.51,8.52100708805158,8521.00708805158,2825.5659503979,1.84677513097902
"E1","G_h",942.571,0.942571,"3HW","25",0.19,2.34,1.3486365717889,1348.6365717889,100.270589657876,0.065536333109723
"E1","A_o",15131.3345180834,15.1313345180834,"3HW","25",-1.69,2.6,23.8605694802876,23860.5694802876,7854.89947291068,5.13392122412463
"E1","I_o",14716.988,14.716988,"3HW","25",-1.77,2.51,14.4952439492803,14495.2439492803,4806.62289358133,3.14158359057603
"E1","G_h",4231.696,4.231696,"3HW","25",0.19,2.34,45.294329866965,45294.329866965,3367.6153078769,2.20105575678229
"E1","A_o",17908.9106197972,17.9089106197972,"3HW","25",-1.69,2.6,36.9811012147372,36981.1012147372,12174.1785198915,7.95697942476567
"E1","I_o",13497.061,13.497061,"3HW","25",-1.77,2.51,11.6654210511896,11665.4210511896,3868.25362057448,2.52827034024476
"E1","G_h",4471.336,4.471336,"3HW","25",0.19,2.34,51.5256283579506,51525.6283579506,3830.90985816228,2.50386265239365
"E1","A_o",17698.3959656728,17.6983959656728,"3HW","25",-1.69,2.6,35.8614758856732,35861.4758856732,11805.5978615636,7.7160770337017
"E1","I_o",11698.312,11.698312,"3HW","25",-1.77,2.51,8.14684084484607,8146.84084484607,2701.49242415096,1.76568132297448
"E1","G_h",4822.728,4.822728,"3HW","25",0.19,2.34,61.504243131196,61504.243131196,4572.81587510717,2.98876854582168
"E1","A_o",12521.3164272623,12.5213164272623,"3HW","25",-1.69,2.6,14.5844473171402,14584.4473171402,4801.20005680255,3.13803925281213
"E1","I_o",17314.245,17.314245,"3HW","25",-1.77,2.51,21.7968096741144,21796.8096741144,7227.82208793634,4.7240667241414
"E1","G_h",4524.79,4.52479,"3HW","25",0.19,2.34,52.9785809579313,52978.5809579313,3938.93630278981,2.57446817175805
"E1","A_o",12740.904485382,12.740904485382,"3HW","25",-1.69,2.6,15.258810371576,15258.810371576,5023.20037432283,3.28313749955741
"E1","I_o",5441.918,5.441918,"3HW","25",-1.77,2.51,1.19326665175742,1193.26665175742,395.68722172276,0.258619099165202
"E1","G_h",4820.592,4.820592,"3HW","25",0.19,2.34,61.4405194981126,61440.5194981126,4568.07804847687,2.98567192710907
"E1","A_o",12348.9337935369,12.3489337935369,"3HW","25",-1.69,2.6,14.0681374170682,14068.1374170682,4631.23083769884,3.02694825993388
"E1","I_o",14585.591,14.585591,"3HW","25",-1.77,2.51,14.1725930906021,14172.5930906021,4699.63186884365,3.07165481623768
"E1","G_h",2854.738,2.854738,"3HW","25",0.19,2.34,18.0312169654294,18031.2169654294,1340.61376889289,0.876218149603198
"E1","A_o",11845.0461484977,11.8450461484977,"3HW","25",-1.69,2.6,12.6239587977002,12623.9587977002,4155.8072362029,2.71621387987118
"E1","G_h",3272.847,3.272847,"3HW","25",0.19,2.34,24.8271086955349,24827.1086955349,1845.88560066954,1.2064611769082
"E1","A_o",12154.7436379232,12.1547436379232,"3HW","25",-1.69,2.6,13.5001653788012,13500.1653788012,4444.25444270136,2.90474146581788
"E1","G_h",1826.912,1.826912,"3HW","25",0.19,2.34,6.34481919250424,6344.81919250424,471.734769035013,0.308323378454257
"E1","A_o",13856.5164136006,13.8565164136006,"3HW","25",-1.69,2.6,18.9801900794823,18980.1900794823,6248.27857416556,4.08384220533696
"E1","G_h",1890.389,1.890389,"3HW","25",0.19,2.34,6.87273762856161,6872.73762856161,510.985293588505,0.333977316070918
"E1","A_o",8707.96488001332,8.70796488001332,"3HW","25",-1.69,2.6,5.67261539076658,5672.61539076658,1867.42498664036,1.22053920695448
"E1","G_h",2311.603,2.311603,"3HW","25",0.19,2.34,11.0041627178136,11004.1627178136,818.155096404354,0.534741893074741
"E1","A_o",12236.8351803239,12.2368351803239,"3HW","25",-1.69,2.6,13.7385116802814,13738.5116802814,4522.71804514864,2.95602486611022
"E1","G_h",2855.287,2.855287,"3HW","25",0.19,2.34,18.0393322348191,18039.3322348191,1341.2171359259,0.876612507141114
"E1","A_o",9790.62450154418,9.79062450154418,"3HW","25",-1.69,2.6,7.69320004679669,7693.20004679669,2532.60145540547,1.65529506889246
"E1","G_h",1967.681,1.967681,"3HW","25",0.19,2.34,7.5483838967563,7548.3838967563,561.219323370272,0.366810015274688
"E1","A_o",10170.5493861556,10.1705493861556,"3HW","25",-1.69,2.6,8.49367176435205,8493.67176435205,2796.1167448247,1.82752728419915
"E1","G_h",2803.72,2.80372,"3HW","25",0.19,2.34,17.2861810258712,17286.1810258712,1285.22064480112,0.840013493334063
"E1","A_o",9945.37111961248,9.94537111961248,"3HW","25",-1.69,2.6,8.01335870968969,8013.35870968969,2637.99768722985,1.72418149492147
"E1","G_h",6140.485,6.140485,"3HW","25",0.19,2.34,108.241613902069,108241.613902069,8047.72069697326,5.25994816795638
"E1","A_o",11196.8106803217,11.1968106803217,"3HW","25",-1.69,2.6,10.9054921924861,10905.4921924861,3590.08802976642,2.34646276455321
"E1","G_h",5586.4,5.5864,"3HW","25",0.19,2.34,86.7538881013878,86753.8881013878,6450.11687878294,4.2157626658712
"E1","A_o",9295.86984245716,9.29586984245716,"3HW","25",-1.69,2.6,6.72286033512828,6722.86033512828,2213.16562232423,1.44651347864329
"E1","G_h",1291.974,1.291974,"3HW","25",0.19,2.34,2.82055018209769,2820.55018209769,209.70677781889,0.137063253476399
"E1","A_o",9745.77189063592,9.74577189063592,"3HW","25",-1.69,2.6,7.6019013489289,7601.9013489289,2502.54592406739,1.635650930763
"E1","G_h",1576.456,1.576456,"3HW","25",0.19,2.34,4.49340472721156,4493.40472721156,334.082844106289,0.21835480006947
"E1","A_o",9239.23419012947,9.23923419012947,"3HW","25",-1.69,2.6,6.61688422967169,6616.88422967169,2178.27828840792,1.42371129961302
"E1","G_h",1443.889,1.443889,"3HW","25",0.19,2.34,3.65855097338719,3658.55097338719,272.011801450948,0.177785491144411
"E1","A_o",8150.78227082919,8.15078227082919,"3HW","25",-1.69,2.6,4.77659213854861,4776.59213854861,1572.4541320102,1.02774779869948
"E1","G_h",1164.04,1.16404,"3HW","25",0.19,2.34,2.20986068712345,2209.86068712345,164.302258143354,0.107387096825721
"E1","A_o",9360.83412544035,9.36083412544036,"3HW","25",-1.69,2.6,6.84569946166845,6845.69946166845,2253.60426278125,1.47294396260213
"E1","G_h",7870.02,7.87002,"3HW","25",0.19,2.34,193.456557917615,193456.557917615,14383.4176985515,9.40092660036048
"E1","A_o",9380.51524677166,9.38051524677166,"3HW","25",-1.69,2.6,6.88318438622263,6883.18438622263,2265.94429994449,1.48100934636895
"E1","G_h",4761.047,4.761047,"3HW","25",0.19,2.34,59.6793077485615,59679.3077485615,4437.13265938245,2.90008670547872
"E1","A_o",7863.72277629591,7.86372277629591,"3HW","25",-1.69,2.6,4.35144307196227,4351.44307196227,1432.49505928998,0.936271280581687
"E1","G_h",4600.597,4.600597,"3HW","25",0.19,2.34,55.0788937615837,55078.8937615836,4095.09371961624,2.67653184288643
"E1","A_o",9414.58284116153,9.41458284116153,"3HW","25",-1.69,2.6,6.94836799572222,6948.36799572222,2287.40274419175,1.49503447332794
"E1","G_h",3434.347,3.434347,"3HW","25",0.19,2.34,27.7891565661997,27789.1565661997,2066.11267503432,1.3504004411989
"E1","A_o",9270.36685321815,9.27036685321815,"3HW","25",-1.69,2.6,6.67501112354817,6675.01112354817,2197.41366187206,1.43621807965494
"E1","G_h",3635.581,3.635581,"3HW","25",0.19,2.34,31.7499284325424,31749.9284325424,2360.59447898816,1.54287220848899
"E1","A_o",8091.30438817682,8.09130438817682,"3HW","25",-1.69,2.6,4.68649547598881,4686.49547598881,1542.79431069552,1.00836229457223
"E1","G_h",2412.054,2.412054,"3HW","25",0.19,2.34,12.1558586585309,12155.8586585309,903.78322891831,0.590707992757065
"E1","A_o",7810.66470108032,7.81066470108032,"3HW","25",-1.69,2.6,4.27551846230929,4275.51846230929,1407.50067779222,0.919935083524326
"E1","G_h",3226.605,3.226605,"3HW","25",0.19,2.34,24.014037127841,24014.037127841,1785.43405484012,1.1669503626406
"E1","A_o",10123.7743275946,10.1237743275946,"3HW","25",-1.69,2.6,8.39248134457285,8392.48134457285,2762.80485863338,1.8057548095643
"E1","G_h",3390.952,3.390952,"3HW","25",0.19,2.34,26.9744527657074,26974.4527657074,2005.53977334924,1.31081030937859
"E1","A_o",8613.3288618243,8.6133288618243,"3HW","25",-1.69,2.6,5.51371959331927,5513.71959331927,1815.1164901207,1.18635064713771
"E1","G_h",2598.828,2.598828,"3HW","25",0.19,2.34,14.4736956841935,14473.6956841935,1076.11348464151,0.703342146824517
"E1","A_o",8189.17990824213,8.18917990824213,"3HW","25",-1.69,2.6,4.83531834087632,4835.31834087632,1591.78679781648,1.04038352798463
"E1","G_h",3693.86,3.69386,"3HW","25",0.19,2.34,32.9537019442265,32953.7019442265,2450.09455807247,1.60136899220423
"E1","A_o",9024.60602390396,9.02460602390396,"3HW","25",-1.69,2.6,6.22462874548736,6224.62874548736,2049.14778301444,1.33931227648003
"E1","G_h",4662.564,4.662564,"3HW","25",0.19,2.34,56.8305745017086,56830.5745017086,4225.33048197223,2.76165390978577
"E1","A_o",8441.453712896,8.441453712896,"3HW","25",-1.69,2.6,5.23220598135792,5232.20598135792,1722.44220906303,1.12577922160982
"E1","G_h",7068.461,7.068461,"3HW","25",0.19,2.34,150.459698340057,150459.698340057,11186.6183877039,7.31151528608097
"E1","A_o",6804.53177073653,6.80453177073653,"3HW","25",-1.69,2.6,2.98727662103404,2987.27662103404,983.411463644407,0.642752590617259
"E1","G_h",678.441,0.678441,"3HW","25",0.19,2.34,0.624796057338491,624.796057338491,46.4533369446939,0.0303616581337869
"E1","A_o",8156.74394552671,8.15674394552671,"3HW","25",-1.69,2.6,4.78568110657396,4785.68110657396,1575.44622028415,1.02970341195042
"E1","G_h",1047.634,1.047634,"3HW","25",0.19,2.34,1.72699240645547,1726.99240645547,128.401194623002,0.0839223494267985
"E1","A_o",6468.45858779834,6.46845858779834,"3HW","25",-1.69,2.6,2.61867791394876,2618.67791394876,862.068769271931,0.563443640047014
"E1","G_h",655.789,0.655789,"3HW","25",0.19,2.34,0.57706941724359,577.06941724359,42.904880344294,0.0280424054537869
"E1","A_o",7239.25580601071,7.23925580601071,"3HW","25",-1.69,2.6,3.50916832077135,3509.16832077135,1155.21821119793,0.755044582482305
"E1","G_h",7052.917,7.052917,"3HW","25",0.19,2.34,149.686601717879,149686.601717879,11129.1389630837,7.2739470346952
"E1","A_o",7457.45351850979,7.45745351850979,"3HW","25",-1.69,2.6,3.79083990224396,3790.83990224396,1247.94449581871,0.815649997267131
"E1","G_h",4799.695,4.799695,"3HW","25",0.19,2.34,60.8190902073535,60819.0902073535,4521.87502928065,2.95547387534683
"E1","A_o",7171.00433826201,7.17100433826201,"3HW","25",-1.69,2.6,3.42379664177499,3423.79664177499,1127.11385447233,0.736675721877337
"E1","G_h",4677.844,4.677844,"3HW","25",0.19,2.34,57.2673410221245,57267.3410221245,4257.80389805855,2.78287836474415
"E1","A_o",7739.81983561915,7.73981983561915,"3HW","25",-1.69,2.6,4.17542044894031,4175.42044894031,1374.54841179115,0.898397654765457
"E1","G_h",2698.626,2.698626,"3HW","25",0.19,2.34,15.8078904890705,15807.8904890705,1175.3103347062,0.768176689350454
"E1","A_o",6574.92632802585,6.57492632802585,"3HW","25",-1.69,2.6,2.73222409135562,2732.22409135562,899.448170874272,0.587874621486452
"E1","G_h",3055.13,3.05513,"3HW","25",0.19,2.34,21.1334054822859,21133.4054822859,1571.26024424577,1.02696747989919
"E1","A_o",7040.23858966104,7.04023858966104,"3HW","25",-1.69,2.6,3.26382737874248,3263.82737874248,1074.45197308203,0.70225619155688
"E1","G_h",2750.19,2.75019,"3HW","25",0.19,2.34,16.5237537711748,16523.7537711748,1228.53448338534,0.802963714630938
"E1","A_o",10871.2106038445,10.8712106038445,"3HW","25",-1.69,2.6,10.1000276808312,10100.0276808312,3324.92911252962,2.1731562826991
"E1","G_h",2814.459,2.814459,"3HW","25",0.19,2.34,17.4415118665299,17441.5118665299,1296.76943067175,0.847561719393304
"E1","A_o",9425.81365250207,9.42581365250208,"3HW","25",-1.69,2.6,6.96993950701133,6969.93950701133,2294.50408570813,1.49967587301185
"E1","G_h",2897.645,2.897645,"3HW","25",0.19,2.34,18.6717797338051,18671.7797338051,1388.23935449652,0.907345983331056
"E1","A_o",9980.71107659573,9.98071107659573,"3HW","25",-1.69,2.6,8.08760361504719,8087.60361504719,2662.43911007353,1.74015628109381
"E1","G_h",2381.088,2.381088,"3HW","25",0.19,2.34,11.7938213355069,11793.8213355069,876.865898766401,0.573114966513988
"E1","A_o",10798.6454480549,10.7986454480549,"3HW","25",-1.69,2.6,9.92567689532987,9925.67689532987,3267.53283394259,2.13564237512588
"E1","G_h",2201.276,2.201276,"3HW","25",0.19,2.34,9.81427734576947,9814.27734576947,729.687594947022,0.4769199966974
"E1","A_o",9033.59646083344,9.03359646083344,"3HW","25",-1.69,2.6,6.24076435592954,6240.76435592954,2054.459625972,1.34278406926275
"E1","G_h",2865.774,2.865774,"3HW","25",0.19,2.34,18.1947517883635,18194.7517883635,1352.77251756411,0.884165044159547
"E1","A_o",12645.4649428389,12.6454649428389,"3HW","25",-1.69,2.6,14.9634068698294,14963.4068698294,4925.95354154783,3.21957747813584
"E1","G_h",2634.951,2.634951,"3HW","25",0.19,2.34,14.9488488802731,14948.8488802731,1111.44093470875,0.726431983469772
"E1","A_o",11332.5282141613,11.3325282141613,"3HW","25",-1.69,2.6,11.2525176636146,11252.5176636146,3704.32881486192,2.4211299443542
"E1","G_h",2824.781,2.824781,"3HW","25",0.19,2.34,17.591561591274,17591.561591274,1307.92556768658,0.854853312213453
"E1","A_o",11477.2094873262,11.4772094873262,"3HW","25",-1.69,2.6,11.6298577445604,11629.8577445604,3828.54916950927,2.50231971863351
"E1","G_h",4431.517,4.431517,"3HW","25",0.19,2.34,50.4583055171937,50458.3055171937,3751.55483188114,2.45199662214454
"E1","A_o",7764.22793565592,7.76422793565592,"3HW","25",-1.69,2.6,4.20974237554819,4209.74237554819,1385.84719003046,0.905782477144093
"E1","G_h",3993.414,3.993414,"3HW","25",0.19,2.34,39.549932494694,39549.932494694,2940.5216610075,1.92190958235784
"E1","A_o",10337.529887426,10.337529887426,"3HW","25",-1.69,2.6,8.86101809156211,8861.01809156211,2917.04715574225,1.90656676845898
"E1","G_h",4835.974,4.835974,"3HW","25",0.19,2.34,61.9002581198425,61900.2581198425,4602.25943110704,3.00801270006996
"E1","A_o",11162.8162850733,11.1628162850733,"3HW","25",-1.69,2.6,10.8196153394812,10819.6153394812,3561.81736975722,2.32798520899165
"E1","G_h",4245.995,4.245995,"3HW","25",0.19,2.34,45.6532793932668,45653.2793932667,3394.30306157763,2.21849873305727
"E1","A_o",13443.6548685712,13.4436548685712,"3HW","25",-1.69,2.6,17.5446666825541,17544.6666825541,5775.7042718968,3.77497011235085
"E1","G_h",2476.285,2.476285,"3HW","25",0.19,2.34,12.9268725516538,12926.8725516538,961.10780346644,0.628175034945386
"E1","A_o",14213.2291149225,14.2132291149225,"3HW","25",-1.69,2.6,20.2768817191909,20276.8817191909,6675.14946195765,4.36284278559324
"E1","G_h",2802.103,2.802103,"3HW","25",0.19,2.34,17.2628613528554,17262.8613528554,1283.48683644025,0.838880285255068
"E1","A_o",12252.2789414056,12.2522789414056,"3HW","25",-1.69,2.6,13.7836385674418,13783.6385674418,4537.57381640184,2.96573452052408
"E1","G_h",2621.471,2.621471,"3HW","25",0.19,2.34,14.7705080957125,14770.5080957125,1098.18136871299,0.717765600466005
"E1","A_o",17409.6814175049,17.4096814175049,"3HW","25",-1.69,2.6,34.3602363350481,34360.2363350481,11311.3898014978,7.39306522973714
"E1","G_h",869.879,0.869879,"3HW","25",0.19,2.34,1.11772174706499,1117.72174706499,83.1021648055832,0.054315140395806
"E1","A_o",12012.5229683649,12.0125229683649,"3HW","25",-1.69,2.6,13.0932964427675,13093.2964427675,4310.31318895905,2.81719816271833
"E1","G_h",1394.956,1.394956,"3HW","25",0.19,2.34,3.37498301524844,3374.98301524844,250.928637190515,0.164005645222559
"E1","A_o",20147.7454572351,20.1477454572351,"3HW","25",-1.69,2.6,50.2329616420524,50232.9616420524,16536.6909725637,10.8082947533096
"E1","G_h",1409.485,1.409485,"3HW","25",0.19,2.34,3.45781276026922,3457.81276026922,257.086995600912,0.168030716079028
"E1","A_o",17068.8049572954,17.0688049572954,"3HW","25",-1.69,2.6,32.638342920132,32638.342920132,10744.5424893075,7.02257679039703
"E1","G_h",4244.268,4.244268,"3HW","25",0.19,2.34,45.6098401416633,45609.8401416633,3391.07337059661,2.21638782391935
"E1","A_o",14303.6612718329,14.3036612718329,"3HW","25",-1.69,2.6,20.6140233701108,20614.0233701108,6786.13649344049,4.43538332904607
"E1","G_h",4423.047,4.423047,"3HW","25",0.19,2.34,50.2329214941258,50232.9214941258,3734.79761991965,2.44104419602592
"E1","A_o",14927.2472808372,14.9272472808372,"3HW","25",-1.69,2.6,23.0328294040092,23032.8294040092,7582.40743979984,4.95582185607833
"E1","G_h",5624.9,5.6249,"3HW","25",0.19,2.34,88.1594040779891,88159.4040779891,6554.61642943686,4.28406302577572
"E1","A_o",13607.3137645285,13.6073137645285,"3HW","25",-1.69,2.6,18.1054047347492,18105.4047347492,5960.29923867945,3.89562041743755
"E1","G_h",1789.991,1.789991,"3HW","25",0.19,2.34,6.04882448238289,6048.82448238289,449.727680735375,0.293939660611356
"E1","A_o",13138.2989488096,13.1382989488096,"3HW","25",-1.69,2.6,16.5272943876333,16527.2943876333,5440.78531240889,3.5560688316398
"E1","G_h",5331.197,5.331197,"3HW","25",0.19,2.34,77.7624384399964,77762.4384399964,5781.60619303836,3.77882757714925
"E1","A_o",16198.190310047,16.198190310047,"3HW","25",-1.69,2.6,28.484781504851,28484.781504851,9377.19007139694,6.12888239960584
"E1","G_h",2612.317,2.612317,"3HW","25",0.19,2.34,14.6500987261514,14650.0987261514,1089.22898024987,0.711914366176383
"E1","A_o",9935.90877060699,9.93590877060699,"3HW","25",-1.69,2.6,7.99355095375989,7993.55095375989,2631.47697397776,1.71991959083514
"E1","G_h",3797.689,3.797689,"3HW","25",0.19,2.34,35.162147238412,35162.147238412,2614.29158231704,1.70868730870395
"E1","A_o",18067.1386582447,18.0671386582447,"3HW","25",-1.69,2.6,37.8366242238785,37836.6242238785,12455.8166945008,8.14105666307242
"E1","G_h",1968.705,1.968705,"3HW","25",0.19,2.34,7.55757920964044,7557.57920964044,561.902991205083,0.367256856996786
"E1","A_o",18822.7263913646,18.8227263913646,"3HW","25",-1.69,2.6,42.0895784714558,42089.5784714558,13855.8892328032,9.05613675346617
"E1","G_h",1066.955,1.066955,"3HW","25",0.19,2.34,1.80244441667545,1802.44441667545,134.011021402053,0.0875889028771588
"E1","A_o",18590.4345716069,18.5904345716069,"3HW","25",-1.69,2.6,40.7523642285369,40752.3642285369,13415.6783040343,8.76841719217931
"E1","G_h",1016.176,1.016176,"3HW","25",0.19,2.34,1.60807871861308,1608.07871861308,119.560009497395,0.0781437970571212
"E1","A_o",21568.5903269562,21.5685903269562,"3HW","25",-1.69,2.6,59.9703495232686,59970.3495232686,19742.23906306,12.9034242242222
"E1","G_h",1281.928,1.281928,"3HW","25",0.19,2.34,2.7694970220052,2769.4970220052,205.910995787278,0.134582350187763
"E1","A_o",18873.7470190326,18.8737470190326,"3HW","25",-1.69,2.6,42.3868493974232,42386.8493974232,13953.7508216317,9.12009857622987
"E1","G_h",1728.462,1.728462,"3HW","25",0.19,2.34,5.57344880705738,5573.44880705738,414.383689425193,0.270839012696205
"E1","A_o",15745.0773695719,15.7450773695719,"3HW","25",-1.69,2.6,26.4591858948262,26459.1858948262,8710.36399657678,5.69304836377567
"E1","G_h",4004.96,4.00496,"3HW","25",0.19,2.34,39.8180280249373,39818.0280249373,2960.45445644288,1.93493755323064
"E1","A_o",17067.4689279684,17.0674689279684,"3HW","25",-1.69,2.6,32.6317010997078,32631.7010997078,10742.3560020238,7.02114771374106
"E1","G_h",1987.604,1.987604,"3HW","25",0.19,2.34,7.72844067005282,7728.44067005282,574.606472442159,0.375559785909908
"E1","A_o",18143.7036662839,18.1437036662839,"3HW","25",-1.69,2.6,38.2549337952174,38254.9337952174,12593.5242053856,8.23106157214743
"E1","G_h",3640.535,3.640535,"3HW","25",0.19,2.34,31.8512582274902,31851.2582274902,2368.12830871061,1.54779628020301
"E1","A_o",15082.7154077387,15.0827154077387,"3HW","25",-1.69,2.6,23.661746375904,23661.746375904,7789.44690694759,5.09114176924679
"E1","G_h",1896.921,1.896921,"3HW","25",0.19,2.34,6.92843635723737,6928.43635723737,515.126471786056,0.336683968487618
"E1","A_o",13422.5835869628,13.4225835869628,"3HW","25",-1.69,2.6,17.4732586063308,17473.2586063308,5752.1967332041,3.75960570797654
"E1","G_h",2244.556,2.244556,"3HW","25",0.19,2.34,10.2717689455404,10271.7689455404,763.701912393348,0.499151576727679
"E1","A_o",13729.0988676952,13.7290988676952,"3HW","25",-1.69,2.6,18.5297382514043,18529.7382514043,6099.98983236229,3.98692145906032
"E1","G_h",3261.747,3.261747,"3HW","25",0.19,2.34,24.6305231083232,24630.5231083232,1831.26954089459,1.19690819666313
"E1","A_o",16423.8054665999,16.4238054665999,"3HW","25",-1.69,2.6,29.5278523189997,29527.8523189997,9720.56898341469,6.35331306105535
"E1","G_h",2194.859,2.194859,"3HW","25",0.19,2.34,9.74746096610602,9747.46096610602,724.719823845596,0.473673087480782
"E1","A_o",13853.6975394762,13.8536975394761,"3HW","25",-1.69,2.6,18.9701525959645,18970.1525959645,6244.9742345915,4.08168250626896
"E1","G_h",1786.799,1.786799,"3HW","25",0.19,2.34,6.02361407954565,6023.61407954565,447.853297368588,0.292714573443521
"E1","A_o",14909.633909828,14.909633909828,"3HW","25",-1.69,2.6,22.9622345015914,22962.2345015914,7559.1675979239,4.94063241694373
"E1","G_h",2536.465,2.536465,"3HW","25",0.19,2.34,13.673999671078,13673.999671078,1016.65640594478,0.66448131107502
"E1","A_o",14428.8377151318,14.4288377151318,"3HW","25",-1.69,2.6,21.0863546652195,21086.3546652195,6941.62795579025,4.53701173581062
"E1","G_h",1716.342,1.716342,"3HW","25",0.19,2.34,5.48242832238474,5482.42832238474,407.616352797977,0.266415916861423
"E1","A_o",14541.649776631,14.541649776631,"3HW","25",-1.69,2.6,21.5176862183754,21517.6862183754,7083.62230308918,4.6298184987511
"E1","G_h",2158.424,2.158424,"3HW","25",0.19,2.34,9.37303031398412,9373.03031398411,696.881054632593,0.455477813485355
"E1","A_o",14141.5795861046,14.1415795861046,"3HW","25",-1.69,2.6,20.012189063123,20012.189063123,6588.01263958008,4.30589061410463
"E1","G_h",1558.998,1.558998,"3HW","25",0.19,2.34,4.37782710489426,4377.82710489426,325.489694118046,0.212738362168658
"E1","A_o",16909.444207994,16.909444207994,"3HW","25",-1.69,2.6,31.8519676610278,31851.9676610278,10485.6677540104,6.85337761700024
"E1","G_h",1129.684,1.129684,"3HW","25",0.19,2.34,2.0602471782579,2060.2471782579,153.178553604604,0.100116701702356
"E1","A_o",16135.8681613455,16.1358681613455,"3HW","25",-1.69,2.6,28.2007121517739,28200.7121517739,9283.67444036396,6.06776107213331
"E1","G_h",1728.56,1.72856,"3HW","25",0.19,2.34,5.57418828055042,5574.18828055042,414.438668983612,0.270874947048112
"E1","A_o",12371.6198970139,12.3716198970139,"3HW","25",-1.69,2.6,14.1354317406726,14135.4317406726,4653.38412902942,3.04142753531335
"E1","G_h",1696.796,1.696796,"3HW","25",0.19,2.34,5.33744408266599,5337.44408266599,396.836832568583,0.259370478802995
"E1","A_o",12669.1032878039,12.6691032878039,"3HW","25",-1.69,2.6,15.0362410641899,15036.2410641899,4949.93055833132,3.2352487309355
"E1","G_h",1651.158,1.651158,"3HW","25",0.19,2.34,5.00755123379304,5007.55123379304,372.309431212019,0.243339497524195
"E1","A_o",10878.4912755775,10.8784912755775,"3HW","25",-1.69,2.6,10.1176240111739,10117.6240111739,3330.72182447846,2.17694236894017
"E1","G_h",979.436,0.979436,"3HW","25",0.19,2.34,1.4753123808583,1475.3123808583,109.688885391863,0.0716920819554657
"E1","A_o",12742.8901598526,12.7428901598526,"3HW","25",-1.69,2.6,15.2649941790859,15264.9941790859,5025.23608375509,3.2844680285981
"E1","G_h",1481.956,1.481956,"3HW","25",0.19,2.34,3.88825396949972,3888.25396949972,289.090127330716,0.188947795640991
"E1","A_o",14149.3960129767,14.1493960129767,"3HW","25",-1.69,2.6,20.0409610801039,20040.961080104,6597.48438757022,4.3120812990655
"E1","G_h",1501.018,1.501018,"3HW","25",0.19,2.34,4.00629575287957,4006.29575287957,297.866486708295,0.194683978240715
"E1","A_o",12462.5793755262,12.4625793755262,"3HW","25",-1.69,2.6,14.4072349043832,14407.2349043832,4742.86173052295,3.09990962779278
"E1","G_h",2812.31,2.81231,"3HW","25",0.19,2.34,17.4103646487893,17410.3646487893,1294.45364749163,0.846048135615443
"E1","A_o",11425.1469751678,11.4251469751678,"3HW","25",-1.69,2.6,11.4931921780131,11493.1921780131,3783.55886500192,2.47291429085093
"E1","G_h",2087.158,2.087158,"3HW","25",0.19,2.34,8.6648183951793,8664.8183951793,644.225781754223,0.42106260245374
"E1","A_o",12311.4782158497,12.3114782158497,"3HW","25",-1.69,2.6,13.9574641985279,13957.4641985279,4594.7972141554,3.00313543408849
"E1","G_h",11430.181,11.430181,"3HW","25",0.19,2.34,463.280767953846,463280.767953846,34444.7397850612,22.5129018203015
"E1","A_o",12949.1192478019,12.9491192478019,"3HW","25",-1.69,2.6,15.9156580147217,15915.6580147217,5239.4346184464,3.42446707088
"E1","G_h",16324.175,16.324175,"3HW","25",0.19,2.34,1066.65778161558,1066657.78161558,79305.579400006,51.8337120261477
"E1","A_o",14624.8727196882,14.6248727196882,"3HW","25",-1.69,2.6,21.8393368681808,21839.3368681808,7189.50969700512,4.69902594575498
"E1","G_h",18544.902,18.544902,"3HW","25",0.19,2.34,1437.6243821513,1437624.3821513,106886.797763197,69.8606521328083
"E1","A_o",13794.3113399842,13.7943113399842,"3HW","25",-1.69,2.6,18.7594483027007,18759.4483027007,6175.61038124906,4.03634665441115
"E1","G_h",14548.766,14.548766,"3HW","25",0.19,2.34,814.729068419097,814729.068419097,60574.7803453325,39.5913597028317
"E1","A_o",15627.9563411734,15.6279563411734,"3HW","25",-1.69,2.6,25.9504977383641,25950.4977383641,8542.90385546945,5.5835972911565
"E1","G_h",11945.082,11.945082,"3HW","25",0.19,2.34,513.59711659756,513597.11659756,38185.7401801819,24.958000117766
"E1","A_o",11370.0653323551,11.3700653323551,"3HW","25",-1.69,2.6,11.3496820765237,11349.6820765237,3736.31533959161,2.44203616966772
"E1","G_h",15066.455,15.066455,"3HW","25",0.19,2.34,884.190662782336,884190.662782336,65739.2221016016,42.9668118311121
"E1","A_o",12176.8936537482,12.1768936537482,"3HW","25",-1.69,2.6,13.5642234101305,13564.2234101305,4465.34234661497,2.91852440955227
"E1","G_h",13713.313,13.713313,"3HW","25",0.19,2.34,709.435945721669,709435.945721669,52746.2787900278,34.474692019626
"E1","A_o",12570.6244956378,12.5706244956378,"3HW","25",-1.69,2.6,14.7342426984932,14734.2426984932,4850.51269634396,3.17026973617252
"E1","G_h",14347.042,14.347042,"3HW","25",0.19,2.34,788.54039311436,788540.39311436,58627.6628118954,38.3187338639839
"E1","A_o",10231.4093508029,10.2314093508029,"3HW","25",-1.69,2.6,8.62645176082617,8626.45176082617,2839.82791966398,1.85609667951894
"E1","G_h",12530.222,12.530222,"3HW","25",0.19,2.34,574.412009514683,574412.009514683,42707.3031426129,27.9132700278515
"E1","A_o",11032.269884251,11.032269884251,"3HW","25",-1.69,2.6,10.4937009028272,10493.7009028272,3454.52633721071,2.25786035111811
"E1","G_h",13628.683,13.628683,"3HW","25",0.19,2.34,699.233299945701,699233.299945701,51987.7161576429,33.9788994494398
"E1","A_o",11510.008638229,11.510008638229,"3HW","25",-1.69,2.6,11.7164674106591,11716.4674106591,3857.06107158898,2.52095494875097
"E1","G_h",14942.077,14.942077,"3HW","25",0.19,2.34,867.204794011535,867204.794011535,64476.32955284,42.1413918646013
"E1","A_o",11834.5182563169,11.8345182563169,"3HW","25",-1.69,2.6,12.5948070409285,12594.8070409285,4146.21047787368,2.70994148880632
"E1","G_h",13984.887,13.984887,"3HW","25",0.19,2.34,742.748819191218,742748.819191218,55223.0776073394,36.0935147760388
"E1","A_o",12288.6595974943,12.2886595974943,"3HW","25",-1.69,2.6,13.890303558904,13890.303558904,4572.68793159121,2.98868492260863
"E1","G_h",20403.902,20.403902,"3HW","25",0.19,2.34,1797.74858558212,1797748.58558212,133661.888238596,87.3607112670565
"E1","A_o",9494.70760728178,9.49470760728178,"3HW","25",-1.69,2.6,7.10316899139176,7103.16899139176,2338.36323196617,1.52834198167723
"E1","G_h",15737.635,15.737635,"3HW","25",0.19,2.34,979.125489069268,979125.489069268,72797.5884621045,47.580123177846
"E1","A_o",10227.4033418021,10.2274033418021,"3HW","25",-1.69,2.6,8.61767274240511,8617.67274240511,2836.93786679976,1.85420775607828
"E1","G_h",15887.821,15.887821,"3HW","25",0.19,2.34,1001.13017450018,1001130.17450018,74433.6280220186,48.6494300797507
"E1","A_o",10387.4969034631,10.3874969034631,"3HW","25",-1.69,2.6,8.97280767415389,8972.80767415389,2953.84828633146,1.93061979498788
"E1","A_o",10651.7251327706,10.6517251327706,"3HW","25",-1.69,2.6,9.57837580586221,9578.37580586221,3153.20131528984,2.0609158923463
"E1","A_o",9648.45242544794,9.64845242544794,"3HW","25",-1.69,2.6,7.40610586013112,7406.10586013112,2438.09004915516,1.59352290794455
"E1","A_o",10003.9353757052,10.0039353757052,"3HW","25",-1.69,2.6,8.1366246432565,8136.6246432565,2678.57683256004,1.75070381213074
"E1","A_o",9500.70290776481,9.50070290776481,"3HW","25",-1.69,2.6,7.11483639469895,7114.83639469895,2342.2041411349,1.53085237982673
"E1","A_o",10469.7213124905,10.4697213124905,"3HW","25",-1.69,2.6,9.15864691018486,9158.64691018486,3015.02656283286,1.97060559662278
"E1","A_o",9889.06816113229,9.88906816113229,"3HW","25",-1.69,2.6,7.89594224105802,7895.94224105802,2599.3441857563,1.69891776846817
"E1","A_o",8594.37518288505,8.59437518288505,"3HW","25",-1.69,2.6,5.48222937701631,5482.22937701631,1804.74991091377,1.1795751051724
"E1","A_o",9961.66649157629,9.96166649157629,"3HW","25",-1.69,2.6,8.04754093235797,8047.54093235797,2649.25047493224,1.73153625812565
"E1","A_o",10651.0959260457,10.6510959260457,"3HW","25",-1.69,2.6,9.57690478747386,9576.90478747386,3152.7170560364,2.06059938303032
"E1","A_o",10601.9453192411,10.6019453192411,"3HW","25",-1.69,2.6,9.46242512335426,9462.42512335426,3115.03035060822,2.03596754941714
"E1","A_o",9872.76616313843,9.87276616313843,"3HW","25",-1.69,2.6,7.86214433114914,7862.14433114914,2588.2179138143,1.69164569530346
"E1","A_o",10062.9900350134,10.0629900350134,"3HW","25",-1.69,2.6,8.26209740675568,8262.09740675568,2719.88246630397,1.77770095836861
"E1","A_o",11045.1932806041,11.0451932806041,"3HW","25",-1.69,2.6,10.5256913796201,10525.6913796201,3465.05760217094,2.26474353083068
"E1","A_o",9316.84689951872,9.31684689951872,"3HW","25",-1.69,2.6,6.76237566681117,6762.37566681117,2226.17406951424,1.45501573170865
"E1","A_o",7676.39360837165,7.67639360837165,"3HW","25",-1.69,2.6,4.0870392774473,4087.0392774473,1345.45333013565,0.87938126152657
"E1","A_o",10095.2488266603,10.0952488266603,"3HW","25",-1.69,2.6,8.33113692743826,8331.13692743826,2742.61027651267,1.79255573628279
"E1","A_o",8437.97067013051,8.43797067013051,"3HW","25",-1.69,2.6,5.22659477324454,5226.59477324454,1720.5949993521,1.12457189500137
"E1","A_o",8920.9157044731,8.9209157044731,"3HW","25",-1.69,2.6,6.04038377995276,6040.38377995276,1988.49434036045,1.29966950350356
"E1","A_o",7572.70543621518,7.57270543621518,"3HW","25",-1.69,2.6,3.94505231031721,3945.05231031721,1298.71122055643,0.848830863108775
"E1","A_o",9395.93036298874,9.39593036298874,"3HW","25",-1.69,2.6,6.91263223801724,6912.63223801724,2275.63853275527,1.48734544624528
"E1","A_o",11396.7249354974,11.3967249354974,"3HW","25",-1.69,2.6,11.4190026299331,11419.0026299331,3759.13566577399,2.45695141553855
"E1","A_o",9246.79897640478,9.24679897640478,"3HW","25",-1.69,2.6,6.63097945405232,6630.97945405232,2182.91843627402,1.42674407599609
"E1","A_o",7848.43661838878,7.84843661838878,"3HW","25",-1.69,2.6,4.32948464808792,4329.48464808792,1425.26634615054,0.931546631470943
"E1","A_o",10239.5508440596,10.2395508440596,"3HW","25",-1.69,2.6,8.64431049099633,8644.31049099633,2845.70701363599,1.85993922459869
"E1","A_o",9149.59538743032,9.14959538743032,"3HW","25",-1.69,2.6,6.45126544487069,6451.26544487069,2123.75658445143,1.38807619898786
"E1","A_o",8639.21245498603,8.63921245498603,"3HW","25",-1.69,2.6,5.55690281086223,5556.90281086223,1829.33240533584,1.19564209499075
"E1","A_o",9090.44304702505,9.09044304702505,"3HW","25",-1.69,2.6,6.34338587237373,6343.38587237373,2088.24262918543,1.36486446351989
"E1","A_o",12310.1402056172,12.3101402056172,"3HW","25",-1.69,2.6,13.9535206122734,13953.5206122734,4593.49898556041,3.00228691866694
"E1","A_o",9400.7649010566,9.4007649010566,"3HW","25",-1.69,2.6,6.92188370801492,6921.88370801492,2278.68411667851,1.48933602397288
"E1","A_o",9608.60354930914,9.60860354930914,"3HW","25",-1.69,2.6,7.32684011284087,7326.84011284087,2411.99576514721,1.57646782035766
"E1","A_o",8571.93617056948,8.57193617056948,"3HW","25",-1.69,2.6,5.44509190077378,5445.09190077378,1792.52425373473,1.17158447956518
"E1","A_o",7764.31550673521,7.76431550673521,"3HW","25",-1.69,2.6,4.2098658267185,4209.8658267185,1385.88783015573,0.905809039317471
"E1","A_o",9328.31048458841,9.32831048458841,"3HW","25",-1.69,2.6,6.78403033458169,6784.03033458169,2233.30278614429,1.45967502362372
"E1","A_o",7348.30461720546,7.34830461720546,"3HW","25",-1.69,2.6,3.64826681932188,3648.26681932188,1201.00943692076,0.784973488183506
"E1","A_o",8142.24294358703,8.14224294358703,"3HW","25",-1.69,2.6,4.7635918857307,4763.5918857307,1568.17444878255,1.02495062011931
"E1","A_o",7760.37497855631,7.76037497855631,"3HW","25",-1.69,2.6,4.20431296935858,4204.31296935858,1384.05982951284,0.904614267655454
"E1","A_o",6578.06556112635,6.57806556112635,"3HW","25",-1.69,2.6,2.73561712532445,2735.61712532445,900.565157656809,0.588604678207065
"E1","A_o",8602.45144906396,8.60245144906396,"3HW","25",-1.69,2.6,5.49563395961229,5495.63395961229,1809.16269950437,1.18245928072181
"E1","A_o",8022.24896857172,8.02224896857172,"3HW","25",-1.69,2.6,4.5832120788585,4583.2120788585,1508.79341636022,0.986139487817135
"E1","A_o",7632.1053499739,7.6321053499739,"3HW","25",-1.69,2.6,4.02601442848711,4026.01442848711,1325.36394985796,0.86625094761958
"E1","A_o",7024.0913114854,7.0240913114854,"3HW","25",-1.69,2.6,3.24439995354392,3244.39995354392,1068.05646470666,0.698076120723306
"E1","A_o",6331.46879100984,6.33146879100984,"3HW","25",-1.69,2.6,2.47691796619445,2476.91796619444,815.401394471211,0.53294208788968
"E1","A_o",8268.98206090176,8.26898206090176,"3HW","25",-1.69,2.6,4.95878557701655,4958.78557701655,1632.43221195385,1.06694915813977
"E1","A_o",7043.51875654788,7.04351875654788,"3HW","25",-1.69,2.6,3.26778260154591,3267.78260154591,1075.75403242891,0.703107210737852
"E1","A_o",7193.41393385859,7.19341393385859,"3HW","25",-1.69,2.6,3.45168483711025,3451.68483711025,1136.29464837669,0.742676240769081
"E1","A_o",6079.65256747228,6.07965256747228,"3HW","25",-1.69,2.6,2.22887021047691,2228.87021047691,733.744073288998,0.479571289731371
"E1","A_o",6809.84670236746,6.80984670236746,"3HW","25",-1.69,2.6,2.99334705248348,2993.34705248348,985.409849677563,0.644058725279453
"E1","A_o",5359.60784818675,5.35960784818675,"3HW","25",-1.69,2.6,1.60600109637981,1606.00109637981,528.695560928233,0.345552654201459
"E1","A_o",6019.6780588477,6.0196780588477,"3HW","25",-1.69,2.6,2.17215338539356,2172.15338539356,715.072894471561,0.467367904883373
"E1","A_o",6014.564,6.014564,"3HW","25",-1.69,2.6,2.16735868938985,2167.35868938985,713.494480547138,0.466336261795515
"E1","A_o",3701.632,3.701632,"3HW","25",-1.69,2.6,0.613511102443443,613.511102443443,201.967854924381,0.132005133937504
"E1","A_o",5344.717,5.344717,"3HW","25",-1.69,2.6,1.5944255959913,1594.4255959913,524.884906200335,0.343062030196297
"E1","A_o",2796.37,2.79637,"3HW","25",-1.69,2.6,0.295900738557239,295.900738557239,97.4105231330431,0.0636670085836883
"E1","A_o",5107.714,5.107714,"3HW","25",-1.69,2.6,1.4170627627727,1417.0627627727,466.497061504772,0.304900040199197
"E1","A_o",4910.903,4.910903,"3HW","25",-1.69,2.6,1.27943882595807,1279.43882595807,421.191261505397,0.275288406212678
"E1","A_o",6793.754,6.793754,"3HW","25",-1.69,2.6,2.97499009793122,2974.99009793122,979.366740238958,0.640108980548339
"E1","A_o",8628.086,8.628086,"3HW","25",-1.69,2.6,5.53831444413744,5538.31444413744,1823.21311501004,1.19164255883009
"E1","A_o",5567.079,5.567079,"3HW","25",-1.69,2.6,1.77268348641648,1772.68348641648,583.567403728305,0.38141660374399
"E1","A_o",4339.011,4.339011,"3HW","25",-1.69,2.6,0.9272908041138,927.2908041138,305.264132714263,0.199519040989714
"E1","A_o",5086.383,5.086383,"3HW","25",-1.69,2.6,1.40172737035557,1401.72737035557,461.448650321054,0.301600425046441
"E1","A_o",5127.634,5.127634,"3HW","25",-1.69,2.6,1.43147658406722,1431.47658406722,471.242091474929,0.308001366977078
"E1","A_o",4053.623,4.053623,"3HW","25",-1.69,2.6,0.776949379476229,776.949379476229,255.771735723574,0.167171069100375
"E1","A_o",4072.239,4.072239,"3HW","25",-1.69,2.6,0.786260526792835,786.260526792835,258.836965420201,0.169174487202746
"E1","A_o",5207.922,5.207922,"3HW","25",-1.69,2.6,1.49048505196463,1490.48505196463,490.667679106756,0.32069782948154
"E1","A_o",8491.867,8.491867,"3HW","25",-1.69,2.6,5.31383759862758,5313.83759862758,1749.3153374682,1.14334335782235
"E1","A_o",5844.625,5.844625,"3HW","25",-1.69,2.6,2.01171888854396,2011.71888854396,662.257858108673,0.432848273273643
"E1","A_o",4561.514,4.561514,"3HW","25",-1.69,2.6,1.05604744826928,1056.04744826928,347.650819970246,0.227222758150487
"E1","A_o",6233.015,6.233015,"3HW","25",-1.69,2.6,2.37801860062821,2378.01860062821,782.843723326807,0.511662564265887
"E1","A_o",4400.785,4.400785,"3HW","25",-1.69,2.6,0.962007359156906,962.007359156906,316.692822634453,0.206988772963695
"E1","A_o",8778.446,8.778446,"3HW","25",-1.69,2.6,5.79276444777315,5792.76444777315,1906.97805620692,1.24639088640975
"E1","A_o",8796.688,8.796688,"3HW","25",-1.69,2.6,5.8241143155215,5824.1143155215,1917.29843266968,1.25313623050306
"E1","A_o",6175.757,6.175757,"3HW","25",-1.69,2.6,2.3216380781167,2321.6380781167,764.283255316019,0.499531539422234
"E1","A_o",4622.248,4.622248,"3HW","25",-1.69,2.6,1.09299564705509,1092.99564705509,359.814167010537,0.235172658176822
"E1","A_o",6841.416,6.841416,"3HW","25",-1.69,2.6,3.02956027430565,3029.56027430565,997.33124230142,0.651850485164327
"E1","A_o",5630.964,5.630964,"3HW","25",-1.69,2.6,1.82606045740125,1826.06045740125,601.139102576491,0.392901374233
"E1","A_o",4566.13,4.56613,"3HW","25",-1.69,2.6,1.05882821834938,1058.82821834938,348.566249480615,0.227821078091905
"E1","A_o",5114.912,5.114912,"3HW","25",-1.69,2.6,1.42226077368865,1422.26077368865,468.208246698305,0.306018461894317
"E1","A_o",5064.336,5.064336,"3HW","25",-1.69,2.6,1.38598500187949,1385.98500187949,456.266262618727,0.298213243541651
"E1","A_o",3539.211,3.539211,"3HW","25",-1.69,2.6,0.545954918937184,545.954918937183,179.728359314121,0.117469515891582
"E2","A_o",9682.26872625455,9.68226872625455,"3HW","25",-1.69,2.6,7.47378402208784,7473.78402208784,2460.36970007132,1.60808477128844
"E2","I_o",1975.054,1.975054,"3HW","25",-1.77,2.51,0.0937353111172622,93.7353111172622,31.0826291664841,0.0203154438996628
"E2","G_h",1062.276,1.062276,"3HW","25",0.19,2.34,1.784002443177,1784.002443177,132.639868049233,0.086692724215185
"E2","A_o",8076.885461751,8.076885461751,"3HW","25",-1.69,2.6,4.66481261546772,4664.81261546772,1535.65631301197,1.00369693660913
"E2","I_o",2594.026,2.594026,"3HW","25",-1.77,2.51,0.185812768898737,185.812768898737,61.6155141668211,0.0402715778868112
"E2","G_h",1022.052,1.022052,"3HW","25",0.19,2.34,1.62992192691622,1629.92192691622,121.18404329745,0.0792052570571569
"E2","A_o",8668.22491202788,8.66822491202788,"3HW","25",-1.69,2.6,5.60555277118447,5605.55277118448,1845.34797227393,1.20610978579995
"E2","I_o",6135.077,6.135077,"3HW","25",-1.77,2.51,1.61223462781092,1612.23462781092,534.617002582102,0.349422877504642
"E2","G_h",3266.137,3.266137,"3HW","25",0.19,2.34,24.7081648470436,24708.1648470436,1837.04217311176,1.20068115889657
"E2","A_o",8465.6464384519,8.4656464384519,"3HW","25",-1.69,2.6,5.27128295270149,5271.28295270149,1735.30634802933,1.13418715557473
"E2","I_o",2404.127,2.404127,"3HW","25",-1.77,2.51,0.153533478244999,153.533478244999,50.9117013860417,0.0332756218209423
"E2","G_h",4200.14,4.20014,"3HW","25",0.19,2.34,44.5079113067918,44507.9113067918,3309.14540249545,2.16284013234996
"E2","A_o",10908.0591491507,10.9080591491507,"3HW","25",-1.69,2.6,10.1892791150786,10189.2791150786,3354.31068468387,2.19235992462998
"E2","I_o",2755.52,2.75552,"3HW","25",-1.77,2.51,0.216227513679863,216.227513679863,71.7010435362426,0.046863427147871
"E2","G_h",4371.09,4.37109,"3HW","25",0.19,2.34,48.8629869861334,48862.9869861335,3632.94353722423,2.37447290014655
"E2","A_o",7186.57918493121,7.18657918493121,"3HW","25",-1.69,2.6,3.4431644010589,3443.1644010589,1133.48972082859,0.740842954789927
"E2","I_o",2225.648,2.225648,"3HW","25",-1.77,2.51,0.12650735115864,126.50735115864,41.9498376442051,0.0274181945386962
"E2","G_h",3036.313,3.036313,"3HW","25",0.19,2.34,20.8300782444702,20830.0782444702,1548.70798544506,1.01222744146736
"E2","A_o",7990.97670446695,7.99097670446695,"3HW","25",-1.69,2.6,4.53690460781922,4536.90460781922,1493.54899689409,0.976175814963456
"E2","I_o",3076.323,3.076323,"3HW","25",-1.77,2.51,0.285075667916386,285.075667916386,94.5310914810737,0.0617850271118129
"E2","G_h",2756.674,2.756674,"3HW","25",0.19,2.34,16.6150579270236,16615.0579270236,1235.32291085103,0.807400595327473
"E2","A_o",11028.5274333403,11.0285274333403,"3HW","25",-1.69,2.6,10.4844480554918,10484.4480554918,3451.48029986791,2.25586947703785
"E2","I_o",2689.265,2.689265,"3HW","25",-1.77,2.51,0.203413763563943,203.413763563943,67.4520039978036,0.0440862771227475
"E2","G_h",2666.202,2.666202,"3HW","25",0.19,2.34,15.3670228371339,15367.0228371339,1142.53200113177,0.746752941916191
"E2","A_o",13981.7128450894,13.9817128450894,"3HW","25",-1.69,2.6,19.4292923822515,19429.2923822515,6396.12305223719,4.18047258316156
"E2","I_o",2468.63,2.46863,"3HW","25",-1.77,2.51,0.164083369623302,164.083369623302,54.4100453670868,0.0355621211549587
"E2","G_h",2063.778,2.063778,"3HW","25",0.19,2.34,8.43939607974508,8439.39607974508,627.465722770615,0.41010831553635
"E2","A_o",14142.5031296729,14.1425031296729,"3HW","25",-1.69,2.6,20.0155872722421,20015.5872722421,6589.13133002211,4.30662178432818
"E2","I_o",2513.573,2.513573,"3HW","25",-1.77,2.51,0.17168473074335,171.68473074335,56.9306567144947,0.0372095795519573
"E2","G_h",3238.327,3.238327,"3HW","25",0.19,2.34,24.2186783857464,24218.6783857464,1800.64905050889,1.17689480425418
"E2","A_o",13547.0518895502,13.5470518895502,"3HW","25",-1.69,2.6,17.8976687198212,17897.6687198212,5891.91254256515,3.85092323043474
"E2","I_o",2639.756,2.639756,"3HW","25",-1.77,2.51,0.194144504604262,194.144504604262,64.3783177267734,0.0420773318475643
"E2","G_h",2120.756,2.120756,"3HW","25",0.19,2.34,8.99473241953075,8994.73241953074,668.754757499143,0.437094612744538
"E2","A_o",9663.2246198348,9.6632246198348,"3HW","25",-1.69,2.6,7.4356235519002,7435.6235519002,2447.80727328555,1.59987403482715
"E2","I_o",2313.651,2.313651,"3HW","25",-1.77,2.51,0.139440072774247,139.440072774247,46.2383281319405,0.0302211294980003
"E2","G_h",3120.293,3.120293,"3HW","25",0.19,2.34,22.2032823513457,22203.2823513457,1650.80516150961,1.07895762190171
"E2","A_o",7950.94905840955,7.95094905840955,"3HW","25",-1.69,2.6,4.47805398061369,4478.05398061369,1474.17537041803,0.96351331399871
"E2","I_o",5283.097,5.283097,"3HW","25",-1.77,2.51,1.10777190716338,1107.77190716338,367.337164415378,0.240089649944692
"E2","G_h",3737.661,3.737661,"3HW","25",0.19,2.34,33.8753496898836,33875.3496898836,2518.61869930297,1.64615601261632
"E2","A_o",10177.7185167221,10.1777185167221,"3HW","25",-1.69,2.6,8.50924704096956,8509.24704096956,2801.24412588718,1.83087851365175
"E2","I_o",2230.385,2.230385,"3HW","25",-1.77,2.51,0.127184265877281,127.184265877281,42.1743025649063,0.0275649036371937
"E2","G_h",4359.833,4.359833,"3HW","25",0.19,2.34,48.5690332421748,48569.0332421748,3611.0881939424,2.36018836205386
"E2","A_o",9291.30677477294,9.29130677477294,"3HW","25",-1.69,2.6,6.71428356538549,6714.28356538549,2210.3421497249,1.44466807171562
"E2","I_o",2567.28,2.56728,"3HW","25",-1.77,2.51,0.181041369481147,181.041369481147,60.0333181199483,0.0392374628234956
"E2","G_h",1690.285,1.690285,"3HW","25",0.19,2.34,5.28964167611185,5289.64167611185,393.282742762246,0.25704754428905
"E2","A_o",8328.52523043172,8.32852523043172,"3HW","25",-1.69,2.6,5.05215975401038,5052.15975401038,1663.17099102022,1.08703986341191
"E2","I_o",5100.639,5.100639,"3HW","25",-1.77,2.51,1.01423294609182,1014.23294609182,336.319644924049,0.219816761388267
"E2","G_h",1419.456,1.419456,"3HW","25",0.19,2.34,3.51532374471553,3515.32374471553,261.362914290102,0.170825434176537
"E2","A_o",7996.60097218619,7.99660097218619,"3HW","25",-1.69,2.6,4.545211596464,4545.211596464,1496.28365755595,0.977963174873169
"E2","I_o",2834.326,2.834326,"3HW","25",-1.77,2.51,0.232086030040964,232.086030040964,76.9597275615836,0.0503004755304468
"E2","G_h",505.299,0.505299,"3HW","25",0.19,2.34,0.313547503118438,313.547503118438,23.3121314378546,0.0152366872142841
"E2","A_o",11330.1244053479,11.3301244053479,"3HW","25",-1.69,2.6,11.2463129396447,11246.3129396447,3702.28621973102,2.41979491485688
"E2","I_o",6360.024,6.360024,"3HW","25",-1.77,2.51,1.7647430238528,1764.7430238528,585.188786709589,0.382476331182738
"E2","G_h",1673.179,1.673179,"3HW","25",0.19,2.34,5.16522480537066,5165.22480537066,384.032398189386,0.251001567444043
"E2","A_o",9133.67496378613,9.13367496378613,"3HW","25",-1.69,2.6,6.4221202987113,6422.1202987113,2114.16200233576,1.38180523028481
"E2","I_o",5682.049,5.682049,"3HW","25",-1.77,2.51,1.32986478582054,1329.86478582054,440.983162978091,0.288224289528164
"E2","G_h",798.071,0.798071,"3HW","25",0.19,2.34,0.913644364754096,913.644364754096,67.9290930617211,0.0443981000403406
"E2","A_o",11753.7425943467,11.7537425943467,"3HW","25",-1.69,2.6,12.3725169157494,12372.5169157494,4073.03256866469,2.66211278997692
"E2","I_o",2573.935,2.573935,"3HW","25",-1.77,2.51,0.18222162458689,182.22162458689,60.4246907130127,0.0394932619039298
"E2","G_h",972.67,0.97267,"3HW","25",0.19,2.34,1.4515744640281,1451.5744640281,107.923980770704,0.0705385495233359
"E2","A_o",10542.627184147,10.542627184147,"3HW","25",-1.69,2.6,9.32539007887621,9325.39007887621,3069.91841396605,2.00648262350722
"E2","I_o",3642.854,3.642854,"3HW","25",-1.77,2.51,0.435731374392948,435.731374392948,144.488523748702,0.0944369436266023
"E2","G_h",2861.611,2.861611,"3HW","25",0.19,2.34,18.1329638595198,18132.9638595198,1348.17860976976,0.881162490045593
"E2","A_o",8092.6362703568,8.0926362703568,"3HW","25",-1.69,2.6,4.68850145325763,4688.50145325763,1543.45467841241,1.00879390745909
"E2","I_o",2388.127,2.388127,"3HW","25",-1.77,2.51,0.150981633941215,150.981633941215,50.0655098149069,0.0327225554345797
"E2","G_h",2314.506,2.314506,"3HW","25",0.19,2.34,11.0365274461714,11036.5274461714,820.561401011869,0.536314641184228
"E2","A_o",7178.3029648407,7.1783029648407,"3HW","25",-1.69,2.6,3.43286431822941,3432.86431822941,1130.09893356112,0.738626753961518
"E2","I_o",4639.408,4.639408,"3HW","25",-1.77,2.51,0.799504740694252,799.504740694252,265.115772014214,0.173278282362231
"E2","G_h",3030.611,3.030611,"3HW","25",0.19,2.34,20.7386583388742,20738.6583388742,1541.91095203196,1.0077849359686
"E2","A_o",9441.71285891968,9.44171285891968,"3HW","25",-1.69,2.6,7.00054820119422,7000.54820119422,2304.58046783314,1.50626174368179
"E2","I_o",5362.746,5.362746,"3HW","25",-1.77,2.51,1.15016975013303,1150.16975013303,381.396289144112,0.249278620355628
"E2","G_h",3420.401,3.420401,"3HW","25",0.19,2.34,27.5258182454077,27525.8182454077,2046.53357621877,1.33760364458743
"E2","A_o",8801.23198168489,8.80123198168489,"3HW","25",-1.69,2.6,5.83193959889751,5831.93959889751,1919.87451595706,1.25481994506997
"E2","I_o",4489.553,4.489553,"3HW","25",-1.77,2.51,0.73625759550388,736.25759550388,244.143018669087,0.159570600437311
"E2","G_h",3252.468,3.252468,"3HW","25",0.19,2.34,24.4668745803728,24466.8745803728,1819.10233830088,1.18895577666724
"E2","A_o",10221.9001192783,10.2219001192783,"3HW","25",-1.69,2.6,8.60562160424305,8605.62160424305,2832.97063211681,1.85161479223321
"E2","I_o",4741.173,4.741173,"3HW","25",-1.77,2.51,0.844254461422963,844.254461422963,279.954779407854,0.182976980005134
"E2","G_h",3407.647,3.407647,"3HW","25",0.19,2.34,27.2862442980277,27286.2442980277,2028.72134906064,1.32596166605271
"E2","A_o",8632.90531578936,8.63290531578936,"3HW","25",-1.69,2.6,5.54636110910854,5546.36110910854,1825.86207711853,1.19337390661342
"E2","I_o",2155.963,2.155963,"3HW","25",-1.77,2.51,0.116799147085963,116.799147085963,38.7305971737052,0.0253141157998074
"E2","G_h",4690.676,4.690676,"3HW","25",0.19,2.34,57.6356134460534,57635.6134460534,4285.18480546869,2.80077438265928
"E2","A_o",13536.5738069871,13.5365738069871,"3HW","25",-1.69,2.6,17.8616989162268,17861.6989162268,5880.07128322188,3.84318384524306
"E2","I_o",2708.038,2.708038,"3HW","25",-1.77,2.51,0.206996705333798,206.996705333798,68.6401074886874,0.0448628153520833
"E2","G_h",7368.003,7.368003,"3HW","25",0.19,2.34,165.805341712106,165805.341712106,12327.5608341584,8.05722930337151
"E2","A_o",17041.6560005457,17.0416560005457,"3HW","25",-1.69,2.6,32.5035401906217,32503.5401906217,10700.1654307527,6.99357217696252
"E2","I_o",2693.31,2.69331,"3HW","25",-1.77,2.51,0.204182596573365,204.182596573365,67.7069490237277,0.0442529078586456
"E2","G_h",2982.078,2.982078,"3HW","25",0.19,2.34,19.9698341084149,19969.8341084149,1484.749178027,0.970424299364055
"E2","A_o",10702.879056826,10.702879056826,"3HW","25",-1.69,2.6,9.69843381843795,9698.43381843795,3192.72441302977,2.0867479823724
"E2","I_o",3476.62,3.47662,"3HW","25",-1.77,2.51,0.387529379330413,387.529379330413,128.504742185965,0.0839900275725262
"E2","G_h",2824.067,2.824067,"3HW","25",0.19,2.34,17.5811585546707,17581.1585546707,1307.15210607634,0.854347781749244
"E2","A_o",12829.5962854599,12.8295962854599,"3HW","25",-1.69,2.6,15.5365209567317,15536.5209567317,5114.62269895606,3.34289065291246
"E2","I_o",4276.653,4.276653,"3HW","25",-1.77,2.51,0.651735045318119,651.735045318119,216.115341027488,0.141251856880711
"E2","G_h",2015.122,2.015122,"3HW","25",0.19,2.34,7.98114398762412,7981.14398762412,593.394863022258,0.38783977975311
"E2","A_o",11025.4647463632,11.0254647463632,"3HW","25",-1.69,2.6,10.4768795955946,10476.8795955946,3448.98876286974,2.25424102148349
"E2","I_o",5389.774,5.389774,"3HW","25",-1.77,2.51,1.16477514092034,1164.77514092034,386.239436729183,0.252444076293584
"E2","G_h",969.788,0.969788,"3HW","25",0.19,2.34,1.4415301355678,1441.5301355678,107.177188967412,0.0700504503054979
"E2","A_o",9070.43755286006,9.07043755286006,"3HW","25",-1.69,2.6,6.30715375056016,6307.15375056016,2076.3150146844,1.35706863704863
"E2","I_o",2015.536,2.015536,"3HW","25",-1.77,2.51,0.098632559830632,98.632559830632,32.7065568398376,0.0213768345358415
"E2","G_h",683.782,0.683782,"3HW","25",0.19,2.34,0.636366536587962,636.366536587962,47.3135974487003,0.0309239199011113
"E2","A_o",11219.4400349169,11.2194400349169,"3HW","25",-1.69,2.6,10.9628904031701,10962.8904031701,3608.98352072361,2.35881275864288
"E2","I_o",2313.889,2.313889,"3HW","25",-1.77,2.51,0.139476078714725,139.476078714725,46.2502677018029,0.0302289331384332
"E2","G_h",1135.22,1.13522,"3HW","25",0.19,2.34,2.08394992477266,2083.94992477266,154.940843326877,0.101268525050247
"E2","A_o",10206.1558540542,10.2061558540542,"3HW","25",-1.69,2.6,8.57120158918307,8571.20158918307,2821.63956315907,1.84420886480985
"E2","I_o",2647.319,2.647319,"3HW","25",-1.77,2.51,0.195543666611813,195.543666611813,64.8422798484772,0.0423805750643642
"E2","G_h",1143.277,1.143277,"3HW","25",0.19,2.34,2.11872422321962,2118.72422321962,157.526298506689,0.102958365037052
"E2","A_o",12607.0154520794,12.6070154520794,"3HW","25",-1.69,2.6,14.8454012809752,14845.4012809752,4887.10610169705,3.19418699457323
"E2","I_o",5091.073,5.091073,"3HW","25",-1.77,2.51,1.00946532163171,1009.46532163171,334.738700653075,0.218783464479134
"E2","G_h",1800.248,1.800248,"3HW","25",0.19,2.34,6.13024269998811,6130.24269998811,455.781092647036,0.297896138984991
"E2","A_o",9929.41859837385,9.92941859837385,"3HW","25",-1.69,2.6,7.97998236291889,7979.98236291889,2627.0101938729,1.71700012671431
"E2","I_o",5914.941,5.914941,"3HW","25",-1.77,2.51,1.47094199352126,1470.94199352126,487.764365051651,0.31880023859585
"E2","G_h",1857.536,1.857536,"3HW","25",0.19,2.34,6.5964935194247,6596.4935194247,490.446654571818,0.320553369001189
"E2","A_o",13914.2041584277,13.9142041584277,"3HW","25",-1.69,2.6,19.1863236158997,19186.3236158997,6316.13773435417,4.1281945976171
"E2","I_o",5446.151,5.446151,"3HW","25",-1.77,2.51,1.19559776037681,1195.59776037681,396.460217340951,0.259124325059445
"E2","G_h",5494.403,5.494403,"3HW","25",0.19,2.34,83.4476277048023,83447.6277048023,6204.29774080097,4.05509656261501
"E2","A_o",13180.6362636014,13.1806362636014,"3HW","25",-1.69,2.6,16.6661227333192,16666.1227333192,5486.48760380867,3.58593961033246
"E2","I_o",5379.308,5.379308,"3HW","25",-1.77,2.51,1.15910636847855,1159.10636847855,384.359671787486,0.251215471756527
"E2","G_h",5823.903,5.823903,"3HW","25",0.19,2.34,95.6315227536146,95631.5227536146,7110.16546412214,4.64716697001447
"E2","A_o",11679.2220596987,11.6792220596987,"3HW","25",-1.69,2.6,12.1695965671851,12169.5965671851,4006.23118991733,2.6184517581159
"E2","I_o",2497.629,2.497629,"3HW","25",-1.77,2.51,0.168964357083315,168.964357083315,56.0285808088272,0.0366199874567498
"E2","G_h",6537.25,6.53725,"3HW","25",0.19,2.34,125.321192663745,125321.192663745,9317.58054607237,6.08992192553749
"E2","A_o",11297.2563329608,11.2972563329608,"3HW","25",-1.69,2.6,11.1616848394486,11161.6848394486,3674.42664914647,2.40158604519377
"E2","I_o",2720.647,2.720647,"3HW","25",-1.77,2.51,0.209424367686533,209.424367686533,69.4451203248543,0.0453889675325845
"E2","G_h",5725.423,5.725423,"3HW","25",0.19,2.34,91.890313509235,91890.313509235,6832.00805328622,4.46536474070995
"E2","A_o",15052.1162811659,15.0521162811659,"3HW","25",-1.69,2.6,23.537138788099,23537.138788099,7748.42608904218,5.06433077715175
"E2","I_o",4715.109,4.715109,"3HW","25",-1.77,2.51,0.8326533994944,832.6533994944,276.107867272343,0.180462658347937
"E2","G_h",2786.64,2.78664,"3HW","25",0.19,2.34,17.040770527689,17040.770527689,1266.97447242546,0.828087890474158
"E2","A_o",11465.3428040069,11.4653428040069,"3HW","25",-1.69,2.6,11.5986198687077,11598.6198687077,3818.26566077858,2.49559847109711
"E2","I_o",11094.429,11.094429,"3HW","25",-1.77,2.51,7.13203453604668,7132.03453604668,2364.98265215308,1.54574029552489
"E2","G_h",2945.803,2.945803,"3HW","25",0.19,2.34,19.4060282060578,19406.0282060578,1442.83043470911,0.943026427914454
"E2","A_o",11402.4551742065,11.4024551742064,"3HW","25",-1.69,2.6,11.4339363786883,11433.9363786883,3764.05185586418,2.46016461167594
"E2","I_o",9473.704,9.473704,"3HW","25",-1.77,2.51,4.79804952576498,4798.04952576498,1591.03322274367,1.0398909952573
"E2","G_h",3737.496,3.737496,"3HW","25",0.19,2.34,33.8718504732165,33871.8504732165,2518.35853394346,1.64598596989768
"E2","A_o",10724.9330129476,10.7249330129476,"3HW","25",-1.69,2.6,9.75047851259692,9750.47851259692,3209.85752634691,2.09794609565157
"E2","I_o",8075.816,8.075816,"3HW","25",-1.77,2.51,3.21394101990854,3213.94101990854,1065.74284220167,0.69656394915142
"E2","G_h",4589.196,4.589196,"3HW","25",0.19,2.34,54.7600276714854,54760.0276714854,4071.38615336387,2.66103670154502
"E2","A_o",11126.5182834652,11.1265182834652,"3HW","25",-1.69,2.6,10.72837988921,10728.37988921,3531.78265952794,2.30835467943003
"E2","I_o",12805.505,12.805505,"3HW","25",-1.77,2.51,10.2227029717308,10222.7029717308,3389.84830542593,2.21558712772936
"E2","G_h",3862.265,3.862265,"3HW","25",0.19,2.34,36.5771986004234,36577.1986004234,2719.50008506204,1.77745103598826
"E2","A_o",11740.1607436295,11.7401607436295,"3HW","25",-1.69,2.6,12.3353794200139,12335.3794200139,4060.80690506858,2.65412216017554
"E2","I_o",15181.103,15.181103,"3HW","25",-1.77,2.51,15.670084933992,15670.084933992,5196.20016411173,3.39620925758937
"E2","G_h",5407.777,5.407777,"3HW","25",0.19,2.34,80.4014594149929,80401.4594149929,5977.81634692096,3.90706950779148
"E2","A_o",13147.7051896147,13.1477051896147,"3HW","25",-1.69,2.6,16.5580766667387,16558.0766667387,5450.91883869037,3.56269205143161
"E2","I_o",11467.292,11.467292,"3HW","25",-1.77,2.51,7.7490200969009,7749.0200969009,2569.57506413234,1.67946082623029
"E2","G_h",2032.489,2.032489,"3HW","25",0.19,2.34,8.14302929084843,8143.02929084843,605.430970562864,0.395706516707754
"E2","A_o",7662.16758209818,7.66216758209818,"3HW","25",-1.69,2.6,4.06737561464234,4067.37561464234,1338.98005234026,0.875150361006704
"E2","I_o",11123.443,11.123443,"3HW","25",-1.77,2.51,7.17894252832888,7178.94252832888,2380.53734239386,1.55590675973455
"E2","G_h",2130.366,2.130366,"3HW","25",0.19,2.34,9.09039762341375,9090.39762341375,675.867427141763,0.441743416432525
"E2","A_o",11403.1199892889,11.4031199892889,"3HW","25",-1.69,2.6,11.4356697510445,11435.6697510445,3764.62248204386,2.4605375699633
"E2","I_o",13433.671,13.433671,"3HW","25",-1.77,2.51,11.5283915088296,11528.3915088296,3822.8146243279,2.49857164988752
"E2","G_h",1547.793,1.547793,"3HW","25",0.19,2.34,4.30455374866987,4304.55374866987,320.041849392105,0.209177679341245
"E2","A_o",11122.3880340831,11.1223880340831,"3HW","25",-1.69,2.6,10.7180285748005,10718.0285748005,3528.37500682432,2.30612745544073
"E2","I_o",21553.558,21.553558,"3HW","25",-1.77,2.51,37.768750818479,37768.750818479,12524.1177714076,8.1856978898089
"E2","G_h",1999.48,1.99948,"3HW","25",0.19,2.34,7.83692933411077,7836.92933411077,582.672561219402,0.380831739359086
"E2","A_o",9033.05699063685,9.03305699063685,"3HW","25",-1.69,2.6,6.23979541532835,6239.79541532835,2054.14065072609,1.34257558870986
"E2","I_o",22926.89,22.92689,"3HW","25",-1.77,2.51,44.1028159301863,44102.8159301863,14624.4937624498,9.55849265519593
"E2","G_h",2621.877,2.621877,"3HW","25",0.19,2.34,14.775861589855,14775.861589855,1098.57939886108,0.718025750889597
"E2","A_o",8805.01817895709,8.80501817895709,"3HW","25",-1.69,2.6,5.83846482531322,5838.46482531322,1922.02262049311,1.25622393496282
"E2","G_h",3782.05,3.78205,"3HW","25",0.19,2.34,34.8242524602867,34824.2524602867,2589.16924072133,1.69226747759564
"E2","A_o",11296.9197901527,11.2969197901527,"3HW","25",-1.69,2.6,11.1608203492282,11160.8203492282,3674.14205896593,2.40140003853983
"E2","G_h",4354.155,4.354155,"3HW","25",0.19,2.34,48.4211490380177,48421.1490380177,3600.093062517,2.3530020016451
"E2","A_o",13092.1006455345,13.0921006455345,"3HW","25",-1.69,2.6,16.3766199959814,16376.6199959814,5391.18330267709,3.523649217436
"E2","G_h",3873.725,3.873725,"3HW","25",0.19,2.34,36.8316657111673,36831.6657111673,2738.41961295901,1.78981674049608
"E2","A_o",11153.6279223869,11.1536279223869,"3HW","25",-1.69,2.6,10.7964753321576,10796.4753321576,3554.1996793463,2.32300632637013
"E2","G_h",3387.98,3.38798,"3HW","25",0.19,2.34,26.9191635300016,26919.1635300016,2001.42904079021,1.30812355607203
"E2","A_o",8105.0396022926,8.1050396022926,"3HW","25",-1.69,2.6,4.70720776159992,4707.20776159992,1549.61279511869,1.01281882033902
"E2","G_h",4026.465,4.026465,"3HW","25",0.19,2.34,40.3201363723322,40320.1363723322,2997.78601122835,1.95933726224075
"E2","A_o",9682.49623952727,9.68249623952726,"3HW","25",-1.69,2.6,7.47424063865108,7474.24063865108,2460.52001824394,1.60818301846009
"E2","G_h",3265.023,3.265023,"3HW","25",0.19,2.34,24.6884493428427,24688.4493428427,1835.57633326062,1.19972309363439
"E2","A_o",7503.02634995575,7.50302634995575,"3HW","25",-1.69,2.6,3.85136630318831,3851.36630318831,1267.86978700959,0.828673063404962
"E2","G_h",4407.176,4.407176,"3HW","25",0.19,2.34,49.8121540778919,49812.1540778919,3703.51373082963,2.42059720969257
"E2","A_o",10013.9399102876,10.0139399102876,"3HW","25",-1.69,2.6,8.15779806405737,8157.79806405737,2685.54712268768,1.75525955731221
"E2","G_h",4984.292,4.984292,"3HW","25",0.19,2.34,66.4342652986032,66434.2652986032,4939.36105124503,3.2283405563693
"E2","A_o",10141.0284637112,10.1410284637112,"3HW","25",-1.69,2.6,8.42972106705494,8429.72106705494,2775.06417527449,1.81376743481993
"E2","G_h",3747.77,3.74777,"3HW","25",0.19,2.34,34.0901299911553,34090.1299911553,2534.5875287904,1.65659315607216
"E2","A_o",17443.6771964905,17.4436771964905,"3HW","25",-1.69,2.6,34.5349560183953,34534.9560183953,11368.9075212557,7.43065851062466
"E2","G_h",5801.777,5.801777,"3HW","25",0.19,2.34,94.783516022647,94783.516022647,7047.1165028774,4.60595849861268
"E2","A_o",12794.2977698642,12.7942977698642,"3HW","25",-1.69,2.6,15.4256254021222,15425.6254021222,5078.11588237863,3.31902998848277
"E2","G_h",2668.699,2.668699,"3HW","25",0.19,2.34,15.4007207917752,15400.7207917752,1145.03743058017,0.74839047750338
"E2","A_o",11728.9151982772,11.7289151982772,"3HW","25",-1.69,2.6,12.3046821696224,12304.6821696224,4050.70137023968,2.64751723545077
"E2","G_h",6329.157,6.329157,"3HW","25",0.19,2.34,116.184804912094,116184.804912094,8638.29377129223,5.64594364136747
"E2","A_o",8946.21281508777,8.94621281508777,"3HW","25",-1.69,2.6,6.08501965283519,6085.01965283519,2003.18846971334,1.30927350961656
"E2","G_h",2395.149,2.395149,"3HW","25",0.19,2.34,11.9574378818522,11957.4378818522,889.030723540562,0.581065832379452
"E2","A_o",16740.6030525436,16.7406030525436,"3HW","25",-1.69,2.6,31.0316491619387,31031.6491619387,10215.6189041102,6.67687510072564
"E2","G_h",3563.953,3.563953,"3HW","25",0.19,2.34,30.3054547590397,30305.4547590397,2253.1984391527,1.47267871840045
"E2","A_o",10775.9995512199,10.7759995512199,"3HW","25",-1.69,2.6,9.87164815908526,9871.64815908526,3249.74657397087,2.12401736860841
"E2","G_h",4363.4,4.3634,"3HW","25",0.19,2.34,48.6620682913605,48662.0682913605,3618.00531263534,2.36470935466362
"E2","A_o",11303.9595076961,11.3039595076961,"3HW","25",-1.69,2.6,11.1789121223663,11178.9121223663,3680.09787068299,2.4052927259366
"E2","G_h",6117.583,6.117583,"3HW","25",0.19,2.34,107.299301941004,107299.301941004,7977.66017959284,5.21415698012604
"E2","A_o",10846.254752146,10.846254752146,"3HW","25",-1.69,2.6,10.0398559557427,10039.8559557427,3305.12058063049,2.16020952982385
"E2","G_h",4260.01,4.26001,"3HW","25",0.19,2.34,46.0066750469665,46006.6750469665,3420.57788707194,2.23567182161565
"E2","A_o",9530.37165105706,9.53037165105706,"3HW","25",-1.69,2.6,7.17274804908827,7172.74804908827,2361.26865775986,1.54331284820906
"E2","G_h",5299.725,5.299725,"3HW","25",0.19,2.34,76.692483857049,76692.483857049,5702.05549777805,3.72683365867846
"E2","A_o",10927.853183705,10.927853183705,"3HW","25",-1.69,2.6,10.2374221964185,10237.4221964185,3370.15938706098,2.20271855363463
"E2","G_h",7285.066,7.285066,"3HW","25",0.19,2.34,161.470938010881,161470.938010881,12005.2996527338,7.84660108021817
"E2","A_o",9443.89653324584,9.44389653324584,"3HW","25",-1.69,2.6,7.00475859607235,7004.75859607235,2305.96652982702,1.50716766655361
"E2","G_h",4471.687,4.471687,"3HW","25",0.19,2.34,51.5350936017702,51535.0936017702,3831.61359525417,2.50432261127724
"E2","A_o",8438.53042796888,8.43853042796888,"3HW","25",-1.69,2.6,5.22749629746281,5227.49629746281,1720.89178112476,1.12476587001618
"E2","G_h",4997.267,4.997267,"3HW","25",0.19,2.34,66.8396514535231,66839.6514535231,4969.50134970886,3.24804009784893
"E2","A_o",8516.80896270671,8.51680896270671,"3HW","25",-1.69,2.6,5.35451272787742,5354.51272787742,1762.70559001725,1.15209515687402
"E2","G_h",4189.693,4.189693,"3HW","25",0.19,2.34,44.2492944953603,44249.2944953603,3289.91734601224,2.1502727751714
"E2","A_o",9126.82895599713,9.12682895599713,"3HW","25",-1.69,2.6,6.40961243424165,6409.61243424165,2110.04441335235,1.37911399565513
"E2","G_h",1574.395,1.574395,"3HW","25",0.19,2.34,4.47967041201408,4479.67041201408,333.061703265082,0.217687387754955
"E2","A_o",9652.60898100639,9.65260898100639,"3HW","25",-1.69,2.6,7.41440415486726,7414.40415486726,2440.8218477823,1.59530839724333
"E2","G_h",1900.458,1.900458,"3HW","25",0.19,2.34,6.95870404443492,6958.70404443491,517.376862222118,0.338154811909881
"E2","A_o",10811.5393161787,10.8115393161787,"3HW","25",-1.69,2.6,9.95652029004563,9956.52029004563,3277.68647948302,2.14227874476014
"E2","G_h",753.486,0.753486,"3HW","25",0.19,2.34,0.79864897482303,798.64897482303,59.3792318185023,0.0388099554369296
"E2","A_o",9528.87421837352,9.52887421837352,"3HW","25",-1.69,2.6,7.16981822325852,7169.81822325852,2360.30415909671,1.54268245692595
"E2","G_h",1379.828,1.379828,"3HW","25",0.19,2.34,3.28995828502683,3289.95828502683,244.607082508431,0.159873910136229
"E2","A_o",12080.1066799583,12.0801066799583,"3HW","25",-1.69,2.6,13.2856865196136,13285.6865196136,4373.6480022568,2.85859346552732
"E2","G_h",4451.478,4.451478,"3HW","25",0.19,2.34,50.9917481775526,50991.7481775526,3791.21608030176,2.47791900673318
"E2","A_o",11253.7259544011,11.2537259544011,"3HW","25",-1.69,2.6,11.0502084741673,11050.2084741673,3637.72862969586,2.37760041156592
"E2","G_h",2936.174,2.936174,"3HW","25",0.19,2.34,19.2579203178023,19257.9203178023,1431.81867246047,0.935829197686582
"E2","A_o",11295.9195204522,11.2959195204522,"3HW","25",-1.69,2.6,11.1582511619065,11158.2511619065,3673.29628249962,2.4008472434638
"E2","G_h",2553.487,2.553487,"3HW","25",0.19,2.34,13.8896961017755,13889.6961017755,1032.69334928857,0.674962973391219
"E2","A_o",10462.3230425015,10.4623230425015,"3HW","25",-1.69,2.6,9.14182969141025,9141.82969141025,3009.49033441226,1.96698714667468
"E2","G_h",3613.097,3.613097,"3HW","25",0.19,2.34,31.2923596788448,31292.3596788448,2326.57442517824,1.52063687920147
"E2","A_o",11641.2269102299,11.6412269102299,"3HW","25",-1.69,2.6,12.0669291235758,12066.9291235758,3972.43306748116,2.59636148201383
"E2","G_h",4972.848,4.972848,"3HW","25",0.19,2.34,66.077884794379,66077.884794379,4912.86430330816,3.21102242046285
"E2","A_o",9718.00881412813,9.71800881412813,"3HW","25",-1.69,2.6,7.54572459887754,7545.72459887754,2484.05253795049,1.62356375029444
"E2","G_h",3315.594,3.315594,"3HW","25",0.19,2.34,25.5925492330052,25592.5492330052,1902.79579845425,1.24365738461062
"E2","A_o",11800.2314575572,11.8002314575572,"3HW","25",-1.69,2.6,12.5001541132077,12500.1541132077,4115.05073406799,2.68957564318169
"E2","G_h",4903.747,4.903747,"3HW","25",0.19,2.34,63.9492786143992,63949.2786143992,4754.60328526913,3.10758384658113
"E2","A_o",10024.2208574333,10.0242208574333,"3HW","25",-1.69,2.6,8.179591769174,8179.591769174,2692.72161041208,1.75994876497522
"E2","G_h",7308.46,7.30846,"3HW","25",0.19,2.34,162.686885863325,162686.885863325,12095.7048891839,7.90568947005482
"E2","A_o",9131.52197809046,9.13152197809046,"3HW","25",-1.69,2.6,6.41818511080254,6418.18511080254,2112.8665384762,1.38095852187987
"E2","G_h",2653.809,2.653809,"3HW","25",0.19,2.34,15.2003997861519,15200.3997861519,1130.14364394048,0.738655976431685
"E2","A_o",10370.5019350557,10.3705019350557,"3HW","25",-1.69,2.6,8.93468858309957,8934.68858309957,2941.29948155638,1.92241796180155
"E2","G_h",3621.9,3.6219,"3HW","25",0.19,2.34,31.4710552587003,31471.0552587003,2339.86037006227,1.52932050330867
"E2","A_o",8669.09974313181,8.66909974313181,"3HW","25",-1.69,2.6,5.60702379905663,5607.02379905663,1845.83223464944,1.2064262971565
"E2","G_h",1872.271,1.872271,"3HW","25",0.19,2.34,6.71959011445016,6719.59011445016,499.598837173324,0.326535187694983
"E2","A_o",7931.73066218627,7.93173066218627,"3HW","25",-1.69,2.6,4.44996599171175,4449.96599171175,1464.92880447151,0.957469806844123
"E2","G_h",1575.852,1.575852,"3HW","25",0.19,2.34,4.48937723243151,4489.37723243151,333.78340148039,0.218159085934895
"E2","A_o",8912.16019681087,8.91216019681087,"3HW","25",-1.69,2.6,6.02498207792642,6024.98207792642,1983.42410005338,1.29635562094992
"E2","G_h",17644.243,17.644243,"3HW","25",0.19,2.34,1279.53182115264,1279531.82115264,95132.6790899702,62.1782216274315
"E2","A_o",10965.8045603905,10.9658045603905,"3HW","25",-1.69,2.6,10.3301185002928,10330.1185002928,3400.67501029638,2.22266340542247
"E2","G_h",14776.954,14.776954,"3HW","25",0.19,2.34,844.945536387532,844945.536387532,62821.3626521984,41.0597141517637
"E2","A_o",9228.46661261039,9.22846661261039,"3HW","25",-1.69,2.6,6.59685317052083,6596.85317052083,2171.68406373546,1.4194013488467
"E2","G_h",16621.581,16.621581,"3HW","25",0.19,2.34,1112.68761220882,1112687.61220882,82727.8788926808,54.0705090801835
"E2","A_o",7561.3982706227,7.5613982706227,"3HW","25",-1.69,2.6,3.92975518321647,3929.75518321647,1293.67540631486,0.845539481251543
"E2","G_h",18722.523,18.722523,"3HW","25",0.19,2.34,1470.0517800468,1470051.7800468,109297.761825768,71.4364456377567
"E2","A_o",8397.98696495094,8.39798696495094,"3HW","25",-1.69,2.6,5.16244586017625,5162.44586017625,1699.47717717002,1.11076939684315
"E2","G_h",18119.93,18.11993,"3HW","25",0.19,2.34,1361.71507849327,1361715.07849327,101242.971399943,66.171876731989
"E2","A_o",10188.1111872759,10.1881111872759,"3HW","25",-1.69,2.6,8.53185679856223,8531.85679856223,2808.68725808669,1.83574330593901
"E2","G_h",15179.14,15.17914,"3HW","25",0.19,2.34,899.742778804888,899742.778804888,66895.5157070319,43.7225592856418
"E2","A_o",6753.1401590348,6.7531401590348,"3HW","25",-1.69,2.6,2.92897041483485,2928.97041483485,964.217060563631,0.630207229126556
"E2","G_h",19858.59,19.85859,"3HW","25",0.19,2.34,1687.32708610711,1687327.08610711,125452.093921229,81.9948326282543
"E2","A_o",8800.91871566103,8.80091871566103,"3HW","25",-1.69,2.6,5.83139990957552,5831.39990957552,1919.69685023226,1.25470382368122
"E2","G_h",14987.256,14.987256,"3HW","25",0.19,2.34,873.352914692939,873352.914692939,64933.4398662541,42.4401567753295
"E2","A_o",9080.02087318044,9.08002087318044,"3HW","25",-1.69,2.6,6.32449424738886,6324.49424738886,2082.02350624041,1.36079967728132
"E2","G_h",20679.632,20.679632,"3HW","25",0.19,2.34,1855.11213476835,1855112.13476835,137926.845175173,90.1482648203743
"E2","A_o",10887.7512133829,10.8877512133829,"3HW","25",-1.69,2.6,10.1400311795842,10140.0311795842,3338.09826431912,2.18176357145041
"E2","G_h",16454.7,16.4547,"3HW","25",0.19,2.34,1086.72216913569,1086722.16913569,80797.358586371,52.8087311022033
"E2","A_o",8062.87650152299,8.06287650152299,"3HW","25",-1.69,2.6,4.64380548609877,4643.80548609877,1528.74076602372,0.99917697125733
"E2","G_h",15432.59,15.43259,"3HW","25",0.19,2.34,935.291171635348,935291.171635348,69538.5244946195,45.4500160095552
"E2","A_o",9337.79601601167,9.33779601601167,"3HW","25",-1.69,2.6,6.80198068879757,6801.98068879757,2239.21204275216,1.46353728284455
"E2","G_h",14899.585,14.899585,"3HW","25",0.19,2.34,861.445016175098,861445.016175098,64048.0923746121,41.8614982840602
"E2","A_o",11034.2436041736,11.0342436041736,"3HW","25",-1.69,2.6,10.4985827573372,10498.5827573372,3456.13344371542,2.25891074752642
"E2","G_h",12910.097,12.910097,"3HW","25",0.19,2.34,615.991958269761,615991.958269761,45798.7557005734,29.9338272552767
"E2","A_o",8270.21274537998,8.27021274537998,"3HW","25",-1.69,2.6,4.96070466576215,4960.70466576215,1633.0639759689,1.06736207579667
"E2","G_h",18509.522,18.509522,"3HW","25",0.19,2.34,1431.21465989551,1431214.65989551,106410.237477367,69.5491748218087
"E2","A_o",9981.28745243184,9.98128745243184,"3HW","25",-1.69,2.6,8.08881800328183,8088.81800328183,2662.83888668038,1.74041757299371
"E2","A_o",6884.85458729356,6.88485458729356,"3HW","25",-1.69,2.6,3.07982760606108,3079.82760606108,1013.87924791531,0.662666175108045
"E2","A_o",7540.49170165889,7.54049170165889,"3HW","25",-1.69,2.6,3.90156756787394,3901.56756787394,1284.3960433441,0.8394745381334
"E2","A_o",7848.86652557362,7.84886652557362,"3HW","25",-1.69,2.6,4.33010127167155,4330.10127167155,1425.46933863427,0.931679306296912
"E2","A_o",7858.37817442636,7.85837817442636,"3HW","25",-1.69,2.6,4.34375782813034,4343.75782813034,1429.96507702051,0.934617697399024
"E2","A_o",8493.83610969232,8.49383610969232,"3HW","25",-1.69,2.6,5.31704186721209,5317.04186721209,1750.37018268622,1.14403279914132
"E2","A_o",7343.07482454721,7.34307482454721,"3HW","25",-1.69,2.6,3.64151983104161,3641.51983104161,1198.7883283789,0.783521783254183
"E2","A_o",12115.5461716065,12.1155461716065,"3HW","25",-1.69,2.6,13.3872629014946,13387.2629014946,4407.08694717203,2.88044898507976
"E2","A_o",7836.54122343612,7.83654122343613,"3HW","25",-1.69,2.6,4.31244429787212,4312.44429787212,1419.6566628595,0.927880171803597
"E2","A_o",7497.69049061254,7.49769049061254,"3HW","25",-1.69,2.6,3.84424910667009,3844.24910667009,1265.52680591579,0.827141703212937
"E2","A_o",9374.16220810884,9.37416220810884,"3HW","25",-1.69,2.6,6.87107053542135,6871.07053542135,2261.95642026071,1.47840288905929
"E2","A_o",7298.6348217295,7.2986348217295,"3HW","25",-1.69,2.6,3.5844972413083,3584.4972413083,1180.01649183869,0.771252609044897
"E2","A_o",7166.04719269178,7.16604719269178,"3HW","25",-1.69,2.6,3.41764639149245,3417.64639149245,1125.08919207931,0.735352413123734
"E2","A_o",7033.67044713776,7.03367044713776,"3HW","25",-1.69,2.6,3.25591637624382,3255.91637624382,1071.84767105947,0.7005540333722
"E2","A_o",8159.31432398263,8.15931432398263,"3HW","25",-1.69,2.6,4.78960309967424,4789.60309967424,1576.73734041276,1.03054728131553
"E2","A_o",6450.3266037517,6.4503266037517,"3HW","25",-1.69,2.6,2.59963534646687,2599.63534646687,855.799956056895,0.559346376507774
"E2","A_o",7459.29706889038,7.45929706889038,"3HW","25",-1.69,2.6,3.79327692245914,3793.27692245914,1248.74676287355,0.816174354819312
"E2","A_o",6709.10655069283,6.70910655069283,"3HW","25",-1.69,2.6,2.87957365688182,2879.57365688182,947.955647845496,0.619578854800978
"E2","A_o",9379.23009867617,9.37923009867617,"3HW","25",-1.69,2.6,6.88073283126094,6880.73283126094,2265.1372480511,1.48048186147131
"E2","A_o",8834.69101115755,8.83469101115755,"3HW","25",-1.69,2.6,5.8897593282684,5889.7593282684,1938.90877086596,1.26726063455291
"E2","A_o",7153.42385217256,7.15342385217256,"3HW","25",-1.69,2.6,3.4020155316999,3402.0155316999,1119.94351303561,0.731989224206279
"E2","A_o",11973.0848290731,11.9730848290731,"3HW","25",-1.69,2.6,12.9818251278441,12981.8251278441,4273.61683208627,2.79321361574266
"E2","A_o",10328.2244210913,10.3282244210913,"3HW","25",-1.69,2.6,8.84029447585739,8840.29447585739,2910.22494145225,1.90210780487075
"E2","A_o",13818.1263251358,13.8181263251358,"3HW","25",-1.69,2.6,18.8437707726356,18843.7707726356,6203.36933835163,4.05448976362852
"E2","A_o",12302.2265356824,12.3022265356824,"3HW","25",-1.69,2.6,13.9302102673867,13930.2102673867,4585.8252200237,2.99727138563641
"E2","A_o",9606.81316155245,9.60681316155245,"3HW","25",-1.69,2.6,7.32329106260874,7323.29106260874,2410.8274178108,1.57570419464758
"E2","A_o",10255.3316438563,10.2553316438563,"3HW","25",-1.69,2.6,8.67899113059313,8678.99113059313,2857.12388019126,1.86740122888318
"E2","A_o",12793.8009978266,12.7938009978266,"3HW","25",-1.69,2.6,15.4240682059531,15424.0682059531,5077.60325339977,3.3186949368626
"E2","A_o",7701.09908037301,7.70109908037301,"3HW","25",-1.69,2.6,4.12132675502145,4121.32675502145,1356.74076775306,0.886758671734026
"E2","A_o",8398.93688217968,8.39893688217968,"3HW","25",-1.69,2.6,5.16396423405889,5163.96423405889,1699.97702585219,1.11109609532823
"E2","A_o",8282.68075754894,8.28268075754894,"3HW","25",-1.69,2.6,4.98017264548787,4980.17264548787,1639.47283489461,1.07155087248013
"E2","A_o",8948.7082042405,8.9487082042405,"3HW","25",-1.69,2.6,6.08943364234473,6089.43364234473,2004.64155505989,1.31022323860123
"E2","A_o",9414.04853006227,9.41404853006227,"3HW","25",-1.69,2.6,6.94734274624755,6947.34274624755,2287.06523206469,1.49481387716647
"E2","A_o",7854.29774712808,7.85429774712808,"3HW","25",-1.69,2.6,4.33789602472333,4337.89602472333,1428.03537133892,0.933356451855504
"E2","A_o",9184.29104617735,9.18429104617735,"3HW","25",-1.69,2.6,6.51506358238097,6515.06358238097,2144.75893131981,1.40180322308485
"E2","A_o",8648.69697628951,8.64869697628951,"3HW","25",-1.69,2.6,5.57277836005563,5572.77836005563,1834.55863613031,1.19905793211132
"E2","A_o",9657.65729607495,9.65765729607495,"3HW","25",-1.69,2.6,7.42449048157404,7424.49048157404,2444.14226653417,1.59747860557789
"E2","A_o",9384.44328392249,9.38444328392249,"3HW","25",-1.69,2.6,6.89068086160175,6890.68086160176,2268.4121396393,1.48262231348974
"E2","A_o",6767.2705712316,6.7672705712316,"3HW","25",-1.69,2.6,2.944931561109,2944.931561109,969.471469917082,0.633641483605936
"E2","A_o",12247.5098795274,12.2475098795274,"3HW","25",-1.69,2.6,13.7696935821536,13769.6935821536,4532.98312724497,2.96273407009475
"E2","A_o",12571.6245255652,12.5716245255652,"3HW","25",-1.69,2.6,14.7372904878616,14737.2904878616,4851.51602860405,3.17092550889154
"E2","A_o",10368.7981000556,10.3687981000556,"3HW","25",-1.69,2.6,8.93087245063018,8930.87245063018,2940.04321074746,1.92159686976958
"E2","A_o",16110.356332743,16.110356332743,"3HW","25",-1.69,2.6,28.0849322480859,28084.9322480859,9245.55969606987,6.04284947455547
"E2","A_o",18930.0795385089,18.9300795385089,"3HW","25",-1.69,2.6,42.7165668257756,42716.5668257756,14062.2937990453,9.19104169872243
"E2","A_o",16285.1807423774,16.2851807423774,"3HW","25",-1.69,2.6,28.8842247591773,28884.2247591773,9508.68679072116,6.21482796779161
"E2","A_o",13906.2554420313,13.9062554420313,"3HW","25",-1.69,2.6,19.1578393361015,19157.8393361015,6306.76070944463,4.12206582316642
"E2","A_o",10517.4444814393,10.5174444814393,"3HW","25",-1.69,2.6,9.26758532660694,9267.58532660694,3050.889089519,1.99404515654837
"E2","A_o",20091.8614706617,20.0918614706617,"3HW","25",-1.69,2.6,49.871502813988,49871.502813988,16417.6987263648,10.7305220433757
"E2","A_o",11422.8240525848,11.4228240525848,"3HW","25",-1.69,2.6,11.4871175971898,11487.1175971898,3781.55911299489,2.47160726339535
"E2","A_o",14542.1089126538,14.5421089126538,"3HW","25",-1.69,2.6,21.519452693699,21519.452693699,7084.20382676573,4.63019857958544
"E2","A_o",15201.006383686,15.201006383686,"3HW","25",-1.69,2.6,24.1472727504891,24147.2727504891,7949.28218946102,5.19560927415753
"E2","A_o",11128.8865379271,11.1288865379271,"3HW","25",-1.69,2.6,10.7343180303707,10734.3180303707,3533.73749559804,2.30963235006408
"E2","A_o",13517.2133347999,13.5172133347999,"3HW","25",-1.69,2.6,17.7953542145476,17795.3542145476,5858.23060742907,3.82890889374449
"E2","A_o",12373.3199850527,12.3733199850527,"3HW","25",-1.69,2.6,14.1404827132646,14140.4827132646,4655.04690920672,3.04251431974295
"E2","A_o",9455.26030804465,9.45526030804465,"3HW","25",-1.69,2.6,7.02669451767151,7026.69451767151,2313.18783521746,1.51188747399834
"E2","A_o",21005.4467196839,21.0054467196839,"3HW","25",-1.69,2.6,55.9838803974845,55983.8803974846,18429.8934268519,12.0456819783346
"E2","A_o",9963.99870097927,9.96399870097927,"3HW","25",-1.69,2.6,8.05244045110484,8052.44045110485,2650.86339650371,1.73259045523119
"E2","A_o",10674.4734511827,10.6744734511827,"3HW","25",-1.69,2.6,9.6316523751299,9631.6523751299,3170.73996189276,2.07237906006063
"E2","A_o",12149.8202627541,12.1498202627541,"3HW","25",-1.69,2.6,13.4859522784833,13485.9522784833,4439.57549007669,2.90168332684751
"E2","A_o",13029.195766266,13.029195766266,"3HW","25",-1.69,2.6,16.1728211807971,16172.8211807971,5324.09273271841,3.47979917171138
"E2","A_o",19939.2336539144,19.9392336539144,"3HW","25",-1.69,2.6,48.8924727892453,48892.4727892453,16095.4020422196,10.5198706158298
"E2","A_o",11903.5399965952,11.9035399965952,"3HW","25",-1.69,2.6,12.7866845860902,12786.6845860902,4209.3765657409,2.75122651355614
"E2","A_o",10454.4368631718,10.4544368631718,"3HW","25",-1.69,2.6,9.12392433081997,9123.92433081997,3003.59588970593,1.96313456843525
"E2","A_o",13630.8693757555,13.6308693757555,"3HW","25",-1.69,2.6,18.1870074860809,18187.0074860809,5987.16286441783,3.91317834275675
"E2","A_o",11058.7247023582,11.0587247023582,"3HW","25",-1.69,2.6,10.5592512000402,10559.2512000402,3476.10549505323,2.27196437585179
"E2","A_o",14606.5692840182,14.6065692840182,"3HW","25",-1.69,2.6,21.7683434015931,21768.3434015931,7166.13864780444,4.68375075019898
"E2","A_o",10777.6592270535,10.7776592270535,"3HW","25",-1.69,2.6,9.87560166352327,9875.60166352327,3251.04806763186,2.12486801806004
"E2","A_o",11276.8145289579,11.2768145289579,"3HW","25",-1.69,2.6,11.1092499391913,11109.2499391913,3657.16507998177,2.39030397384429
"E2","A_o",10713.9096774046,10.7139096774046,"3HW","25",-1.69,2.6,9.72444333522918,9724.44333522918,3201.28674595745,2.09234427840356
"E2","A_o",13713.9935196242,13.7139935196242,"3HW","25",-1.69,2.6,18.4767781278823,18476.7781278823,6082.55535969884,3.97552637888813
"E2","A_o",10194.6305012213,10.1946305012213,"3HW","25",-1.69,2.6,8.54605873022651,8546.05873022651,2813.36253399057,1.8387990418239
"E2","A_o",10112.6136944709,10.1126136944709,"3HW","25",-1.69,2.6,8.36844729208848,8368.44729208848,2754.89284855553,1.8005835611474
"E2","A_o",8794.76119518745,8.79476119518745,"3HW","25",-1.69,2.6,5.82079807770416,5820.79807770416,1916.20672718021,1.2524226975034
"E2","A_o",7326.29703768638,7.32629703768638,"3HW","25",-1.69,2.6,3.61992655446675,3619.92655446675,1191.67982173045,0.77887570047742
"E2","A_o",12092.8007557311,12.0928007557311,"3HW","25",-1.69,2.6,13.3220154559822,13322.0154559822,4385.60748810935,2.86641012294728
"E2","A_o",12875.9189961106,12.8759189961106,"3HW","25",-1.69,2.6,15.6827931076974,15682.7931076974,5162.77549105398,3.37436306604835
"E2","A_o",11873.8011571998,11.8738011571998,"3HW","25",-1.69,2.6,12.7037929443039,12703.7929443039,4182.08863726484,2.73339126618617
"E2","A_o",9935.90877060699,9.93590877060699,"3HW","25",-1.69,2.6,7.99355095375989,7993.55095375989,2631.47697397776,1.71991959083514
"E2","A_o",9512.39609326149,9.51239609326149,"3HW","25",-1.69,2.6,7.13762631863842,7137.62631863842,2349.70658409577,1.5357559373175
"E2","A_o",8796.26470647405,8.79626470647405,"3HW","25",-1.69,2.6,5.82338568231874,5823.38568231874,1917.05856661933,1.25297945530675
"E2","A_o",8800.91871566103,8.80091871566103,"3HW","25",-1.69,2.6,5.83139990957552,5831.39990957552,1919.69685023226,1.25470382368122
"E2","A_o",8670.52807186932,8.67052807186932,"3HW","25",-1.69,2.6,5.60942604331312,5609.42604331312,1846.62305345868,1.20694317219522
"E2","A_o",8938.33249037429,8.93833249037429,"3HW","25",-1.69,2.6,6.07109340477644,6071.09340477644,1998.6039488524,1.30627709075321
"E2","A_o",9529.55486451097,9.52955486451097,"3HW","25",-1.69,2.6,7.17114986101395,7171.14986101395,2360.74253424579,1.54296897663124
"E2","A_o",7919.24217410392,7.91924217410392,"3HW","25",-1.69,2.6,4.43177213640359,4431.77213640359,1458.93938730406,0.953555155100693
"E2","A_o",8398.36870513877,8.39836870513877,"3HW","25",-1.69,2.6,5.16305601119074,5163.05601119074,1699.67803888399,1.11090067900914
"E2","A_o",8306.85569725274,8.30685569725274,"3HW","25",-1.69,2.6,5.01805401781858,5018.05401781858,1651.94338266588,1.07970155729796
"E2","A_o",9502.58054287678,9.50258054287678,"3HW","25",-1.69,2.6,7.11849286784032,7118.49286784032,2343.40785209303,1.53163911901505
"E2","A_o",9183.3713026779,9.1833713026779,"3HW","25",-1.69,2.6,6.51336737752729,6513.36737752729,2144.20054068198,1.40143826188365
"E2","A_o",9041.65321678788,9.04165321678788,"3HW","25",-1.69,2.6,6.2552460865733,6255.2460865733,2059.22701169993,1.34590000764701
"E2","A_o",8254.11012570208,8.25411012570208,"3HW","25",-1.69,2.6,4.93563088455518,4935.63088455518,1624.80968719556,1.06196711581409
"E2","A_o",6702.23483844766,6.70223483844766,"3HW","25",-1.69,2.6,2.87191159091878,2871.91159091878,945.433295730462,0.617930258647361
"E2","A_o",11064.2200470711,11.0642200470711,"3HW","25",-1.69,2.6,10.5728991994442,10572.8991994442,3480.59841645703,2.27490092578891
"E2","A_o",11337.4764115463,11.3374764115463,"3HW","25",-1.69,2.6,11.2652966070455,11265.2966070455,3708.5356430394,2.42387950525451
"E2","A_o",11480.1249318299,11.4801249318299,"3HW","25",-1.69,2.6,11.6375402782243,11637.5402782243,3831.07825959145,2.50397271868722
"E2","A_o",13138.2317655946,13.1382317655946,"3HW","25",-1.69,2.6,16.527074654789,16527.074654789,5440.71297635655,3.55602155317422
"E2","A_o",9101.86662881471,9.10186662881471,"3HW","25",-1.69,2.6,6.36413253391471,6364.13253391471,2095.07243016472,1.36932838572858
"E2","A_o",9667.1548319572,9.6671548319572,"3HW","25",-1.69,2.6,7.44348904501839,7443.48904501839,2450.39659362005,1.60156640105886
"E2","A_o",8352.77661902042,8.35277661902042,"3HW","25",-1.69,2.6,5.09049780387738,5090.49780387738,1675.79187703643,1.09528880852054
"E2","A_o",13179.0613899667,13.1790613899667,"3HW","25",-1.69,2.6,16.6609457621435,16660.9457621435,5484.78334489763,3.58482571561936
"E2","A_o",8879.28661090978,8.87928661090978,"3HW","25",-1.69,2.6,5.96737037683567,5967.37037683567,1964.4583280543,1.28395969153876
"E2","A_o",20368.4742975995,20.3684742975995,"3HW","25",-1.69,2.6,51.676381805521,51676.381805521,17011.8648903775,11.1188659414232
"E2","A_o",5448.482,5.448482,"3HW","25",-1.69,2.6,1.67616339948918,1676.16339948918,551.792991111837,0.360649013798586
"E2","A_o",4371.644,4.371644,"3HW","25",-1.69,2.6,0.945532475677793,945.532475677793,311.26929099313,0.203443981041261
"E2","A_o",3737.233,3.737233,"3HW","25",-1.69,2.6,0.628970758482476,628.970758482476,207.057173692431,0.135331486073484
"E2","A_o",5872.07,5.87207,"3HW","25",-1.69,2.6,2.03637230834837,2036.37230834837,670.373763908284,0.438152786868159
"E2","A_o",6371.323,6.371323,"3HW","25",-1.69,2.6,2.51765964497031,2517.65964497031,828.813555124227,0.541708205963547
"E2","A_o",4937.215,4.937215,"3HW","25",-1.69,2.6,1.29733849088499,1297.33849088499,427.083831199337,0.279139758953815
"E2","A_o",4694.664,4.694664,"3HW","25",-1.69,2.6,1.13807724221656,1138.07724221656,374.65502813769,0.244872567410255
"E2","A_o",5571.321,5.571321,"3HW","25",-1.69,2.6,1.77619757354626,1776.19757354626,584.72424121143,0.382172706674137
"E2","A_o",8480.731,8.480731,"3HW","25",-1.69,2.6,5.2957387091891,5295.7387091891,1743.35718306505,1.1394491392582
"E2","A_o",5548.338,5.548338,"3HW","25",-1.69,2.6,1.75720959556057,1757.20959556057,578.47339885854,0.378087188796431
"E2","A_o",5918.636,5.918636,"3HW","25",-1.69,2.6,2.07862545618797,2078.62545618797,684.283500177081,0.447244117762798
"E2","A_o",7563.632,7.563632,"3HW","25",-1.69,2.6,3.9327742305104,3932.7742305104,1294.66927668402,0.84618906972812
"E2","A_o",8136.073,8.136073,"3HW","25",-1.69,2.6,4.75421234193621,4754.2123419362,1565.0867029654,1.0229324855983
"E2","A_o",6088.287,6.088287,"3HW","25",-1.69,2.6,2.23710981676966,2237.10981676966,736.456551680572,0.48134415142521
"E2","A_o",6410.635,6.410635,"3HW","25",-1.69,2.6,2.55824851576969,2558.24851576969,842.175411391383,0.550441445353845
"E2","A_o",3829.191,3.829191,"3HW","25",-1.69,2.6,0.670005359436629,670.005359436629,220.565764326538,0.144160630278783
"E2","A_o",6915.181,6.915181,"3HW","25",-1.69,2.6,3.11522367738592,3115.22367738592,1025.53163459544,0.67028211411467
"E2","A_o",8171.28,8.17128,"3HW","25",-1.69,2.6,4.80788687250107,4807.88687250107,1582.75635842735,1.03448128001788
"E2","A_o",6744.032,6.744032,"3HW","25",-1.69,2.6,2.91871048356407,2918.71048356407,960.839491189292,0.627999667443982
"E2","A_o",8325.132,8.325132,"3HW","25",-1.69,2.6,5.04680975002293,5046.80975002293,1661.40976970755,1.08588873837095
"E2","A_o",4979.995,4.979995,"3HW","25",-1.69,2.6,1.32676851673804,1326.76851673804,436.772195710163,0.285472023339976
"E2","A_o",4474.186,4.474186,"3HW","25",-1.69,2.6,1.00428387543644,1004.28387543644,330.610251793676,0.216085131891291
"E2","A_o",6443.696,6.443696,"3HW","25",-1.69,2.6,2.59269310153915,2592.69310153915,853.514569026689,0.557852659494568
"E2","A_o",5992.087,5.992087,"3HW","25",-1.69,2.6,2.14636257339775,2146.36257339775,706.582559162541,0.461818666119308
"E2","A_o",3927.808,3.927808,"3HW","25",-1.69,2.6,0.71579828071314,715.79828071314,235.640794010766,0.15401359085671
"E2","A_o",6288.975,6.288975,"3HW","25",-1.69,2.6,2.43392761198701,2433.92761198701,801.248969866122,0.5236921371674
"E2","A_o",8930.393,8.930393,"3HW","25",-1.69,2.6,6.05708245041754,6057.08245041754,1993.99154267745,1.30326244619441
"E2","A_o",4401.178,4.401178,"3HW","25",-1.69,2.6,0.962230739609857,962.230739609857,316.766359479565,0.207036836261153
"E2","A_o",6273.775,6.273775,"3HW","25",-1.69,2.6,2.41866233839523,2418.66233839523,796.223641799711,0.520407609019419
"E2","A_o",6323.564,6.323564,"3HW","25",-1.69,2.6,2.46888571995145,2468.88571995145,812.757179008016,0.5312138424889
"E2","A_o",5412.18,5.41218,"3HW","25",-1.69,2.6,1.64728143294909,1647.28143294909,542.28504772684,0.354434671716889
"F1","A_o",12523.6292191352,12.5236292191352,"1HW","25",-1.69,2.6,14.5914524125967,14591.4524125967,4551.0740074889,2.97455817482935
"F1","I_o",4510.114,4.510114,"1HW","25",-1.77,2.51,0.744750277780871,744.750277780871,224.169833612042,0.146516231118982
"F1","G_h",2697.63,2.69763,"1HW","25",0.19,2.34,15.7942415463102,15794.2415463102,687.182178893484,0.449138679015349
"F1","A_o",14390.5851835102,14.3905851835102,"1HW","25",-1.69,2.6,20.9413165631519,20941.3165631519,6531.59663604708,4.2690174091811
"F1","I_o",14019.658,14.019658,"1HW","25",-1.77,2.51,12.8324896542915,12832.4896542915,3862.57938594176,2.52456169015801
"F1","G_h",1891.188,1.891188,"1HW","25",0.19,2.34,6.87953692841344,6879.53692841344,299.317644496183,0.195632447383126
"F1","A_o",9450.44808404691,9.45044808404691,"1HW","25",-1.69,2.6,7.01740014843223,7017.40014843223,2188.72710629601,1.43054059235033
"F1","I_o",2069.851,2.069851,"1HW","25",-1.77,2.51,0.105440413314446,105.440413314446,31.7375644076483,0.0207435061487898
"F1","G_h",1979.224,1.979224,"1HW","25",0.19,2.34,7.65240910242834,7652.40910242834,332.944076192093,0.217610507315093
"F1","A_o",9443.89653324584,9.44389653324584,"1HW","25",-1.69,2.6,7.00475859607235,7004.75859607235,2184.78420611497,1.42796353340847
"F1","I_o",1514.228,1.514228,"1HW","25",-1.77,2.51,0.0481149561325009,48.1149561325009,14.4826017958828,0.00946575280776651
"F1","G_h",1585.871,1.585871,"1HW","25",0.19,2.34,4.55645186275848,4556.45186275848,198.243930225641,0.129571196225909
"F1","A_o",12156.4669013329,12.1564669013329,"1HW","25",-1.69,2.6,13.5051423778412,13505.1423778412,4212.25390764869,2.75310712918215
"F1","I_o",12035.702,12.035702,"1HW","25",-1.77,2.51,8.7495008926917,8749.5008926917,2633.5997687002,1.72130703836614
"F1","G_h",776.315,0.776315,"1HW","25",0.19,2.34,0.856424076091201,856.424076091201,37.2616412722064,0.0243540139034029
"F1","A_o",13598.053786102,13.598053786102,"1HW","25",-1.69,2.6,18.0733875830178,18073.3875830178,5637.08958714326,3.6843722791786
"F1","I_o",2049.382,2.049382,"1HW","25",-1.77,2.51,0.102842712496715,102.842712496715,30.9556564615112,0.0202324552036021
"F1","G_h",998.115,0.998115,"1HW","25",0.19,2.34,1.54199356990853,1541.99356990853,67.0896730370082,0.0438494595013126
"F1","A_o",13400.5357283236,13.4005357283236,"1HW","25",-1.69,2.6,17.3987328026887,17398.7328026887,5426.6647611586,3.54683971317556
"F1","I_o",1853.365,1.853365,"1HW","25",-1.77,2.51,0.0799064805616168,79.9064805616168,24.0518506490466,0.0157201638229063
"F1","G_h",1204.82,1.20482,"1HW","25",0.19,2.34,2.39528874369215,2395.28874369215,104.215180776055,0.0681144972392519
"F1","A_o",15259.9067610667,15.2599067610667,"1HW","25",-1.69,2.6,24.3912966491416,24391.2966491416,7607.64542486726,4.97231727115507
"F1","I_o",11899.281,11.899281,"1HW","25",-1.77,2.51,8.50270297914205,8502.70297914205,2559.31359672176,1.67275398478546
"F1","G_h",1021.176,1.021176,"1HW","25",0.19,2.34,1.62665481260828,1626.65481260828,70.7731482488861,0.0462569596397949
"F1","A_o",25775.2534181715,25.7752534181715,"1HW","25",-1.69,2.6,95.3076264815875,95307.6264815875,29726.4486996072,19.4290514376517
"F1","I_o",1275.682,1.275682,"1HW","25",-1.77,2.51,0.0312905713600781,31.2905713600781,9.41846197938351,0.00615585750286504
"F1","G_h",1685.378,1.685378,"1HW","25",0.19,2.34,5.25377815202062,5253.77815202062,228.583481349374,0.149400968202205
"F1","A_o",19371.650682119,19.371650682119,"1HW","25",-1.69,2.6,45.3558421908293,45355.8421908293,14146.4871793196,9.24607005184291
"F1","I_o",8643.677,8.643677,"1HW","25",-1.77,2.51,3.81165258171001,3811.65258171001,1147.30742709471,0.749874135356022
"F1","G_h",1140.679,1.140679,"1HW","25",0.19,2.34,2.10747515851326,2107.47515851326,91.6928721866585,0.0599299818213454
"F1","A_o",18702.6696695631,18.7026696695631,"1HW","25",-1.69,2.6,41.395141231576,41395.141231576,12911.1445501285,8.43865656871147
"F1","I_o",3161.118,3.161118,"1HW","25",-1.77,2.51,0.305210996198944,305.210996198944,91.868509855882,0.060044777683583
"F1","G_h",750.509,0.750509,"1HW","25",0.19,2.34,0.791284788079412,791.284788079412,34.4275350736743,0.0225016569108982
"F1","A_o",13771.0066970671,13.7710066970671,"1HW","25",-1.69,2.6,18.6771579981642,18677.1579981642,5825.40557962743,3.80745462720747
"F1","I_o",3886.876,3.886876,"1HW","25",-1.77,2.51,0.512740616920775,512.740616920775,154.334925693153,0.100872500453041
"F1","G_h",1075.003,1.075003,"1HW","25",0.19,2.34,1.83441943268557,1834.41943268557,79.8126544450568,0.0521651336242201
"F1","A_o",14351.2392613901,14.3512392613901,"1HW","25",-1.69,2.6,20.7927749469486,20792.7749469486,6485.26650595326,4.23873627840082
"F1","I_o",6323.687,6.323687,"1HW","25",-1.77,2.51,1.73954480028616,1739.54480028616,523.602984886134,0.342224173128192
"F1","G_h",1293.532,1.293532,"1HW","25",0.19,2.34,2.82851570270406,2828.51570270406,123.064192599529,0.0804341128101498
"F1","A_o",14747.8592528292,14.7478592528292,"1HW","25",-1.69,2.6,22.3200600663305,22320.0600663305,6961.6267346885,4.55008283312974
"F1","I_o",1907.58,1.90758,"1HW","25",-1.77,2.51,0.0859036720581789,85.9036720581789,25.8570052895118,0.0169000034571973
"F1","G_h",2104.968,2.104968,"1HW","25",0.19,2.34,8.8388235750333,8838.8235750333,384.563071631979,0.251348412831359
"F1","A_o",11333.3980968306,11.3333980968306,"1HW","25",-1.69,2.6,11.2547635283168,11254.7635283168,3510.36074448202,2.29435342776603
"F1","I_o",5673.343,5.673343,"1HW","25",-1.77,2.51,1.3247562982434,1324.7562982434,398.751645771265,0.260621990700173
"F1","G_h",1042.009,1.042009,"1HW","25",0.19,2.34,1.70537243888351,1705.37243888351,74.1980262199194,0.0484954419738035
"F1","A_o",10130.9652219741,10.1309652219741,"1HW","25",-1.69,2.6,8.40798917110539,8407.98917110539,2622.45182246777,1.71402079899854
"F1","I_o",2627.586,2.627586,"1HW","25",-1.77,2.51,0.191905719055167,191.905719055167,57.7636214356052,0.0377540009383041
"F1","G_h",1650.209,1.650209,"1HW","25",0.19,2.34,5.00081911798599,5000.81911798599,217.577638512982,0.14220760687123
"F1","A_o",11267.6846331983,11.2676846331983,"1HW","25",-1.69,2.6,11.0858800780459,11085.8800780459,3457.68599634251,2.25992548780556
"F1","I_o",3138.577,3.138577,"1HW","25",-1.77,2.51,0.299777682237107,299.777682237107,90.2330823533691,0.0589758708191955
"F1","G_h",834.681,0.834681,"1HW","25",0.19,2.34,1.01474760457002,1014.74760457002,44.1500446786741,0.0288562383520746
"F1","A_o",12676.0656213784,12.6760656213784,"1HW","25",-1.69,2.6,15.0577348289297,15057.7348289297,4696.50749314318,3.06961274061646
"F1","I_o",3818.911,3.818911,"1HW","25",-1.77,2.51,0.490533010297222,490.533010297222,147.650436099464,0.0965035530061855
"F1","G_h",1675.386,1.675386,"1HW","25",0.19,2.34,5.18118171236344,5181.18171236344,225.424926414193,0.147336553211891
"F1","A_o",11473.4974039051,11.4734974039051,"1HW","25",-1.69,2.6,11.6200804929707,11620.0804929707,3624.30310575755,2.36882555931866
"F1","I_o",2121.751,2.121751,"1HW","25",-1.77,2.51,0.112202616102231,112.202616102231,33.7729874467714,0.0220738480044258
"F1","G_h",448.871,0.448871,"1HW","25",0.19,2.34,0.237664558292619,237.664558292619,10.3404046680186,0.00675843442354156
"F1","A_o",11452.2600633979,11.4522600633979,"1HW","25",-1.69,2.6,11.56424074432,11564.24074432,3606.88668815342,2.35744227983884
"F1","I_o",6403.191,6.403191,"1HW","25",-1.77,2.51,1.79496136789898,1794.96136789898,540.283371737592,0.353126386756596
"F1","G_h",863.421,0.863421,"1HW","25",0.19,2.34,1.09840095309846,1098.40095309846,47.7896680277891,0.0312350771423458
"F1","A_o",12120.0885772626,12.1200885772626,"1HW","25",-1.69,2.6,13.4003167422743,13400.3167422743,4179.55879191536,2.7317377724937
"F1","I_o",1743.489,1.743489,"1HW","25",-1.77,2.51,0.0685428599343029,68.5428599343029,20.6314008402252,0.0134845757125655
"F1","G_h",1121.48,1.12148,"1HW","25",0.19,2.34,2.02540644281457,2025.40644281457,88.1221936765533,0.0575962050173551
"F1","A_o",13221.1909363875,13.2211909363875,"1HW","25",-1.69,2.6,16.799776374636,16799.776374636,5239.85025124897,3.42473872630651
"F1","I_o",9645.009,9.645009,"1HW","25",-1.77,2.51,5.01879688131883,5018.79688131883,1510.65786127697,0.987358079265992
"F1","G_h",1034.246,1.034246,"1HW","25",0.19,2.34,1.67579082686184,1675.79082686184,72.9109776114358,0.0476542337329646
"F1","A_o",10724.655089466,10.724655089466,"1HW","25",-1.69,2.6,9.74982157982546,9749.82157982546,3040.96935074756,1.98756166715527
"F1","I_o",12643.567,12.643567,"1HW","25",-1.77,2.51,9.90131168274747,9901.31168274747,2980.29481650699,1.9479051088281
"F1","G_h",3335.503,3.335503,"1HW","25",0.19,2.34,25.9535951206715,25953.5951206715,1129.19939794823,0.738038822188382
"F1","A_o",10442.0977644027,10.4420977644027,"1HW","25",-1.69,2.6,9.0959520645779,9095.9520645779,2837.02744894185,1.85426630649794
"F1","I_o",7965.952,7.965952,"1HW","25",-1.77,2.51,3.10532164012651,3105.32164012651,934.70181367808,0.610916218090249
"F1","G_h",1506.972,1.506972,"1HW","25",0.19,2.34,4.04358082459942,4043.58082459942,175.929731949001,0.114986752907844
"F1","A_o",10147.065409104,10.147065409104,"1HW","25",-1.69,2.6,8.44277461599084,8442.77461599084,2633.30140272754,1.7211120279265
"F1","I_o",1476.557,1.476557,"1HW","25",-1.77,2.51,0.0451666670576786,45.1666670576786,13.5951667843613,0.00888572992441913
"F1","G_h",1238.357,1.238357,"1HW","25",0.19,2.34,2.55422599421291,2554.22599421291,111.130286246613,0.072634174017394
"F1","A_o",11246.5329000067,11.2465329000067,"1HW","25",-1.69,2.6,11.0318541359738,11031.8541359738,3440.83530501023,2.24891196405897
"F1","I_o",5736.227,5.736227,"1HW","25",-1.77,2.51,1.3619215337239,1361.9215337239,409.938381650894,0.267933582778362
"F1","G_h",2890.568,2.890568,"1HW","25",0.19,2.34,18.5652441858675,18565.2441858675,807.744070136398,0.527937300742744
"F1","A_o",10726.1836841434,10.7261836841434,"1HW","25",-1.69,2.6,9.75343508386212,9753.43508386212,3042.0964026566,1.98829830238993
"F1","I_o",22755.794,22.755794,"1HW","25",-1.77,2.51,43.2813605078357,43281.3605078357,13027.6895128585,8.51482974696636
"F1","G_h",3068.857,3.068857,"1HW","25",0.19,2.34,21.3562681737721,21356.2681737721,929.177058211745,0.607305266805062
"F1","A_o",9627.94707617595,9.62794707617595,"1HW","25",-1.69,2.6,7.36525190814518,7365.25190814518,2297.22207015048,1.50145233343169
"F1","I_o",2042.14,2.04214,"1HW","25",-1.77,2.51,0.101932959891116,101.932959891116,30.681820927226,0.0200534777302131
"F1","G_h",2821.272,2.821272,"1HW","25",0.19,2.34,17.5404690766436,17540.4690766436,763.157744774241,0.498795911617151
"F1","A_o",10137.7992302074,10.1377992302074,"1HW","25",-1.69,2.6,8.42274367127011,8422.74367127011,2627.05375106915,1.71702859547003
"F1","I_o",2353.141,2.353141,"1HW","25",-1.77,2.51,0.145491076280716,145.491076280716,43.7928139604955,0.0286227542225461
"F1","G_h",3839.826,3.839826,"1HW","25",0.19,2.34,36.0818681504451,36081.8681504451,1569.86435223682,1.02605513218093
"F1","A_o",8982.97370519865,8.98297370519865,"1HW","25",-1.69,2.6,6.15024382897115,6150.24382897115,1918.2610502561,1.25376539232425
"F1","I_o",4896.412,4.896412,"1HW","25",-1.77,2.51,0.915363653001607,915.363653001607,275.524459553484,0.180081346113388
"F1","G_h",3274.266,3.274266,"1HW","25",0.19,2.34,24.8523043034504,24852.3043034504,1081.28399655624,0.706721566376628
"F1","A_o",10268.4502990179,10.2684502990179,"1HW","25",-1.69,2.6,8.70788638526207,8707.88638526207,2715.98976356324,1.77515670821127
"F1","I_o",5325.688,5.325688,"1HW","25",-1.77,2.51,1.13032428255927,1130.32428255927,340.22760905034,0.222370986307412
"F1","G_h",5014.92,5.01492,"1HW","25",0.19,2.34,67.393464373456,67393.464373456,2932.18180534607,1.91645869630462
"F1","A_o",11948.6209395354,11.9486209395354,"1HW","25",-1.69,2.6,12.9129728415932,12912.9728415932,4027.55622929292,2.63238969234831
"F1","I_o",1424.421,1.424421,"1HW","25",-1.77,2.51,0.0412697941943731,41.2697941943731,12.4222080525063,0.00811909023039627
"F1","G_h",4867.214,4.867214,"1HW","25",0.19,2.34,62.8400082354865,62840.0082354865,2734.06821431284,1.78697268909336
"F1","A_o",13722.8997155659,13.7228997155659,"1HW","25",-1.69,2.6,18.5079924207739,18507.9924207739,5772.64283603938,3.77296917388195
"F1","I_o",1502.627,1.502627,"1HW","25",-1.77,2.51,0.0471950534632768,47.1950534632768,14.2057110924463,0.00928477849179498
"F1","G_h",4949.902,4.949902,"1HW","25",0.19,2.34,65.3666225181625,65366.6225181625,2843.99715916922,1.85882167265962
"F1","A_o",11786.6779288294,11.7866779288294,"1HW","25",-1.69,2.6,12.4628590437525,12462.8590437525,3887.16573574642,2.54063119983426
"F1","I_o",5694.373,5.694373,"1HW","25",-1.77,2.51,1.33711646830637,1337.11646830637,402.472056960217,0.263053632000142
"F1","G_h",5581.91,5.58191,"1HW","25",0.19,2.34,86.5908139203252,86590.8139203252,3767.42776837107,2.46237109043861
"F1","A_o",12735.8928064586,12.7358928064586,"1HW","25",-1.69,2.6,15.243209806552,15243.209806552,4754.35713866355,3.10742296644677
"F1","I_o",2560.804,2.560804,"1HW","25",-1.77,2.51,0.179897286292553,179.897286292553,54.1490831740585,0.0353915576301036
"F1","G_h",5919.054,5.919054,"1HW","25",0.19,2.34,99.3277017591479,99327.7017591479,4321.58937921771,2.82456822171092
"F1","A_o",12285.9939533829,12.2859939533829,"1HW","25",-1.69,2.6,13.8824709332889,13882.4709332889,4329.94268409279,2.83002789809987
"F1","I_o",2328.863,2.328863,"1HW","25",-1.77,2.51,0.1417526844214,141.7526844214,42.6675580108414,0.0278872928175434
"F1","G_h",5185.927,5.185927,"1HW","25",0.19,2.34,72.8943342567762,72894.3342567762,3171.51585257752,2.07288617815524
"F1","A_o",11345.4934769815,11.3454934769815,"1HW","25",-1.69,2.6,11.2860199902568,11286.0199902568,3520.10963496109,2.30072525160856
"F1","I_o",2292.603,2.292603,"1HW","25",-1.77,2.51,0.136277899023165,136.277899023165,41.0196476059728,0.0268102271934462
"F1","G_h",5431.364,5.431364,"1HW","25",0.19,2.34,81.2244628476407,81224.4628476407,3533.94641936029,2.30976890154267
"F1","A_o",12822.9347111481,12.8229347111481,"1HW","25",-1.69,2.6,15.5155551976877,15515.5551976877,4839.30166615881,3.16294226546327
"F1","I_o",1919.999,1.919999,"1HW","25",-1.77,2.51,0.0873143280838408,87.3143280838407,26.2816127532361,0.0171775246753177
"F1","G_h",5053.83,5.05383,"1HW","25",0.19,2.34,68.6234063787711,68623.4063787711,2985.69461409012,1.9514343882942
"F1","A_o",14305.9601276933,14.3059601276933,"1HW","25",-1.69,2.6,20.6226383937619,20622.6383937619,6432.20091501434,4.20405288563029
"F1","I_o",2578.721,2.578721,"1HW","25",-1.77,2.51,0.183073268811638,183.073268811638,55.1050539123029,0.0360163751060803
"F1","G_h",3236.996,3.236996,"1HW","25",0.19,2.34,24.1953918950265,24195.3918950265,1052.70278872557,0.688041038382727
"F1","A_o",13877.6756879583,13.8776756879583,"1HW","25",-1.69,2.6,19.0556386465785,19055.6386465785,5943.45369386782,3.88461025742995
"F1","I_o",4140.872,4.140872,"1HW","25",-1.77,2.51,0.601035927638724,601.035927638724,180.911814219256,0.118243015829579
"F1","G_h",3179.708,3.179708,"1HW","25",0.19,2.34,23.2052440640263,23205.2440640263,1009.62304083528,0.659884340415218
"F1","A_o",13664.5104660967,13.6645104660967,"1HW","25",-1.69,2.6,18.3039407713428,18303.9407713428,5708.99912658183,3.73137197815806
"F1","I_o",2121.969,2.121969,"1HW","25",-1.77,2.51,0.112231554366024,112.231554366024,33.7816978641731,0.0220795410876949
"F1","G_h",3757.017,3.757017,"1HW","25",0.19,2.34,34.2872769070968,34287.2769070968,1491.78455858473,0.975022587310282
"F1","A_o",16266.1723560638,16.2661723560638,"1HW","25",-1.69,2.6,28.7966495663916,28796.6495663916,8981.67499975755,5.870375816835
"F1","I_o",4005.532,4.005532,"1HW","25",-1.77,2.51,0.552938864284393,552.938864284393,166.434598149602,0.108780783104315
"F1","G_h",1638.09,1.63809,"1HW","25",0.19,2.34,4.91530369678552,4915.30369678552,213.856999361223,0.139775816575963
"F1","A_o",12215.8981441674,12.2158981441674,"1HW","25",-1.69,2.6,13.6774787154532,13677.4787154532,4266.00561134984,2.78823896166656
"F1","I_o",4000.706,4.000706,"1HW","25",-1.77,2.51,0.551268224593766,551.268224593766,165.931735602724,0.108452114773022
"F1","G_h",2583.427,2.583427,"1HW","25",0.19,2.34,14.2737831431056,14273.7831431056,621.029466503494,0.405901612093787
"F1","A_o",11334.7356810506,11.3347356810506,"1HW","25",-1.69,2.6,11.2582174439011,11258.2174439011,3511.43802075274,2.29505752990375
"F1","I_o",1868.854,1.868854,"1HW","25",-1.77,2.51,0.0815932420418703,81.5932420418703,24.559565854603,0.0160520038265379
"F1","G_h",1985.097,1.985097,"1HW","25",0.19,2.34,7.70564958042097,7705.64958042097,335.260484204788,0.219124499480253
"F1","A_o",14369.1161271992,14.3691161271992,"1HW","25",-1.69,2.6,20.8601843462965,20860.1843462965,6506.29149760989,4.252478103013
"F1","I_o",4543.521,4.543521,"1HW","25",-1.77,2.51,0.758674128759758,758.674128759758,228.360912756687,0.149255498533783
"F1","G_h",2262.933,2.262933,"1HW","25",0.19,2.34,10.4696404664561,10469.6404664561,455.517305270759,0.297723728935137
"F1","A_o",12284.5331093184,12.2845331093184,"1HW","25",-1.69,2.6,13.8781795987537,13878.1795987537,4328.60421685129,2.82915308290934
"F1","I_o",4760.733,4.760733,"1HW","25",-1.77,2.51,0.853024100432685,853.024100432685,256.760254230238,0.167817159627607
"F1","G_h",2006.187,2.006187,"1HW","25",0.19,2.34,7.89858150181442,7898.58150181442,343.654643413542,0.224610878048067
"F1","A_o",11964.1801350411,11.9641801350411,"1HW","25",-1.69,2.6,12.9567372683106,12956.7372683106,4041.20635398608,2.64131134247456
"F1","I_o",1829.386,1.829386,"1HW","25",-1.77,2.51,0.077336841552189,77.336841552189,23.2783893072089,0.0152146335341234
"F1","G_h",880.876,0.880876,"1HW","25",0.19,2.34,1.15106693675529,1151.06693675529,50.081080711124,0.0327327324909307
"F1","A_o",14063.8840925785,14.0638840925785,"1HW","25",-1.69,2.6,19.727575952625,19727.575952625,6153.03093962373,4.02158884942727
"F1","I_o",2148.502,2.148502,"1HW","25",-1.77,2.51,0.115787256399555,115.787256399555,34.851964176266,0.0227790615531151
"F1","G_h",1343.952,1.343952,"1HW","25",0.19,2.34,3.09327116765299,3093.27116765299,134.583279270714,0.0879629276279173
"F1","A_o",12618.8035706423,12.6188035706423,"1HW","25",-1.69,2.6,14.881519165603,14881.519165603,4641.54582775157,3.03369008349776
"F1","I_o",2666.962,2.666962,"1HW","25",-1.77,2.51,0.199205918598698,199.205918598698,59.9609814982082,0.039190183985757
"F1","G_h",1290.76,1.29076,"1HW","25",0.19,2.34,2.81435233114315,2814.35233114315,122.447966964309,0.0800313509570644
"F1","A_o",13590.8126498209,13.5908126498209,"1HW","25",-1.69,2.6,18.0483750403194,18048.3750403194,5629.28817507562,3.67927331704289
"F1","I_o",2600.22,2.60022,"1HW","25",-1.77,2.51,0.186928420786082,186.928420786082,56.2654546566107,0.036774806965105
"F1","G_h",1285.372,1.285372,"1HW","25",0.19,2.34,2.7869390724112,2786.9390724112,121.255259938096,0.0792518038811082
"F1","A_o",16276.9512701566,16.2769512701566,"1HW","25",-1.69,2.6,28.8462899524967,28846.2899524967,8997.15783618371,5.88049531776713
"F1","I_o",1774.609,1.774609,"1HW","25",-1.77,2.51,0.0716552022444819,71.6552022444819,21.568215875589,0.0140968731213
"F1","G_h",1054.184,1.054184,"1HW","25",0.19,2.34,1.75236440786695,1752.36440786695,76.2425716032386,0.0498317461459076
"F1","A_o",13114.1744281565,13.1141744281565,"1HW","25",-1.69,2.6,16.4485070420139,16448.5070420139,5130.28934640413,3.35313029176741
"F1","I_o",1988.745,1.988745,"1HW","25",-1.77,2.51,0.095374778630583,95.374778630583,28.7078083678055,0.0187632734430101
"F1","G_h",1665.603,1.665603,"1HW","25",0.19,2.34,5.11066361911637,5110.66361911637,222.356797005963,0.145331239873178
"F1","A_o",9569.61898229953,9.56961898229953,"1HW","25",-1.69,2.6,7.24980092020342,7249.80092020342,2261.21290701145,1.47791693268722
"F1","I_o",1912.183,1.912183,"1HW","25",-1.77,2.51,0.086424908143589,86.424908143589,26.0138973512203,0.0170025472883793
"F1","G_h",1212.599,1.212599,"1HW","25",0.19,2.34,2.43163430362983,2431.63430362983,105.796517936048,0.0691480509385936
"F1","A_o",9740.15986771011,9.74015986771011,"1HW","25",-1.69,2.6,7.59052511062636,7590.52511062636,2367.48478200436,1.54737567451265
"F1","I_o",5102.602,5.102602,"1HW","25",-1.77,2.51,1.01521296245775,1015.21296245775,305.579101699783,0.199724903071754
"F1","G_h",1634.259,1.634259,"1HW","25",0.19,2.34,4.88844655789066,4888.44655789066,212.68848821933,0.139012083803484
"F1","A_o",11400.9944774653,11.4009944774653,"1HW","25",-1.69,2.6,11.4301284720038,11430.1284720038,3565.05707041799,2.33010266040392
"F1","I_o",1834.236,1.834236,"1HW","25",-1.77,2.51,0.0778525038248492,77.8525038248492,23.4336036512796,0.0153160808178298
"F1","G_h",882.907,0.882907,"1HW","25",0.19,2.34,1.1572868185974,1157.2868185974,50.351697818263,0.0329096064171654
"F1","A_o",13221.3734910691,13.2213734910691,"1HW","25",-1.69,2.6,16.8003794950713,16800.3794950713,5240.03836451272,3.42486167615211
"F1","I_o",7563.296,7.563296,"1HW","25",-1.77,2.51,2.72624482734807,2726.24482734807,820.59969303177,0.536339668648216
"F1","G_h",1615.937,1.615937,"1HW","25",0.19,2.34,4.76116414812248,4761.16414812248,207.150634222172,0.135392571387041
"F1","A_o",11231.4767896525,11.2314767896525,"1HW","25",-1.69,2.6,10.9934965963894,10993.4965963894,3428.87158841385,2.24109254144696
"F1","I_o",1607.37,1.60737,"1HW","25",-1.77,2.51,0.055892148535897,55.892148535897,16.823536709305,0.0109957756269967
"F1","G_h",1571.121,1.571121,"1HW","25",0.19,2.34,4.45790226217732,4457.90226217732,193.956194783716,0.126768754760598
"F1","A_o",11172.7337327688,11.1727337327688,"1HW","25",-1.69,2.6,10.8446256987172,10844.6256987172,3382.4387554299,2.21074428459471
"F1","I_o",2245.603,2.245603,"1HW","25",-1.77,2.51,0.129373634610544,129.373634610544,38.9414640177736,0.0254519372665187
"F1","G_h",1785.483,1.785483,"1HW","25",0.19,2.34,6.01323786740596,6013.23786740596,261.626358430246,0.170997619889049
"F1","A_o",13431.9671593022,13.4319671593022,"1HW","25",-1.69,2.6,17.5050362869614,17505.0362869614,5459.82081790326,3.56851033849886
"F1","G_h",1687.634,1.687634,"1HW","25",0.19,2.34,5.27024910551152,5270.24910551152,229.300106182237,0.149869350445907
"F1","A_o",11961.7912672079,11.9617912672079,"1HW","25",-1.69,2.6,12.950012012551,12950.012012551,4039.10874671467,2.63994035732985
"F1","G_h",1192.493,1.192493,"1HW","25",0.19,2.34,2.33833463190191,2338.33463190191,101.737198498641,0.066494900979504
"F1","A_o",11599.7877723919,11.5997877723919,"1HW","25",-1.69,2.6,11.9555652257926,11955.5652257926,3728.9407939247,2.43721620517954
"F1","G_h",1816.928,1.816928,"1HW","25",0.19,2.34,6.26397851515106,6263.97851515106,272.535682828598,0.178127897273594
"F1","A_o",14221.3638171282,14.2213638171282,"1HW","25",-1.69,2.6,20.307068878315,20307.068878315,6333.77478314645,4.13972208048788
"F1","G_h",1439.036,1.439036,"1HW","25",0.19,2.34,3.62984166507238,3629.84166507238,157.928603100635,0.103221309216101
"F1","A_o",9258.69899623024,9.25869899623024,"1HW","25",-1.69,2.6,6.65318974821189,6653.18974821189,2075.12988246729,1.35629404082829
"F1","G_h",1858.229,1.858229,"1HW","25",0.19,2.34,6.60225366607021,6602.25366607021,287.253493404849,0.187747381310359
"F1","A_o",10061.8356505185,10.0618356505185,"1HW","25",-1.69,2.6,8.25963336964858,8259.63336964858,2576.17964799339,1.6837775477081
"F1","G_h",2880.559,2.880559,"1HW","25",0.19,2.34,18.4151666473933,18415.1666473933,801.214436561448,0.523669566380031
"F1","A_o",11405.1238389818,11.4051238389818,"1HW","25",-1.69,2.6,11.4408953665673,11440.8953665673,3568.41526483233,2.33229755871394
"F1","G_h",3232.013,3.232013,"1HW","25",0.19,2.34,24.108325780827,24108.325780827,1048.91468140253,0.685565151243485
"F1","A_o",11946.4874900302,11.9464874900302,"1HW","25",-1.69,2.6,12.9069790431754,12906.9790431754,4025.68676356642,2.63116781932446
"F1","G_h",3493.003,3.493003,"1HW","25",0.19,2.34,28.9124945029822,28912.4945029822,1257.93637583355,0.822180637799706
"F1","A_o",10855.3335148107,10.8553335148107,"1HW","25",-1.69,2.6,10.0617204009224,10061.7204009224,3138.2505930477,2.05114417846255
"F1","G_h",3232.497,3.232497,"1HW","25",0.19,2.34,24.1167746530989,24116.7746530989,1049.28227831689,0.685805410664634
"F1","A_o",10524.74795456,10.52474795456,"1HW","25",-1.69,2.6,9.28432705836957,9284.32705836957,2895.78160950547,1.89266771863103
"F1","G_h",3580.044,3.580044,"1HW","25",0.19,2.34,30.6265990149273,30626.5990149273,1332.51432058106,0.870924392536643
"F1","A_o",6575.78555015805,6.57578555015805,"1HW","25",-1.69,2.6,2.73315252235129,2733.15252235129,852.470271721367,0.557170112236188
"F1","G_h",3936.272,3.936272,"1HW","25",0.19,2.34,38.2383493111995,38238.3493111995,1663.68939717139,1.08737869096169
"F1","A_o",8887.19370654099,8.88719370654099,"1HW","25",-1.69,2.6,5.98119663298758,5981.19663298758,1865.53522982883,1.21930407178355
"F1","G_h",3817.841,3.817841,"1HW","25",0.19,2.34,35.600306733267,35600.306733267,1548.91238547367,1.0123610362573
"F1","A_o",8741.2636183129,8.7412636183129,"1HW","25",-1.69,2.6,5.72918658590641,5729.18658590641,1786.93329614421,1.16793025891778
"F1","G_h",3901.711,3.901711,"1HW","25",0.19,2.34,37.4573396801054,37457.3396801054,1629.7089177379,1.06516922727967
"F1","A_o",10972.1568201701,10.9721568201701,"1HW","25",-1.69,2.6,10.3456841638592,10345.6841638592,3226.81889070768,2.1090319547109
"F1","G_h",6660.528,6.660528,"1HW","25",0.19,2.34,130.921285385217,130921.285385217,5696.17565305417,3.72299062291122
"F1","A_o",10337.529887426,10.337529887426,"1HW","25",-1.69,2.6,8.86101809156211,8861.01809156211,2763.75154275822,1.80637355735832
"F1","G_h",5713.357,5.713357,"1HW","25",0.19,2.34,91.437803876352,91437.803876352,3978.31254617387,2.60020427854501
"F1","A_o",8879.67207579601,8.87967207579601,"1HW","25",-1.69,2.6,5.96804393975772,5968.04393975772,1861.43290481043,1.21662281360159
"F1","G_h",7893.389,7.893389,"1HW","25",0.19,2.34,194.803432189936,194803.432189936,8475.58564909262,5.53959846345923
"F1","A_o",8751.94785195687,8.75194785195687,"1HW","25",-1.69,2.6,5.74741127094202,5747.41127094202,1792.61757540682,1.1716454741221
"F1","G_h",7381.929,7.381929,"1HW","25",0.19,2.34,166.539586221779,166539.586221779,7245.87093317163,4.73586335501414
"F1","A_o",8599.65224026922,8.59965224026922,"1HW","25",-1.69,2.6,5.49098569173207,5490.98569173207,1712.63843725123,1.11937152761518
"F1","G_h",8507.531,8.507531,"1HW","25",0.19,2.34,232.134817394573,232134.817394573,10099.81448913,6.60118594060787
"F1","A_o",9345.38384129834,9.34538384129834,"1HW","25",-1.69,2.6,6.81636085681273,6816.36085681273,2126.02295123989,1.38955748447052
"F1","G_h",989.329,0.989329,"1HW","25",0.19,2.34,1.51041861978496,1510.41861978496,65.7158974770522,0.0429515669784655
"F1","A_o",10780.357454317,10.780357454317,"1HW","25",-1.69,2.6,9.88203117488352,9882.03117488352,3082.20552344617,2.01451341401711
"F1","G_h",1098.08,1.09808,"1HW","25",0.19,2.34,1.92789562070791,1927.89562070791,83.8796538240079,0.0548233031529463
"F1","A_o",11222.8668726257,11.2228668726257,"1HW","25",-1.69,2.6,10.9715985729816,10971.5985729816,3422.04159491295,2.23662849340716
"F1","G_h",987.064,0.987064,"1HW","25",0.19,2.34,1.50233931216351,1502.33931216351,65.364379729335,0.0427218168165588
"F1","A_o",8214.18262900196,8.21418262900196,"1HW","25",-1.69,2.6,4.8737957127344,4873.7957127344,1520.13688280186,0.99355351817115
"F1","G_h",1042.224,1.042224,"1HW","25",0.19,2.34,1.70619593607514,1706.19593607514,74.2338552651316,0.0485188596504128
"F1","A_o",7892.27313151423,7.89227313151423,"1HW","25",-1.69,2.6,4.39263863795134,4392.63863795135,1370.06399117702,0.895466660900016
"F1","G_h",980.236,0.980236,"1HW","25",0.19,2.34,1.47813369466938,1478.13369466938,64.3112320411533,0.0420334849942178
"F1","A_o",9073.2178839294,9.0732178839294,"1HW","25",-1.69,2.6,6.3121815915337,6312.1815915337,1968.76943839936,1.28677741071854
"F1","G_h",3344.954,3.344954,"1HW","25",0.19,2.34,26.1260016717684,26126.0016717684,1136.70053113597,0.742941523618279
"F1","A_o",7239.9738393051,7.2399738393051,"1HW","25",-1.69,2.6,3.51007335012953,3510.07335012953,1094.7918779054,0.715550246996994
"F1","G_h",3510.329,3.510329,"1HW","25",0.19,2.34,29.249194019857,29249.194019857,1272.58563309355,0.831755315747415
"F1","A_o",6751.63595375757,6.75163595375757,"1HW","25",-1.69,2.6,2.92727446779715,2927.27446779715,913.016906505932,0.596743076147668
"F1","G_h",4668.694,4.668694,"1HW","25",0.19,2.34,57.0055656240086,57005.5656240086,2480.22095139562,1.62105944535661
"F1","A_o",8589.25020303351,8.58925020303351,"1HW","25",-1.69,2.6,5.47373363732138,5473.73363732138,1707.25752148054,1.11585458920297
"F1","G_h",3128.962,3.128962,"1HW","25",0.19,2.34,22.34789776353,22347.89776353,972.321275054768,0.635504101342986
"F1","A_o",8999.06372374719,8.99906372374719,"1HW","25",-1.69,2.6,6.17892680374587,6178.92680374587,1927.20727008834,1.25961259482898
"F1","G_h",3161.349,3.161349,"1HW","25",0.19,2.34,22.892937162221,22892.937162221,996.035067228778,0.651003311914234
"F1","A_o",8636.65203438313,8.63665203438313,"1HW","25",-1.69,2.6,5.55262185912488,5552.62185912488,1731.86275786105,1.13193644304644
"F1","G_h",2954.303,2.954303,"1HW","25",0.19,2.34,19.5373106969858,19537.3106969858,850.037128728738,0.555579822698522
"F1","A_o",7325.58618876471,7.32558618876471,"1HW","25",-1.69,2.6,3.61901342536945,3619.01342536945,1128.77028737273,0.737758357759955
"F1","G_h",1688.828,1.688828,"1HW","25",0.19,2.34,5.27897839497742,5278.97839497742,229.679903600036,0.150117584052311
"F1","A_o",8033.54989335682,8.03354989335682,"1HW","25",-1.69,2.6,4.60001754038776,4600.01754038776,1434.74547084694,0.937742137808459
"F1","G_h",2034.884,2.034884,"1HW","25",0.19,2.34,8.16550026779808,8165.50026779808,355.267851851466,0.232201210360435
"F1","A_o",9524.1643792559,9.5241643792559,"1HW","25",-1.69,2.6,7.16060791369811,7160.60791369811,2233.39360828244,1.45973438449833
"F1","G_h",610.714,0.610714,"1HW","25",0.19,2.34,0.488495569926554,488.495569926554,21.2536606545925,0.0138912814735898
"F1","A_o",8513.09805277877,8.51309805277877,"1HW","25",-1.69,2.6,5.34844892026229,5348.44892026229,1668.18121822981,1.09031452171883
"F1","G_h",1198.672,1.198672,"1HW","25",0.19,2.34,2.36678519518278,2366.78519518278,102.975036986091,0.0673039457425429
"F1","A_o",9265.10155122113,9.26510155122113,"1HW","25",-1.69,2.6,6.66515844415907,6665.15844415907,2078.86291873321,1.35873393381256
"F1","G_h",1395.437,1.395437,"1HW","25",0.19,2.34,3.37770679722273,3377.70679722273,146.958618416286,0.0960513845858076
"F1","A_o",7250.89293391231,7.25089293391231,"1HW","25",-1.69,2.6,3.52385378760878,3523.85378760878,1099.08999635518,0.718359474741947
"F1","G_h",1951.544,1.951544,"1HW","25",0.19,2.34,7.40432261154601,7404.32261154601,322.150229912188,0.21055570582496
"F1","A_o",9044.98059040553,9.04498059040553,"1HW","25",-1.69,2.6,6.26123294956052,6261.23294956052,1952.87855696792,1.27639121370453
"F1","G_h",1122.278,1.122278,"1HW","25",0.19,2.34,2.02878045322305,2028.78045322305,88.2689914710099,0.0576921512882418
"F1","A_o",7653.44898763105,7.65344898763105,"1HW","25",-1.69,2.6,4.05535332930811,4055.35332930811,1264.8647034112,0.826708956477908
"F1","G_h",1680.189,1.680189,"1HW","25",0.19,2.34,5.21600550199257,5216.00550199257,226.940053782893,0.148326832537839
"F1","A_o",7688.63096690739,7.68863096690739,"1HW","25",-1.69,2.6,4.10400085717548,4104.00085717548,1280.03786735303,0.836626057093484
"F1","G_h",2647.115,2.647115,"1HW","25",0.19,2.34,15.1108318560227,15110.8318560227,657.44811672458,0.429704651453974
"F1","A_o",8125.23075756024,8.12523075756024,"1HW","25",-1.69,2.6,4.73775752406022,4737.75752406022,1477.70657175438,0.965821288728354
"F1","G_h",1904.87,1.90487,"1HW","25",0.19,2.34,6.99656544025756,6996.56544025756,304.409367800902,0.198960371111701
"F1","A_o",9142.60314071772,9.14260314071772,"1HW","25",-1.69,2.6,6.43845490128501,6438.45490128501,2008.1540837108,1.3125190089613
"F1","G_h",2283.908,2.283908,"1HW","25",0.19,2.34,10.6981316372081,10698.1316372081,465.458590524304,0.304221300996277
"F1","A_o",10112.6136944709,10.1126136944709,"1HW","25",-1.69,2.6,8.36844729208848,8368.44729208848,2610.1187104024,1.70595994143948
"F1","G_h",2064.7,2.0647,"1HW","25",0.19,2.34,8.44822129184888,8448.22129184888,367.568591254278,0.240240909316522
"F1","A_o",9047.76855413485,9.04776855413485,"1HW","25",-1.69,2.6,6.26625197936623,6266.25197936623,1954.44399236433,1.27741437409433
"F1","G_h",1562.118,1.562118,"1HW","25",0.19,2.34,4.39835599971586,4398.35599971586,191.365432178038,0.125075445867998
"F1","A_o",8920.28769811987,8.92028769811987,"1HW","25",-1.69,2.6,6.03927825633881,6039.27825633881,1883.65088815207,1.23114437134122
"F1","G_h",1375.4,1.3754,"1HW","25",0.19,2.34,3.26530615392682,3265.30615392682,142.06824626751,0.092855062919941
"F1","A_o",10009.7291893421,10.0097291893421,"1HW","25",-1.69,2.6,8.14888244150279,8148.88244150279,2541.63643350472,1.66120028333642
"F1","G_h",482.522,0.482522,"1HW","25",0.19,2.34,0.281468668751222,281.468668751222,12.2462514274957,0.00800408590032396
"F1","A_o",9875.76136087095,9.87576136087095,"1HW","25",-1.69,2.6,7.86834739720796,7868.34739720796,2454.13755318916,1.60401147267266
"F1","G_h",1981.372,1.981372,"1HW","25",0.19,2.34,7.67185683973636,7671.85683973636,333.790216125985,0.218163539951624
"F1","A_o",9373.02199850733,9.37302199850734,"1HW","25",-1.69,2.6,6.86889779560177,6868.89779560177,2142.40922244819,1.40026746565241
"F1","G_h",1785.483,1.785483,"1HW","25",0.19,2.34,6.01323786740596,6013.23786740596,261.626358430246,0.170997619889049
"F1","A_o",8361.25641746204,8.36125641746204,"1HW","25",-1.69,2.6,5.10394528404071,5103.94528404071,1591.9205340923,1.04047093731523
"F1","G_h",1216.47,1.21647,"1HW","25",0.19,2.34,2.44983752788115,2449.83752788115,106.588511098064,0.0696656935281465
"F1","A_o",8185.78593812472,8.18578593812472,"1HW","25",-1.69,2.6,4.83010972876254,4830.10972876254,1506.51122440104,0.984647859085646
"F1","G_h",1149.866,1.149866,"1HW","25",0.19,2.34,2.14740779089425,2147.40779089425,93.4302771293434,0.061065540607414
"F1","A_o",9029.33479928821,9.02933479928821,"1HW","25",-1.69,2.6,6.233112522962,6233.112522962,1944.10779591185,1.27065869013846
"F1","G_h",2113.141,2.113141,"1HW","25",0.19,2.34,8.91933826694499,8919.338266945,388.06613705355,0.253637998074215
"F1","A_o",7519.81293765626,7.51981293765626,"1HW","25",-1.69,2.6,3.87380982977937,3873.80982977937,1208.24128590818,0.789700186868094
"F1","G_h",1948.789,1.948789,"1HW","25",0.19,2.34,7.37988641868429,7379.88641868429,321.087050258684,0.209860817162538
"F1","A_o",8688.82322957745,8.68882322957746,"1HW","25",-1.69,2.6,5.64025190155862,5640.25190155862,1759.19456809613,1.14980037130466
"F1","G_h",2490.955,2.490955,"1HW","25",0.19,2.34,13.1067846454374,13106.7846454374,570.255229067548,0.372715835991861
"F1","A_o",8193.80281906251,8.19380281906251,"1HW","25",-1.69,2.6,4.84241852536592,4842.41852536592,1510.35033806163,0.987157083700412
"F1","G_h",883.921,0.883921,"1HW","25",0.19,2.34,1.16039935152917,1160.39935152917,50.4871191460718,0.0329981170889358
"F1","A_o",7948.17041783871,7.94817041783871,"1HW","25",-1.69,2.6,4.47398622693737,4473.98622693737,1395.43630418176,0.912049872014225
"F1","G_h",1195.868,1.195868,"1HW","25",0.19,2.34,2.35385004943217,2353.85004943217,102.412249490714,0.0669361107782447
"F1","A_o",8314.37909512824,8.31437909512824,"1HW","25",-1.69,2.6,5.02987900433824,5029.87900433824,1568.8192614531,1.02537206630921
"F1","G_h",2706.496,2.706496,"1HW","25",0.19,2.34,15.9159765865794,15915.9765865794,692.478675719531,0.452600441646752
"F1","A_o",9028.86729656569,9.02886729656569,"1HW","25",-1.69,2.6,6.23227347127718,6232.27347127718,1943.84609569135,1.27048764424271
"F1","G_h",3492.426,3.492426,"1HW","25",0.19,2.34,28.9013199487491,28901.3199487491,1257.45018885815,0.821862868534742
"F1","A_o",7707.37818607568,7.70737818607568,"1HW","25",-1.69,2.6,4.13006931691502,4130.06931691502,1288.16861994579,0.841940274474375
"F1","G_h",4084.757,4.084757,"1HW","25",0.19,2.34,41.699319541257,41699.319541257,1814.27067432883,1.18579782635871
"F1","A_o",8933.48642248233,8.93348642248233,"1HW","25",-1.69,2.6,6.06253909717894,6062.53909717894,1890.90594441011,1.23588623817654
"F1","G_h",4336.097,4.336097,"1HW","25",0.19,2.34,47.952541974616,47952.541974616,2086.33837724838,1.36361985441071
"F1","A_o",8703.83759480083,8.70383759480083,"1HW","25",-1.69,2.6,5.66562760131137,5665.62760131137,1767.10924884902,1.1549733652608
"F1","G_h",4296.314,4.296314,"1HW","25",0.19,2.34,46.9293646188075,46929.3646188075,2041.82156758092,1.33452390037969
"F1","A_o",8987.63579057762,8.98763579057762,"1HW","25",-1.69,2.6,6.15854627523693,6158.54627523693,1920.8505832464,1.25545789754667
"F1","G_h",3639.582,3.639582,"1HW","25",0.19,2.34,31.8317510711127,31831.7510711127,1384.9485583024,0.905195136145361
"F1","A_o",8038.2278600476,8.0382278600476,"1HW","25",-1.69,2.6,4.60698516516749,4606.98516516749,1436.91867301574,0.939162531382836
"F1","G_h",1062.645,1.062645,"1HW","25",0.19,2.34,1.78545288851688,1785.45288851688,77.6821984547477,0.0507726787285933
"F1","A_o",8958.06250421479,8.95806250421479,"1HW","25",-1.69,2.6,6.10599760729446,6105.99760729446,1904.46065371514,1.24474552530401
"F1","G_h",4022.46,4.02246,"1HW","25",0.19,2.34,40.226352761056,40226.352761056,1750.18424646913,1.14391127220205
"F1","A_o",8165.35659382109,8.16535659382109,"1HW","25",-1.69,2.6,4.79883044081723,4798.83044081723,1496.75521449089,0.978271382020193
"F1","G_h",881.892,0.881892,"1HW","25",0.19,2.34,1.15417600957382,1154.17600957382,50.2163514949417,0.0328211447679358
"F1","A_o",9155.82251460349,9.15582251460349,"1HW","25",-1.69,2.6,6.46268740224146,6462.68740224146,2015.71220075911,1.31745895474452
"F1","G_h",3551.415,3.551415,"1HW","25",0.19,2.34,30.0565641548595,30056.5641548595,1307.71301587529,0.854714389460972
"F1","A_o",6407.77088830494,6.40777088830494,"1HW","25",-1.69,2.6,2.55527787771821,2555.27787771821,796.991170060311,0.520909261477327
"F1","G_h",4712.413,4.712413,"1HW","25",0.19,2.34,58.2625418944055,58262.5418944055,2534.90997775855,1.65680390703173
"F1","A_o",7801.11932332054,7.80111932332054,"1HW","25",-1.69,2.6,4.26194650276172,4261.94650276172,1329.30111421138,0.868824257654496
"F1","G_h",4210.84,4.21084,"1HW","25",0.19,2.34,44.773686191646,44773.686191646,1948.03144830061,1.27322316882393
"F1","A_o",8135.44438816936,8.13544438816936,"1HW","25",-1.69,2.6,4.75325736519852,4753.25736519852,1482.54097220542,0.96898102758524
"F1","G_h",4079.108,4.079108,"1HW","25",0.19,2.34,41.5645016142127,41564.5016142127,1808.40496203181,1.18196402747177
"F1","A_o",8684.13495750014,8.68413495750014,"1HW","25",-1.69,2.6,5.63234263510895,5632.34263510895,1756.72766789048,1.14818801822907
"F1","G_h",2895.133,2.895133,"1HW","25",0.19,2.34,18.6339246919664,18633.9246919664,810.73224906795,0.529890358867941
"F1","A_o",7382.4833351882,7.3824833351882,"1HW","25",-1.69,2.6,3.69255043391165,3692.55043391165,1151.70648033704,0.752749333553623
"F1","G_h",4238.819,4.238819,"1HW","25",0.19,2.34,45.472936582499,45472.936582499,1978.454714006,1.29310765621307
"F1","A_o",7754.55239183026,7.75455239183026,"1HW","25",-1.69,2.6,4.19611623377226,4196.11623377226,1308.76865331357,0.85540434857096
"F1","G_h",1538.726,1.538726,"1HW","25",0.19,2.34,4.24577938134291,4245.77938134291,184.72706763522,0.120736645513215
"F1","A_o",7947.91542449215,7.94791542449215,"1HW","25",-1.69,2.6,4.47361304679791,4473.61304679791,1395.31990929627,0.911973796925665
"F1","G_h",1350.267,1.350267,"1HW","25",0.19,2.34,3.12738961647268,3127.38961647268,136.06771838934,0.0889331492740784
"F1","A_o",7400.14316907961,7.40014316907961,"1HW","25",-1.69,2.6,3.71556032881802,3715.56032881802,1158.88326655834,0.757440043502184
"F1","G_h",1653.868,1.653868,"1HW","25",0.19,2.34,5.02680427391777,5026.80427391777,218.708211071324,0.142946543183872
"F1","A_o",7334.11716881569,7.33411716881569,"1HW","25",-1.69,2.6,3.62998135351506,3629.98135351506,1132.19118416135,0.739994238013952
"F1","G_h",1246.286,1.246286,"1HW","25",0.19,2.34,2.59265933819163,2592.65933819163,112.802459549777,0.0737270977449522
"F1","A_o",7360.36249675104,7.36036249675104,"1HW","25",-1.69,2.6,3.66385206502315,3663.85206502315,1142.75545908072,0.746898992863215
"F1","G_h",2607.492,2.607492,"1HW","25",0.19,2.34,14.5868589696623,14586.8589696623,634.650894795655,0.414804506402389
"F1","A_o",7715.62633225739,7.71562633225739,"1HW","25",-1.69,2.6,4.14157075382324,4141.57075382324,1291.75591811747,0.844284913802266
"F1","G_h",2668.594,2.668594,"1HW","25",0.19,2.34,15.3993029258602,15399.3029258602,669.999031419497,0.437907863672874
"F1","A_o",8911.21835133044,8.91121835133044,"1HW","25",-1.69,2.6,6.023326730862,6023.326730862,1878.67560735586,1.22789255382736
"F1","G_h",2120.756,2.120756,"1HW","25",0.19,2.34,8.99473241953075,8994.73241953074,391.346416001911,0.255781971243079
"F1","A_o",7297.56925545955,7.29756925545955,"1HW","25",-1.69,2.6,3.58313676901102,3583.13676901102,1117.58035825454,0.730444678597737
"F1","G_h",1533.48,1.53348,"1HW","25",0.19,2.34,4.21198476722463,4211.98476722463,183.256718046316,0.11977563271001
"F1","A_o",8759.54889959749,8.75954889959749,"1HW","25",-1.69,2.6,5.76039848656913,5760.39848656913,1796.66828796091,1.17429299866726
"F1","G_h",1502.956,1.502956,"1HW","25",0.19,2.34,4.018410164243,4018.410164243,174.83459678995,0.114270978294085
"F1","A_o",8699.71065056185,8.69971065056185,"1HW","25",-1.69,2.6,5.65864568816119,5658.64568816119,1764.93159013747,1.15355005891338
"F1","G_h",1880.385,1.880385,"1HW","25",0.19,2.34,6.78793165315289,6787.93165315289,295.332045538037,0.193027480743815
"F1","A_o",8706.77668720471,8.70677668720471,"1HW","25",-1.69,2.6,5.6706031519189,5670.6031519189,1768.6611230835,1.15598766214608
"F1","G_h",1642.458,1.642458,"1HW","25",0.19,2.34,4.94602831696716,4946.02831696716,215.193778425934,0.140649528382963
"F1","A_o",8899.10148715478,8.89910148715478,"1HW","25",-1.69,2.6,6.00205560993734,6002.05560993734,1872.04114473946,1.22355630375128
"F1","G_h",1185.715,1.185715,"1HW","25",0.19,2.34,2.30735243031164,2307.35243031164,100.389212478971,0.0656138643653406
"F1","A_o",7612.36912131153,7.61236912131153,"1HW","25",-1.69,2.6,3.99900163046299,3999.00163046299,1247.28860854141,0.815221312772162
"F1","G_h",944.646,0.944646,"1HW","25",0.19,2.34,1.35559410150234,1355.59410150234,58.9797304058043,0.0385488434024865
"F1","A_o",8012.11308634867,8.01211308634867,"1HW","25",-1.69,2.6,4.5681713239192,4568.1713239192,1424.8126359304,0.931250088843397
"F1","G_h",1825.41,1.82541,"1HW","25",0.19,2.34,6.332619520883,6332.619520883,275.522143162386,0.180079832132278
"F1","A_o",7483.15733032795,7.48315733032795,"1HW","25",-1.69,2.6,3.82490522123216,3824.90522123216,1192.98793850231,0.77973067875968
"F1","G_h",1586.012,1.586012,"1HW","25",0.19,2.34,4.55739988771327,4557.39988771327,198.285177274584,0.129598155081428
"F1","A_o",7142.32335511683,7.14232335511683,"1HW","25",-1.69,2.6,3.38830675196054,3388.30675196054,1056.81287593649,0.690727369893133
"F1","G_h",1587,1.587,"1HW","25",0.19,2.34,4.5640459546117,4564.0459546117,198.574337011628,0.129787148373613
"F1","A_o",8048.26374255457,8.04826374255457,"1HW","25",-1.69,2.6,4.62195507170039,4621.95507170039,1441.58778686335,0.942214239779968
"F1","G_h",1694.915,1.694915,"1HW","25",0.19,2.34,5.32360887397654,5323.60887397654,231.621704332521,0.151386734857857
"F1","A_o",9288.03606352149,9.28803606352149,"1HW","25",-1.69,2.6,6.7081400617456,6708.1400617456,2092.26888525845,1.3674960034369
"F1","G_h",1901.694,1.901694,"1HW","25",0.19,2.34,6.96929886567981,6969.29886567981,303.223042767543,0.198184995272904
"F1","A_o",8109.6894988662,8.1096894988662,"1HW","25",-1.69,2.6,4.71423240317056,4714.23240317056,1470.3690865489,0.961025546763986
"F1","G_h",1230.195,1.230195,"1HW","25",0.19,2.34,2.51500620371477,2515.00620371477,109.423895913704,0.0715188862181069
"F1","A_o",6506.63420576887,6.50663420576887,"1HW","25",-1.69,2.6,2.6590507063242,2659.0507063242,829.357915302517,0.54206399692975
"F1","G_h",1927.303,1.927303,"1HW","25",0.19,2.34,7.1908957722331,7190.8957722331,312.864369616627,0.204486516089299
"F1","A_o",6684.99694153606,6.68499694153606,"1HW","25",-1.69,2.6,2.85274631829334,2852.74631829334,889.771576675693,0.581550050114832
"F1","G_h",2413.075,2.413075,"1HW","25",0.19,2.34,12.1679024539906,12167.9024539906,529.405967129204,0.346016971979872
"F1","A_o",6758.37969335775,6.75837969335775,"1HW","25",-1.69,2.6,2.93488255580496,2934.88255580496,915.389869155568,0.598294032127822
"F1","G_h",2472.01,2.47201,"1HW","25",0.19,2.34,12.8747119865447,12874.7119865447,560.158118995382,0.366116417644041
"F1","A_o",6204.81175248418,6.20481175248418,"1HW","25",-1.69,2.6,2.35014352616756,2350.14352616756,733.009765811661,0.4790913502037
"F1","G_h",2881.569,2.881569,"1HW","25",0.19,2.34,18.4302792104515,18430.2792104515,801.871960000006,0.524099320261442
"F1","A_o",6963.38186248782,6.96338186248782,"1HW","25",-1.69,2.6,3.17199541638157,3171.99541638157,989.345370369411,0.646630961025759
"F1","G_h",1183.826,1.183826,"1HW","25",0.19,2.34,2.29875996658997,2298.75996658997,100.015368130383,0.065369521653845
"F1","A_o",7618.17297005158,7.61817297005158,"1HW","25",-1.69,2.6,4.00693369114926,4006.93369114926,1249.76261826946,0.816838312594415
"F1","G_h",1685.378,1.685378,"1HW","25",0.19,2.34,5.25377815202062,5253.77815202062,228.583481349374,0.149400968202205
"F1","A_o",7585.64646542763,7.58564646542763,"1HW","25",-1.69,2.6,3.96260474635566,3962.60474635566,1235.93642038833,0.807801581953156
"F1","G_h",3976.391,3.976391,"1HW","25",0.19,2.34,39.1565529034029,39156.5529034029,1703.63896634242,1.11348952048524
"F1","A_o",6441.34870608864,6.44134870608864,"1HW","25",-1.69,2.6,2.59023822126033,2590.23822126033,807.895301211098,0.528036144582417
"F1","G_h",3847.165,3.847165,"1HW","25",0.19,2.34,36.2434475984923,36243.4475984923,1576.89441549424,1.03064994476748
"F1","A_o",5309.4726685119,5.3094726685119,"1HW","25",-1.69,2.6,1.56723316275455,1567.23316275455,488.820023463143,0.319490211413819
"F1","G_h",4874.43,4.87443,"1HW","25",0.19,2.34,63.0582306853357,63058.2306853357,2743.56272394986,1.79317825094762
"F1","A_o",20933.6755770332,20.9336755770332,"1HW","25",-1.69,2.6,55.4878978913914,55487.8978913914,17306.675352325,11.3115525178595
"F1","G_h",3538.848,3.538848,"1HW","25",0.19,2.34,29.8082766157831,29808.2766157831,1296.91042231014,0.847653870790939
"F1","A_o",21835.9350609719,21.8359350609719,"1HW","25",-1.69,2.6,61.9222408934585,61922.2408934585,19313.5469346697,12.6232332906338
"F1","G_h",5193.002,5.193002,"1HW","25",0.19,2.34,73.1272541207167,73127.2541207167,3181.64982318579,2.07950968835672
"F1","A_o",19970.2220174235,19.9702220174235,"1HW","25",-1.69,2.6,49.090281460531,49090.281460531,15311.2587875396,10.0073586846664
"F1","G_h",5162.91,5.16291,"1HW","25",0.19,2.34,72.1395215258151,72139.5215258151,3138.67515835377,2.05142167212665
"F1","A_o",22769.9917849663,22.7699917849663,"1HW","25",-1.69,2.6,69.0467867049261,69046.7867049261,21535.6927732665,14.0756161916774
"F1","G_h",5078.797,5.078797,"1HW","25",0.19,2.34,69.4193270414873,69419.3270414873,3020.32384865185,1.97406787493585
"F1","A_o",18353.1130330631,18.3531130330631,"1HW","25",-1.69,2.6,39.4135289935634,39413.5289935634,12293.0796930924,8.03469260986433
"F1","G_h",2582.3,2.5823,"1HW","25",0.19,2.34,14.2592166259459,14259.2166259459,620.395700648304,0.405487386044643
"F1","A_o",14156.6784110069,14.1566784110069,"1HW","25",-1.69,2.6,20.0677902479513,20067.7902479513,6259.143778336,4.09094364597124
"F1","G_h",2353.711,2.353711,"1HW","25",0.19,2.34,11.4789546627116,11478.9546627116,499.430951047122,0.326425458200733
"F1","A_o",13126.5715860335,13.1265715860335,"1HW","25",-1.69,2.6,16.4889655056296,16488.9655056296,5142.90834120589,3.36137800078816
"F1","G_h",2347.521,2.347521,"1HW","25",0.19,2.34,11.4084382801107,11408.4382801107,496.36289606637,0.324420193507431
"F1","A_o",14028.4814429492,14.0284814429492,"1HW","25",-1.69,2.6,19.5987205804884,19598.7205804884,6112.84094905433,3.99532088173486
"F1","G_h",1531.288,1.531288,"1HW","25",0.19,2.34,4.19790974725085,4197.90974725085,182.644336447289,0.119375383298882
"F1","A_o",13383.0290868634,13.3830290868634,"1HW","25",-1.69,2.6,17.3396967067591,17339.6967067591,5408.25140283816,3.53480483845632
"F1","G_h",2829.117,2.829117,"1HW","25",0.19,2.34,17.6548131503707,17654.8131503707,768.132672471589,0.502047498347444
"F1","A_o",9632.1839220761,9.6321839220761,"1HW","25",-1.69,2.6,7.37368181557007,7373.68181557007,2299.85135827631,1.50317082240281
"F1","G_h",1822.833,1.822833,"1HW","25",0.19,2.34,6.31171971108604,6311.71971108604,274.612825877816,0.179485507109683
"F1","A_o",11427.0765621398,11.4270765621398,"1HW","25",-1.69,2.6,11.4982396655519,11498.2396655519,3586.30095168564,2.34398755012133
"F1","G_h",2412.054,2.412054,"1HW","25",0.19,2.34,12.1558586585309,12155.8586585309,528.881960858826,0.345674484221455
"F1","A_o",10905.3832526394,10.9053832526394,"1HW","25",-1.69,2.6,10.1827815086594,10182.7815086594,3176.00955255087,2.07582323696136
"F1","G_h",1590.523,1.590523,"1HW","25",0.19,2.34,4.58778958968082,4587.78958968082,199.607384583669,0.130462342865143
"F1","A_o",6859.75321341587,6.85975321341587,"1HW","25",-1.69,2.6,3.05071809960944,3050.71809960944,951.518975268184,0.62190782697267
"F1","G_h",1639.729,1.639729,"1HW","25",0.19,2.34,4.92681961263191,4926.81961263191,214.358038434234,0.140103293094271
"F1","A_o",7634.27067924679,7.63427067924679,"1HW","25",-1.69,2.6,4.02898490985078,4028.98490985078,1256.64039338246,0.821333590446051
"F1","G_h",1185.149,1.185149,"1HW","25",0.19,2.34,2.30477594899879,2304.77594899879,100.277113899419,0.0655405973198817
"F1","A_o",7093.71000614847,7.09371000614847,"1HW","25",-1.69,2.6,3.32867135683246,3328.67135683246,1038.21259619604,0.67857032431114
"F1","G_h",1423.393,1.423393,"1HW","25",0.19,2.34,3.53818137601426,3538.18137601426,153.940610580179,0.10061477815698
"F1","A_o",12245.348264202,12.245348264202,"1HW","25",-1.69,2.6,13.7633757670218,13763.3757670218,4292.7969017341,2.80574960897654
"F1","G_h",2667.503,2.667503,"1HW","25",0.19,2.34,15.3845750473131,15384.5750473131,669.358244988517,0.437489049012103
"F1","A_o",10570.9159670983,10.5709159670983,"1HW","25",-1.69,2.6,9.39058856855824,9390.58856855824,2928.92457453332,1.91432978727668
"F1","G_h",20663.647,20.663647,"1HW","25",0.19,2.34,1851.75838311958,1851758.38311958,80567.0444361199,52.6581989778561
"F1","A_o",10605.3662646546,10.6053662646546,"1HW","25",-1.69,2.6,9.4703656350296,9470.3656350296,2953.80704156573,1.93059283762466
"F1","G_h",13372.919,13.372919,"1HW","25",0.19,2.34,668.912545050445,668912.545050445,29103.3145750728,19.0217742320737
"F1","A_o",9514.20154842483,9.51420154842483,"1HW","25",-1.69,2.6,7.14114913397083,7141.14913397083,2227.3244148855,1.45576759142843
"F1","G_h",17148.427,17.148427,"1HW","25",0.19,2.34,1196.97432875092,1196974.32875092,52078.4378850265,34.0381946960958
"F1","A_o",13098.911073687,13.098911073687,"1HW","25",-1.69,2.6,16.3987786519662,16398.7786519663,5114.77906154827,3.34299285068515
"F1","G_h",16905.238,16.905238,"1HW","25",0.19,2.34,1157.6301174778,1157630.1174778,50366.6342032709,32.9193687603078
"F1","A_o",13510.5390948014,13.5105390948014,"1HW","25",-1.69,2.6,17.7725180549252,17772.5180549252,5543.24838133116,3.62303815773278
"F1","G_h",16753.857,16.753857,"1HW","25",0.19,2.34,1133.51857674839,1133518.57674839,49317.5796445998,32.2337121860129
"F1","A_o",14239.8061256988,14.2398061256988,"1HW","25",-1.69,2.6,20.3756090307378,20375.6090307378,6355.15245668713,4.15369441613538
"F1","G_h",19154.183,19.154183,"1HW","25",0.19,2.34,1550.58971775394,1550589.71775394,67463.6776759254,44.093906977729
"F1","A_o",14857.6882399732,14.8576882399732,"1HW","25",-1.69,2.6,22.7548107210291,22754.8107210291,7097.22546388896,4.6387094535222
"F1","G_h",14893.574,14.893574,"1HW","25",0.19,2.34,860.632001143204,860632.001143204,37444.721358539,24.4736740905484
"F1","A_o",15525.1955911309,15.5251955911309,"1HW","25",-1.69,2.6,25.5091747345795,25509.1747345795,7956.31159971534,5.20020365994466
"F1","G_h",17471.652,17.471652,"1HW","25",0.19,2.34,1250.43606697126,1250436.06697126,54404.4725762122,35.5584788079818
"F1","A_o",12629.2686821442,12.6292686821442,"1HW","25",-1.69,2.6,14.9136287279197,14913.6287279197,4651.56080023816,3.04023581714912
"F1","G_h",15129.326,15.129326,"1HW","25",0.19,2.34,892.848594811314,892848.594811314,38846.4138024886,25.389812942803
"F1","A_o",12521.3164272623,12.5213164272623,"1HW","25",-1.69,2.6,14.5844473171402,14584.4473171402,4548.88911821603,2.97313014262485
"F1","A_o",13082.48076864,13.08248076864,"1HW","25",-1.69,2.6,16.3453518255176,16345.3518255176,5098.11523437893,3.33210146037838
"F1","A_o",12835.4268522471,12.8354268522471,"1HW","25",-1.69,2.6,15.5548856123679,15554.8856123679,4851.56882249756,3.17096001470429
"F1","A_o",12390.285103066,12.390285103066,"1HW","25",-1.69,2.6,14.190947037719,14190.947037719,4426.15638106457,2.89291266736246
"F1","A_o",13524.9395810728,13.5249395810728,"1HW","25",-1.69,2.6,17.8218123923425,17821.8123923425,5558.62328517164,3.63308711449127
"F1","A_o",12371.2399946365,12.3712399946365,"1HW","25",-1.69,2.6,14.1343032000414,14134.3032000414,4408.48916809291,2.88136546934177
"F1","A_o",12391.0926144457,12.3910926144457,"1HW","25",-1.69,2.6,14.1933518142334,14193.3518142334,4426.9064308594,2.89340289598654
"F1","A_o",10779.0129621043,10.7790129621043,"1HW","25",-1.69,2.6,9.87882710953475,9878.82710953474,3081.20617546389,2.01386024540123
"F1","A_o",12099.6122454369,12.0996122454369,"1HW","25",-1.69,2.6,13.3415343032479,13341.5343032479,4161.22454918301,2.71975460730915
"F1","A_o",9414.50133573707,9.41450133573707,"1HW","25",-1.69,2.6,6.94821159506146,6948.21159506146,2167.14719649967,1.41643607614357
"F1","A_o",9041.32948371532,9.04132948371532,"1HW","25",-1.69,2.6,6.25466378960226,6254.66378960226,1950.82963597694,1.27505204965813
"F1","A_o",11879.1669602524,11.8791669602524,"1HW","25",-1.69,2.6,12.7187246253336,12718.7246253336,3966.97021064154,2.59279098734741
"F1","A_o",10558.6638799949,10.5586638799949,"1HW","25",-1.69,2.6,9.36231628863444,9362.31628863444,2920.10645042508,1.90856630746737
"F1","A_o",11123.1525296186,11.1231525296186,"1HW","25",-1.69,2.6,10.7199441052067,10719.9441052067,3343.55056641397,2.18532716759083
"F1","A_o",13289.5835377644,13.2895835377644,"1HW","25",-1.69,2.6,17.02666399728,17026.66399728,5310.61650075164,3.47099117696186
"F1","A_o",12461.5808624443,12.4615808624443,"1HW","25",-1.69,2.6,14.4042338631012,14404.2338631012,4492.68054190128,2.93639251104659
"F1","A_o",11062.3105937122,11.0623105937122,"1HW","25",-1.69,2.6,10.5681557341478,10568.1557341478,3296.20777348071,2.15438416567367
"F1","A_o",10125.9296681285,10.1259296681285,"1HW","25",-1.69,2.6,8.39712768620282,8397.12768620282,2619.06412532666,1.71180661786056
"F1","A_o",12038.7488333105,12.0387488333105,"1HW","25",-1.69,2.6,13.1677484021901,13167.7484021901,4107.02072664309,2.68432727231575
"F1","A_o",9914.31124432821,9.91431124432821,"1HW","25",-1.69,2.6,7.94845329793438,7948.45329793438,2479.12258362573,1.62034155792532
"F1","A_o",10582.8655211676,10.5828655211676,"1HW","25",-1.69,2.6,9.41821328940192,9418.21328940192,2937.54072496446,1.9199612581467
"F1","A_o",9882.22714429734,9.88222714429734,"1HW","25",-1.69,2.6,7.88174832544497,7881.74832544497,2458.31730270628,1.60674333510215
"F1","A_o",9857.41826026943,9.85741826026943,"1HW","25",-1.69,2.6,7.83040598659327,7830.40598659327,2442.30362721844,1.59627688053493
"F1","A_o",9046.05079103646,9.04605079103646,"1HW","25",-1.69,2.6,6.26315928485098,6263.15928485098,1953.47938094502,1.27678390911439
"F1","A_o",9821.10570283233,9.82110570283233,"1HW","25",-1.69,2.6,7.75562856947299,7755.62856947299,2418.98055081863,1.58103303975074
"F1","A_o",9195.33823871226,9.19533823871226,"1HW","25",-1.69,2.6,6.5354582249828,6535.4582249828,2038.40942037214,1.33229373880532
"F1","A_o",10097.8981455551,10.0978981455551,"1HW","25",-1.69,2.6,8.33682265443441,8336.82265443441,2600.25498591809,1.69951306269156
"F1","A_o",8887.44474553108,8.88744474553108,"1HW","25",-1.69,2.6,5.98163591940484,5981.63591940484,1865.67224326237,1.2193936230473
"F1","A_o",9474.29588236757,9.47429588236757,"1HW","25",-1.69,2.6,7.06353421901,7063.53421901,2203.11632290922,1.43994530909099
"F1","A_o",8007.27049071587,8.00727049071587,"1HW","25",-1.69,2.6,4.56099607704619,4560.99607704619,1422.57467643071,0.929787370216148
"F1","A_o",7266.8181427446,7.2668181427446,"1HW","25",-1.69,2.6,3.54401179560387,3544.01179560387,1105.37727904885,0.722468809835849
"F1","A_o",9670.88515190335,9.67088515190335,"1HW","25",-1.69,2.6,7.45095923016994,7450.95923016994,2323.95418389001,1.51892430319608
"F1","A_o",9300.82189013966,9.30082189013966,"1HW","25",-1.69,2.6,6.73217585903943,6732.17585903943,2099.7656504344,1.37239584995712
"F1","A_o",11667.6294668626,11.6676294668626,"1HW","25",-1.69,2.6,12.1382152427493,12138.2152427493,3785.9093342135,2.47445054523758
"F1","A_o",8766.26560515388,8.76626560515388,"1HW","25",-1.69,2.6,5.77188972438537,5771.88972438537,1800.2524050358,1.17663555884693
"F1","A_o",8872.34874160366,8.87234874160366,"1HW","25",-1.69,2.6,5.95525511320004,5955.25511320004,1857.44406980709,1.21401573190006
"F1","A_o",8713.95987746342,8.71395987746342,"1HW","25",-1.69,2.6,5.68277479357336,5682.77479357336,1772.45745811553,1.1584689268729
"F1","A_o",7521.21501783331,7.52121501783331,"1HW","25",-1.69,2.6,3.87568803150063,3875.68803150063,1208.82709702505,0.790083069951011
"F1","A_o",9615.69296487257,9.61569296487257,"1HW","25",-1.69,2.6,7.34090371359483,7340.90371359483,2289.62786827023,1.496488802791
"F1","A_o",7835.07644757442,7.83507644757442,"1HW","25",-1.69,2.6,4.31034884134743,4310.34884134743,1344.39780361626,0.878691374912591
"F1","A_o",9757.07052739059,9.75707052739059,"1HW","25",-1.69,2.6,7.62483684212481,7624.83684212481,2378.18661105873,1.55437033402531
"F1","A_o",9112.64435418692,9.11264435418692,"1HW","25",-1.69,2.6,6.38374447219668,6383.74447219668,1991.08990087814,1.30136594828637
"F1","A_o",9205.05266075073,9.20505266075073,"1HW","25",-1.69,2.6,6.55342481345862,6553.42481345862,2044.01319931774,1.33595633942336
"F1","A_o",9009.24497949354,9.00924497949354,"1HW","25",-1.69,2.6,6.19711892771582,6197.11892771582,1932.88139355456,1.26332117225789
"F1","A_o",9489.71958460137,9.48971958460137,"1HW","25",-1.69,2.6,7.09347082176529,7093.47082176529,2212.4535493086,1.44604807144353
"F1","A_o",8287.87968060975,8.28787968060975,"1HW","25",-1.69,2.6,4.98830428780748,4988.30428780748,1555.85210736715,1.01689680220075
"F1","A_o",9116.04830801214,9.11604830801214,"1HW","25",-1.69,2.6,6.38994627358555,6389.94627358555,1993.02424273133,1.30263022400741
"F1","A_o",8113.607419386,8.113607419386,"1HW","25",-1.69,2.6,4.72015624654328,4720.15624654328,1472.21673329685,0.962233159017549
"F1","A_o",8301.40662739556,8.30140662739556,"1HW","25",-1.69,2.6,5.00950007286176,5009.50007286176,1562.46307272558,1.02121769459189
"F1","A_o",9119.00218286695,9.11900218286695,"1HW","25",-1.69,2.6,6.39533106147548,6395.33106147548,1994.7037580742,1.30372794645373
"F1","A_o",7308.60740961951,7.30860740961951,"1HW","25",-1.69,2.6,3.59724525231414,3597.24525231414,1121.98079419678,0.733320780520771
"F1","A_o",8784.27366028974,8.78427366028974,"1HW","25",-1.69,2.6,5.80276828048615,5802.76828048615,1809.88342668363,1.18293034423767
"F1","A_o",8395.39476272517,8.39539476272518,"1HW","25",-1.69,2.6,5.15830381060916,5158.30381060916,1608.874958529,1.05155226047647
"F1","A_o",10053.7006428476,10.0537006428476,"1HW","25",-1.69,2.6,8.24228199376278,8242.28199376278,2570.76775385461,1.68024036199648
"F1","A_o",8419.66216184275,8.41966216184275,"1HW","25",-1.69,2.6,5.19716052539218,5197.16052539218,1620.99436786982,1.05947344305217
"F1","A_o",7574.98989329278,7.57498989329278,"1HW","25",-1.69,2.6,3.94814732602394,3948.14732602394,1231.42715098687,0.804854347050239
"F1","A_o",8328.42771766832,8.32842771766832,"1HW","25",-1.69,2.6,5.05200595989681,5052.00595989681,1575.72065889182,1.02988278358942
"F1","A_o",7984.83392625806,7.98483392625806,"1HW","25",-1.69,2.6,4.52784246616533,4527.84246616533,1412.23406519697,0.92302880078233
"F1","A_o",8507.1006791728,8.5071006791728,"1HW","25",-1.69,2.6,5.33865785669253,5338.65785669253,1665.1273855024,1.08831855261595
"F1","A_o",7155.6598521223,7.1556598521223,"1HW","25",-1.69,2.6,3.40478104699515,3404.78104699515,1061.95120855779,0.694085757227312
"F1","A_o",6976.77131692819,6.97677131692819,"1HW","25",-1.69,2.6,3.18787782533519,3187.87782533519,994.299093722045,0.649868688707219
"F1","A_o",6506.26057763783,6.50626057763783,"1HW","25",-1.69,2.6,2.65865373129282,2658.65373129282,829.234098790231,0.541983071104726
"F1","A_o",6641.2969438589,6.6412969438589,"1HW","25",-1.69,2.6,2.80451351159877,2804.51351159877,874.727764267657,0.571717492985397
"F1","A_o",6917.65269405093,6.91765269405093,"1HW","25",-1.69,2.6,3.11811953976186,3118.11953976186,972.541484451725,0.635648029053415
"F1","A_o",7083.86673457671,7.08386673457671,"1HW","25",-1.69,2.6,3.3166755885952,3316.6755885952,1034.47111608284,0.676124912472446
"F1","A_o",6680.834,6.680834,"1HW","25",-1.69,2.6,2.84812975052422,2848.12975052422,888.331669188505,0.580608934110134
"F1","A_o",8000.338,8.000338,"1HW","25",-1.69,2.6,4.5507363220281,4550.7363220281,1419.37465884056,0.927695855451349
"F1","A_o",1845.936,1.845936,"1HW","25",-1.69,2.6,0.10049935235246,100.49935235246,31.3457479987323,0.0204874169926355
"F1","A_o",1448.36,1.44836,"1HW","25",-1.69,2.6,0.0534907833177143,53.4907833177143,16.6837753167951,0.0109044283116308
"F1","A_o",5152.35,5.15235,"1HW","25",-1.69,2.6,1.44948567724412,1449.48567724412,452.094582732441,0.29548665538068
"F1","A_o",6712.776,6.712776,"1HW","25",-1.69,2.6,2.88367029637208,2883.67029637208,899.416765438452,0.587854095057811
"F1","A_o",5340.727,5.340727,"1HW","25",-1.69,2.6,1.59133269244543,1591.33269244543,496.336666773731,0.324403050178909
"F1","A_o",4497.524,4.497524,"1HW","25",-1.69,2.6,1.01796084322021,1017.96084322021,317.501987000383,0.207517638562342
"F1","A_o",8021.241,8.021241,"1HW","25",-1.69,2.6,4.58171497992291,4581.71497992291,1429.03690223796,0.93401104721435
"F1","A_o",4159.58,4.15958,"1HW","25",-1.69,2.6,0.830861531059268,830.861531059268,259.145711537386,0.169376282050579
"F1","A_o",6698.95,6.69895,"1HW","25",-1.69,2.6,2.86825338211903,2868.25338211903,894.608229882927,0.58471126136139
"F1","A_o",5684.479,5.684479,"1HW","25",-1.69,2.6,1.87152543033904,1871.52543033904,583.728781722745,0.38152207955735
"F1","A_o",6864.123,6.864123,"1HW","25",-1.69,2.6,3.05577341733848,3055.77341733848,953.095728867873,0.622938384880963
"F1","A_o",4230.156,4.230156,"1HW","25",-1.69,2.6,0.868013735227729,868.013735227729,270.733484017529,0.17694998955394
"F1","A_o",3701.198,3.701198,"1HW","25",-1.69,2.6,0.613324098171936,613.324098171936,191.295786219827,0.125029925633874
"F1","A_o",12507.279,12.507279,"1HW","25",-1.69,2.6,14.541974481127,14541.974481127,4535.64184066351,2.96447179128334
"F1","A_o",7724.333,7.724333,"1HW","25",-1.69,2.6,4.15373292724905,4153.73292724905,1295.54930000898,0.846764248371881
"F1","A_o",4636.607,4.636607,"1HW","25",-1.69,2.6,1.1018456083234,1101.8456083234,343.66564523607,0.224618068781745
"F1","A_o",5367.901,5.367901,"1HW","25",-1.69,2.6,1.6124701868128,1612.4701868128,502.929451266912,0.328712059651576
"F1","A_o",6802.729,6.802729,"1HW","25",-1.69,2.6,2.98521931458128,2985.21931458128,931.0899042179,0.608555492952876
"F1","A_o",12772.783,12.772783,"1HW","25",-1.69,2.6,15.3582731784825,15358.2731784825,4790.24540436869,3.13087934926058
"F1","A_o",8050.89,8.05089,"1HW","25",-1.69,2.6,4.62587743240954,4625.87743240954,1442.81117116854,0.943013837365057
"F1","A_o",4819.153,4.819153,"1HW","25",-1.69,2.6,1.21821476256261,1218.21476256261,379.961184443279,0.24834064342698
"F1","A_o",1780.936,1.780936,"1HW","25",-1.69,2.6,0.0915557476496427,91.5557476496427,28.5562376919235,0.0186642076417801
"F1","A_o",6093.737,6.093737,"1HW","25",-1.69,2.6,2.24232023989071,2242.32023989071,699.379682821914,0.457110903805172
"F1","A_o",6174.083,6.174083,"1HW","25",-1.69,2.6,2.32000224521275,2320.00224521275,723.608700281856,0.472946862929318
"F1","A_o",4564.279,4.564279,"1HW","25",-1.69,2.6,1.05771259871696,1057.71259871696,329.900559539819,0.21562128074498
"F1","A_o",6333.253,6.333253,"1HW","25",-1.69,2.6,2.47873316470279,2478.73316470279,773.1168740708,0.505305146451503
"F1","A_o",6673.043,6.673043,"1HW","25",-1.69,2.6,2.83950214305714,2839.50214305714,885.640718419521,0.578850142757857
"F1","A_o",6155.391,6.155391,"1HW","25",-1.69,2.6,2.30178458634217,2301.78458634217,717.926612480123,0.469233080052368
"F1","A_o",6227.214,6.227214,"1HW","25",-1.69,2.6,2.3722685737611,2372.2685737611,739.910568156087,0.48360167853339
"F1","A_o",7208.075,7.208075,"1HW","25",-1.69,2.6,3.47000556869651,3470.00556869651,1082.29473687644,0.707382180964994
"F1","A_o",6359.75,6.35975,"1HW","25",-1.69,2.6,2.50578678409344,2505.78678409344,781.554897958744,0.510820194744277
"F2","A_o",28637.320673997,28.637320673997,"1HW","25",-1.69,2.6,125.321099050651,125321.099050651,39087.650793898,25.5474841790183
"F2","I_o",2619.862,2.619862,"1HW","25",-1.77,2.51,0.190492913119851,190.492913119851,57.338366849075,0.0374760567641013
"F2","G_h",1341.284,1.341284,"1HW","25",0.19,2.34,3.07892096551101,3078.92096551101,133.958924935839,0.0875548528992415
"F2","A_o",27168.9287754583,27.1689287754583,"1HW","25",-1.69,2.6,109.292041834369,109292.041834369,34088.1878481396,22.2798613386533
"F2","I_o",2161.213,2.161213,"1HW","25",-1.77,2.51,0.117514350275385,117.514350275385,35.371819432891,0.0231188362306477
"F2","G_h",1552.054,1.552054,"1HW","25",0.19,2.34,4.33233445006918,4332.33445006918,188.49294018739,0.123198000122477
"F2","A_o",28349.0036225828,28.3490036225828,"1HW","25",-1.69,2.6,122.06700205569,122067.00205569,38072.6979411697,24.8841163014181
"F2","I_o",5540.838,5.540838,"1HW","25",-1.77,2.51,1.24845929249244,1248.45929249244,375.786247040225,0.245611926170081
"F2","G_h",1511.867,1.511867,"1HW","25",0.19,2.34,4.07438247460124,4074.38247460124,177.269862457941,0.115862655201268
"F2","A_o",18403.9505155209,18.4039505155209,"1HW","25",-1.69,2.6,39.6980110102562,39698.0110102562,12381.8096340989,8.09268603535877
"F2","I_o",3790.887,3.790887,"1HW","25",-1.77,2.51,0.481547914069812,481.547914069811,144.945922135013,0.0947358968202701
"F2","G_h",3005.912,3.005912,"1HW","25",0.19,2.34,20.3453166506711,20345.3166506711,885.192174964058,0.578556977100691
"F2","A_o",16920.1557680287,16.9201557680287,"1HW","25",-1.69,2.6,31.904454820252,31904.454820252,9950.9994584366,6.50392121466444
"F2","I_o",4290.912,4.290912,"1HW","25",-1.77,2.51,0.657202967655525,657.202967655525,197.818093264313,0.129292871414584
"F2","G_h",3895.854,3.895854,"1HW","25",0.19,2.34,37.3258971316381,37325.8971316381,1623.99006276216,1.06143141357004
"F2","A_o",16865.0559987961,16.8650559987961,"1HW","25",-1.69,2.6,31.635029782495,31635.029782495,9866.96578916018,6.44899724781711
"F2","I_o",3290.646,3.290646,"1HW","25",-1.77,2.51,0.337579233464146,337.579233464146,101.611349272708,0.0664126465834692
"F2","G_h",785.489,0.785489,"1HW","25",0.19,2.34,0.880294222792628,880.294222792628,38.3001931629508,0.0250328059888567
"F2","A_o",14873.3784652498,14.8733784652498,"1HW","25",-1.69,2.6,22.8173411401297,22817.3411401297,7116.72870160647,4.65145666771665
"F2","I_o",13565.893,13.565893,"1HW","25",-1.77,2.51,11.81531901322,11815.31901322,3556.41102297923,2.32445164900603
"F2","G_h",4805.603,4.805603,"1HW","25",0.19,2.34,60.99441393354,60994.41393354,2653.76935918603,1.73448977724577
"F2","A_o",12455.2953049845,12.4552953049845,"1HW","25",-1.69,2.6,14.3853513884506,14385.3513884506,4486.79109805773,2.93254320134492
"F2","I_o",7493.814,7.493814,"1HW","25",-1.77,2.51,2.66381648880469,2663.81648880469,801.808763130212,0.524058015117785
"F2","G_h",5390.985,5.390985,"1HW","25",0.19,2.34,79.8184718548621,79818.4718548621,3472.77400085008,2.26978692866018
"F2","A_o",12876.8371392657,12.8768371392657,"1HW","25",-1.69,2.6,15.685700835174,15685.700835174,4892.37009049076,3.19762751012468
"F2","I_o",4046.189,4.046189,"1HW","25",-1.77,2.51,0.567134248209097,567.134248209097,170.707408710938,0.111573469745711
"F2","G_h",4567.669,4.567669,"1HW","25",0.19,2.34,54.1608438429743,54160.8438429743,2356.45165825766,1.54016448252135
"F2","A_o",11134.5651119869,11.1345651119869,"1HW","25",-1.69,2.6,10.7485646768743,10748.5646768743,3352.47732271708,2.19116164883469
"F2","I_o",6230.711,6.230711,"1HW","25",-1.77,2.51,1.67605935923265,1676.05935923265,504.493867129027,0.329734553679103
"F2","G_h",2848.752,2.848752,"1HW","25",0.19,2.34,17.942868109665,17942.868109665,780.66548286255,0.510238877687941
"F2","A_o",13155.7110161508,13.1557110161508,"1HW","25",-1.69,2.6,16.584303809994,16584.303809994,5172.64435833713,3.3808133061027
"F2","I_o",5103.447,5.103447,"1HW","25",-1.77,2.51,1.01563499912757,1015.63499912757,305.706134737399,0.199807931200914
"F2","G_h",2721.837,2.721837,"1HW","25",0.19,2.34,16.12788230752,16127.88230752,701.698354588502,0.45862637554804
"F2","A_o",10052.5830849806,10.0525830849806,"1HW","25",-1.69,2.6,8.23990007872607,8239.90007872607,2570.02483455466,1.67975479382658
"F2","I_o",7718.364,7.718364,"1HW","25",-1.77,2.51,2.86872153072428,2868.72153072427,863.485180748007,0.564369399181704
"F2","G_h",2984.235,2.984235,"1HW","25",0.19,2.34,20.0036508607747,20003.6508607747,870.326843110928,0.568841073928711
"F2","A_o",11332.0605401156,11.3320605401156,"1HW","25",-1.69,2.6,11.2513103358923,11251.3103358923,3509.28369376481,2.2936494730489
"F2","I_o",6309.401,6.309401,"1HW","25",-1.77,2.51,1.72969769633973,1729.69769633973,520.639006598257,0.340286932417162
"F2","G_h",3561.738,3.561738,"1HW","25",0.19,2.34,30.2613995204441,30261.3995204441,1316.62507489529,0.860539264637445
"F2","A_o",11885.7309772399,11.8857309772399,"1HW","25",-1.69,2.6,12.7370053152519,12737.0053152519,3972.67195782707,2.59651761949482
"F2","I_o",3960.386,3.960386,"1HW","25",-1.77,2.51,0.53742908558051,537.42908558051,161.766154759733,0.105729512914858
"F2","G_h",4298.033,4.298033,"1HW","25",0.19,2.34,46.9733144090287,46973.3144090287,2043.73375263378,1.33577369453189
"F2","A_o",11230.1319979572,11.2301319979572,"1HW","25",-1.69,2.6,10.9900745511401,10990.0745511401,3427.80425250061,2.24039493627491
"F2","I_o",4998.33,4.99833,"1HW","25",-1.77,2.51,0.963941245940191,963.941245940191,290.146315027998,0.189638114397384
"F2","G_h",5246.528,5.246528,"1HW","25",0.19,2.34,74.9032166090433,74903.2166090433,3258.9191095129,2.13001248987771
"F2","A_o",12236.4465229466,12.2364465229466,"1HW","25",-1.69,2.6,13.7373771925455,13737.3771925455,4284.68794635495,2.80044963814049
"F2","I_o",3428.607,3.428607,"1HW","25",-1.77,2.51,0.374235899364844,374.235899364844,112.645005708818,0.0736241867377896
"F2","G_h",2874.724,2.874724,"1HW","25",0.19,2.34,18.3279968746668,18327.9968746668,797.421819221752,0.521190731517485
"F2","A_o",10770.0566081211,10.7700566081211,"1HW","25",-1.69,2.6,9.85749949641728,9857.49949641728,3074.55409293255,2.00951247904088
"F2","I_o",3507.42,3.50742,"1HW","25",-1.77,2.51,0.396204417071737,396.204417071737,119.257529538593,0.0779460977376424
"F2","G_h",4062.94,4.06294,"1HW","25",0.19,2.34,41.1800203371667,41180.0203371667,1791.67679683759,1.17103058616836
"F2","A_o",10091.2154941757,10.0912154941757,"1HW","25",-1.69,2.6,8.32248553932543,8322.48553932543,2595.7832397156,1.69659035275529
"F2","I_o",6094.345,6.094345,"1HW","25",-1.77,2.51,1.5855022409191,1585.5022409191,477.236174516648,0.311919068311535
"F2","G_h",3465.657,3.465657,"1HW","25",0.19,2.34,28.3856113536643,28385.6113536643,1235.01253301977,0.807197733999847
"F2","A_o",11132.0008329593,11.1320008329593,"1HW","25",-1.69,2.6,10.7421298654313,10742.1298654313,3350.47030502802,2.18984987256733
"F2","I_o",3146.579,3.146579,"1HW","25",-1.77,2.51,0.301699774888513,301.699774888513,90.8116322414423,0.0593540080009427
"F2","G_h",4718.727,4.718727,"1HW","25",0.19,2.34,58.4453756046614,58445.3756046614,2542.86477995785,1.66200312415546
"F2","A_o",10477.7386707628,10.4777386707628,"1HW","25",-1.69,2.6,9.17689287561046,9176.89287561046,2862.2728879029,1.87076659340059
"F2","I_o",3206.507,3.206507,"1HW","25",-1.77,2.51,0.316330306968675,316.330306968675,95.2154223975713,0.0622323022206348
"F2","G_h",5468.663,5.468663,"1HW","25",0.19,2.34,82.5357149167907,82535.7149167907,3590.9968988857,2.34705679665732
"F2","A_o",9715.34982143809,9.71534982143809,"1HW","25",-1.69,2.6,7.54035775348466,7540.35775348466,2351.83758331187,1.53714874726266
"F2","I_o",2541.404,2.541404,"1HW","25",-1.77,2.51,0.17649605798858,176.49605798858,53.1253134545626,0.0347224270944854
"F2","G_h",5324.8,5.3248,"1HW","25",0.19,2.34,77.5442719191793,77544.2719191793,3373.82720036842,2.20511581723426
"F2","A_o",11646.9407840753,11.6469407840753,"1HW","25",-1.69,2.6,12.0823345072214,12082.3345072214,3768.48013280236,2.46305891032834
"F2","I_o",5769.049,5.769049,"1HW","25",-1.77,2.51,1.3815659195519,1381.5659195519,415.851341785122,0.271798262604655
"F2","G_h",5643.218,5.643218,"1HW","25",0.19,2.34,88.8326824484351,88832.6824484351,3864.96788103949,2.52612279806503
"F2","A_o",12792.0718752126,12.7920718752126,"1HW","25",-1.69,2.6,15.4186488019696,15418.6488019696,4809.07656133433,3.14318729498976
"F2","I_o",4692.118,4.692118,"1HW","25",-1.77,2.51,0.822500182350376,822.500182350376,247.572554887463,0.161812127377427
"F2","G_h",5335.006,5.335006,"1HW","25",0.19,2.34,77.8925092462688,77892.5092462688,3388.97844929036,2.21501859430743
"F2","A_o",10599.5045460228,10.5995045460228,"1HW","25",-1.69,2.6,9.45676223912447,9456.76223912447,2949.56414238292,1.92781970090387
"F2","I_o",4383.643,4.383643,"1HW","25",-1.77,2.51,0.693435861419275,693.435861419275,208.724194287202,0.136421042017779
"F2","G_h",4263.307,4.263307,"1HW","25",0.19,2.34,46.0900374440619,46090.0374440619,2005.30378513122,1.31065606871322
"F2","A_o",7982.660389612,7.982660389612,"1HW","25",-1.69,2.6,4.52463862368552,4524.63862368552,1411.23478672751,0.922375677599683
"F2","I_o",4742.474,4.742474,"1HW","25",-1.77,2.51,0.844836066983358,844.836066983358,254.295656161991,0.166206311216988
"F2","G_h",5119.933,5.119933,"1HW","25",0.19,2.34,70.7421752868704,70742.1752868704,3077.87885925127,2.0116855289224
"F2","A_o",10250.4783903084,10.2504783903084,"1HW","25",-1.69,2.6,8.66831628929576,8668.31628929576,2703.64785063135,1.76709009845186
"F2","I_o",5028.571,5.028571,"1HW","25",-1.77,2.51,0.978646645899167,978.646645899167,294.572640415649,0.192531137526568
"F2","G_h",3142.67,3.14267,"1HW","25",0.19,2.34,22.5776712302799,22577.6712302799,982.318350955511,0.642038137879419
"F2","A_o",11466.5987340361,11.4665987340361,"1HW","25",-1.69,2.6,11.6019235346114,11601.9235346114,3618.6399504453,2.36512415061785
"F2","I_o",5564.947,5.564947,"1HW","25",-1.77,2.51,1.26213901452259,1262.13901452259,379.903843371301,0.248303165602157
"F2","G_h",4466.565,4.466565,"1HW","25",0.19,2.34,51.3970698827678,51397.0698827678,2236.20427528742,1.46157142175648
"F2","A_o",10129.2407937691,10.1292407937691,"1HW","25",-1.69,2.6,8.40426867679682,8404.26867679682,2621.29140029293,1.71326235313263
"F2","I_o",8244.508,8.244508,"1HW","25",-1.77,2.51,3.38511562040361,3385.11562040361,1018.91980174149,0.665960654732997
"F2","G_h",5765.353,5.765353,"1HW","25",0.19,2.34,93.3969327596322,93396.9327596322,4063.55110927918,2.65591575769881
"F2","A_o",9176.0860586451,9.1760860586451,"1HW","25",-1.69,2.6,6.49994142166447,6499.94142166447,2027.33172941715,1.32505341791971
"F2","I_o",3288.211,3.288211,"1HW","25",-1.77,2.51,0.33695258414016,336.95258414016,101.422727826188,0.0662893645922799
"F2","G_h",4217.693,4.217693,"1HW","25",0.19,2.34,44.9443824830042,44944.3824830042,1955.45817082354,1.27807723583238
"F2","A_o",10153.3874406369,10.1533874406369,"1HW","25",-1.69,2.6,8.45645792645527,8456.45792645527,2637.5692272614,1.7239014557264
"F2","I_o",5728.989,5.728989,"1HW","25",-1.77,2.51,1.35761225869217,1357.61225869217,408.641289866342,0.267085810370158
"F2","G_h",6232.294,6.232294,"1HW","25",0.19,2.34,112.066591171458,112066.591171458,4875.83807532427,3.18682227145377
"F2","A_o",9032.35568777353,9.03235568777353,"1HW","25",-1.69,2.6,6.2385359460279,6238.5359460279,1945.7993615661,1.27176428860529
"F2","I_o",2580.927,2.580927,"1HW","25",-1.77,2.51,0.183466619811601,183.466619811601,55.2234525632919,0.0360937598452888
"F2","G_h",4550.187,4.550187,"1HW","25",0.19,2.34,53.677024578104,53677.024578104,2335.40145615398,1.5264061804928
"F2","A_o",9900.24024545481,9.90024024545481,"1HW","25",-1.69,2.6,7.91915616562588,7919.15616562588,2469.98480805871,1.61436915559393
"F2","I_o",9538.655,9.538655,"1HW","25",-1.77,2.51,4.8810440213869,4881.0440213869,1469.19425043746,0.960257680024482
"F2","G_h",4309.996,4.309996,"1HW","25",0.19,2.34,47.2798259393275,47279.8259393275,2057.06957889864,1.34448992084878
"F2","A_o",10427.4195748775,10.4274195748775,"1HW","25",-1.69,2.6,9.06274597552048,9062.74597552048,2826.67046976484,1.84749703906199
"F2","I_o",4701.562,4.701562,"1HW","25",-1.77,2.51,0.826661745247623,826.661745247623,248.825185319534,0.162630840078127
"F2","G_h",3049.757,3.049757,"1HW","25",0.19,2.34,21.0465373361879,21046.5373361879,915.701165037798,0.598497493488757
"F2","A_o",10795.5383340659,10.7955383340659,"1HW","25",-1.69,2.6,9.91825317826135,9918.25317826135,3093.50316629971,2.02189749431354
"F2","I_o",4147.438,4.147438,"1HW","25",-1.77,2.51,0.603430913647144,603.430913647144,181.63270500779,0.118714186279602
"F2","G_h",4571.833,4.571833,"1HW","25",0.19,2.34,54.2764504310857,54276.4504310857,2361.48151593585,1.5434519711999
"F2","A_o",10019.8079728602,10.0198079728602,"1HW","25",-1.69,2.6,8.17023288750763,8170.23288750763,2548.29563761363,1.66555270432263
"F2","I_o",6052.699,6.052699,"1HW","25",-1.77,2.51,1.55844752419507,1558.44752419507,469.092704782715,0.30659653907367
"F2","G_h",4503.9,4.5039,"1HW","25",0.19,2.34,52.4080076726992,52408.0076726992,2280.18856102687,1.49031932093259
"F2","A_o",9688.785075013,9.688785075013,"1HW","25",-1.69,2.6,7.48686905678085,7486.86905678085,2335.15445880995,1.52624474432023
"F2","I_o",7157.958,7.157958,"1HW","25",-1.77,2.51,2.37421888950836,2374.21888950836,714.639885742016,0.46708489264184
"F2","G_h",3921.514,3.921514,"1HW","25",0.19,2.34,37.9037187902395,37903.7187902395,1649.13015861326,1.07786284876683
"F2","A_o",9622.00149266252,9.62200149266252,"1HW","25",-1.69,2.6,7.35343218884417,7353.43218884417,2293.5354997005,1.49904281026176
"F2","I_o",4755.283,4.755283,"1HW","25",-1.77,2.51,0.850575137309037,850.575137309037,256.02311633002,0.16733537015034
"F2","G_h",3316.252,3.316252,"1HW","25",0.19,2.34,25.6044356701205,25604.4356701205,1114.00802890987,0.72810982281691
"F2","A_o",10637.800822362,10.637800822362,"1HW","25",-1.69,2.6,9.54585474778661,9545.85474778661,2977.35209583464,1.94598176198343
"F2","I_o",7001.728,7.001728,"1HW","25",-1.77,2.51,2.24628646901195,2246.28646901195,676.132227172598,0.441916488348103
"F2","G_h",2641.019,2.641019,"1HW","25",0.19,2.34,15.0295289721843,15029.5289721843,653.910758333385,0.42739265250548
"F2","A_o",12773.2165749154,12.7732165749154,"1HW","25",-1.69,2.6,15.3596286991511,15359.6286991511,4790.66819126522,3.13115568056551
"F2","I_o",5043.511,5.043511,"1HW","25",-1.77,2.51,0.985961054542223,985.961054542223,296.774277417209,0.19397011595896
"F2","G_h",2772.848,2.772848,"1HW","25",0.19,2.34,16.8440680896473,16844.0680896473,732.858452071612,0.478992452334387
"F2","A_o",9248.3247024235,9.2483247024235,"1HW","25",-1.69,2.6,6.63382452755942,6633.82452755942,2069.08987014578,1.35234632035672
"F2","I_o",4623.33,4.62333,"1HW","25",-1.77,2.51,0.792568453219992,792.568453219992,238.563104419218,0.155923597659619
"F2","G_h",2803.361,2.803361,"1HW","25",0.19,2.34,17.2810021266006,17281.0021266006,751.868752924988,0.491417485571888
"F2","A_o",11023.4261402428,11.0234261402428,"1HW","25",-1.69,2.6,10.4718436912005,10471.8436912005,3266.16804728545,2.13475035770291
"F2","I_o",5047.672,5.047672,"1HW","25",-1.77,2.51,0.988004056097036,988.004056097036,297.389220885208,0.194372039794253
"F2","G_h",1345.783,1.345783,"1HW","25",0.19,2.34,3.10314156747532,3103.14156747532,135.012724574343,0.0882436108329042
"F2","A_o",8186.61673106705,8.18661673106705,"1HW","25",-1.69,2.6,4.83138439951596,4831.38439951596,1506.90879420903,0.984907708633351
"F2","I_o",3384.951,3.384951,"1HW","25",-1.77,2.51,0.362390237473922,362.390237473922,109.079461479651,0.0712937656729742
"F2","G_h",1739.759,1.739759,"1HW","25",0.19,2.34,5.65906229780037,5659.06229780037,246.216746077618,0.160925977828508
"F2","A_o",9035.3767523072,9.0353767523072,"1HW","25",-1.69,2.6,6.24396258838371,6243.96258838371,1947.49193131688,1.27287054334437
"F2","I_o",12452.833,12.452833,"1HW","25",-1.77,2.51,9.5306625226249,9530.6625226249,2868.72941931009,1.87498654856869
"F2","G_h",1427.791,1.427791,"1HW","25",0.19,2.34,3.56381587273007,3563.81587273007,155.055926517089,0.101343742821627
"F2","A_o",7949.18161238412,7.94918161238412,"1HW","25",-1.69,2.6,4.475466288362,4475.466288362,1395.89793534011,0.912351591725562
"F2","I_o",2969.978,2.969978,"1HW","25",-1.77,2.51,0.260982034934705,260.982034934705,78.5555925153462,0.0513435245198341
"F2","G_h",1795.735,1.795735,"1HW","25",0.19,2.34,6.09434251612712,6094.34251612712,265.155091928665,0.173303981652722
"F2","A_o",9810.83401075582,9.81083401075582,"1HW","25",-1.69,2.6,7.73455643619812,7734.55643619812,2412.40815245019,1.57673735454261
"F2","I_o",4878.283,4.878283,"1HW","25",-1.77,2.51,0.90688067534013,906.88067534013,272.971083277379,0.178412472730313
"F2","G_h",2633.804,2.633804,"1HW","25",0.19,2.34,14.9336263162884,14933.6263162884,649.7381872196,0.424665481842876
"F2","A_o",9151.44272151483,9.15144272151483,"1HW","25",-1.69,2.6,6.45465257560454,6454.65257560454,2013.20613833106,1.31582100544513
"F2","I_o",12635.298,12.635298,"1HW","25",-1.77,2.51,9.8850660976466,9885.0660976466,2975.40489539163,1.94470908195531
"F2","G_h",2318.927,2.318927,"1HW","25",0.19,2.34,11.0859205226532,11085.9205226532,482.330664467805,0.315248800305755
"F2","A_o",10091.7929768277,10.0917929768277,"1HW","25",-1.69,2.6,8.32372388457127,8323.72388457127,2596.16947959778,1.69684279712273
"F2","I_o",12465.377,12.465377,"1HW","25",-1.77,2.51,9.55477794751934,9554.77794751934,2875.98816220332,1.87973082496949
"F2","G_h",1693.99,1.69399,"1HW","25",0.19,2.34,5.31681281737682,5316.81281737682,231.326018783557,0.151193476329123
"F2","A_o",9750.78310125216,9.75078310125216,"1HW","25",-1.69,2.6,7.61206853149661,7612.06853149661,2374.20417497379,1.55176743462339
"F2","I_o",7665.536,7.665536,"1HW","25",-1.77,2.51,2.81969246797105,2819.69246797105,848.727432859286,0.554723812326331
"F2","G_h",4304.019,4.304019,"1HW","25",0.19,2.34,47.1265427702673,47126.5427702673,2050.4004734659,1.34013102840908
"F2","A_o",9834.3905240984,9.8343905240984,"1HW","25",-1.69,2.6,7.78293440830697,7782.93440830697,2427.49724195095,1.5865995045431
"F2","I_o",12619.592,12.619592,"1HW","25",-1.77,2.51,9.8542536840078,9854.2536840078,2966.13035888635,1.93864729338977
"F2","G_h",2384.705,2.384705,"1HW","25",0.19,2.34,11.8357861517289,11835.7861517289,514.956118203883,0.336572626277047
"F2","A_o",9309.5523483338,9.3095523483338,"1HW","25",-1.69,2.6,6.7486184622897,6748.6184622897,2104.89409838816,1.37574777672429
"F2","I_o",5551.623,5.551623,"1HW","25",-1.77,2.51,1.25456773899845,1254.56773899845,377.624889438535,0.2468136532278
"F2","G_h",1601.045,1.601045,"1HW","25",0.19,2.34,4.65912412159194,4659.12412159194,202.711035931871,0.132490873158085
"F2","A_o",8045.2501052689,8.0452501052689,"1HW","25",-1.69,2.6,4.61745667509609,4617.45667509609,1440.18473696247,0.941297213700961
"F2","I_o",8950.434,8.950434,"1HW","25",-1.77,2.51,4.16033858861826,4160.33858861826,1252.2619151741,0.81847183998307
"F2","G_h",1561.402,1.561402,"1HW","25",0.19,2.34,4.39364001881785,4393.64001881785,191.160247394735,0.124941338166493
"F2","A_o",9031.03402739673,9.03103402739673,"1HW","25",-1.69,2.6,6.2361628023732,6236.1628023732,1945.0591780602,1.27128050853608
"F2","I_o",4607.345,4.607345,"1HW","25",-1.77,2.51,0.785708300866274,785.708300866274,236.498198560748,0.154573985987417
"F2","G_h",1702.295,1.702295,"1HW","25",0.19,2.34,5.37800853435404,5378.00853435404,233.988546516089,0.152933690533392
"F2","A_o",8275.38373959418,8.27538373959418,"1HW","25",-1.69,2.6,4.96877313781716,4968.77313781716,1549.76034168517,1.01291525600338
"F2","I_o",4155.112,4.155112,"1HW","25",-1.77,2.51,0.606237314056723,606.237314056723,182.477431531074,0.119266295118349
"F2","G_h",1978.319,1.978319,"1HW","25",0.19,2.34,7.6442238023633,7644.2238023633,332.587946882743,0.217377743060617
"F2","A_o",8409.33392845502,8.40933392845502,"1HW","25",-1.69,2.6,5.1806011268173,5180.6011268173,1615.82949145431,1.05609770683289
"F2","I_o",3676.181,3.676181,"1HW","25",-1.77,2.51,0.445806282171463,445.806282171463,134.18769093361,0.0877043731592225
"F2","G_h",1819.883,1.819883,"1HW","25",0.19,2.34,6.28784337845136,6287.84337845136,273.574004847013,0.178806539115695
"F2","A_o",8716.46172829024,8.71646172829024,"1HW","25",-1.69,2.6,5.68701785573861,5687.01785573861,1773.78086920487,1.15933390144109
"F2","I_o",2828.022,2.828022,"1HW","25",-1.77,2.51,0.230792550682288,230.792550682288,69.4685577553688,0.0454042861146201
"F2","G_h",2504.132,2.504132,"1HW","25",0.19,2.34,13.2696017902959,13269.6017902959,577.339142532911,0.377345844792752
"F2","A_o",8177.93832134926,8.17793832134926,"1HW","25",-1.69,2.6,4.8180794801578,4818.0794801578,1502.75898986122,0.982195418209946
"F2","I_o",2633.995,2.633995,"1HW","25",-1.77,2.51,0.19308276749441,193.08276749441,58.1179130158174,0.0379855640626258
"F2","G_h",2308.865,2.308865,"1HW","25",0.19,2.34,10.9736873950371,10973.6873950371,477.447580658232,0.312057242260282
"F2","A_o",9915.13368310693,9.91513368310693,"1HW","25",-1.69,2.6,7.95016775189206,7950.16775189206,2479.65732181513,1.62069106000989
"F2","I_o",5175.986,5.175986,"1HW","25",-1.77,2.51,1.05225903493616,1052.25903493616,316.729969515784,0.207013051971101
"F2","G_h",2084.018,2.084018,"1HW","25",0.19,2.34,8.63434563876794,8634.34563876794,375.666563789771,0.24553370182338
"F2","A_o",8630.5860605321,8.6305860605321,"1HW","25",-1.69,2.6,5.54248782175936,5542.48782175936,1728.70195160674,1.12987055660571
"F2","I_o",12611.799,12.611799,"1HW","25",-1.77,2.51,9.83898666268687,9838.98666268688,2961.53498546875,1.93564378135212
"F2","G_h",2221.901,2.221901,"1HW","25",0.19,2.34,10.0308054753972,10030.8054753972,436.424296945769,0.285244638526647
"F2","A_o",7978.2080413953,7.9782080413953,"1HW","25",-1.69,2.6,4.51808011781624,4518.08011781624,1409.18918874688,0.92103868545548
"F2","I_o",14636.795,14.636795,"1HW","25",-1.77,2.51,14.2978071669999,14297.8071669999,4303.63995726696,2.8128365733771
"F2","G_h",3200.201,3.200201,"1HW","25",0.19,2.34,23.55671786039,23556.71786039,1024.91510335699,0.66987915252091
"F2","A_o",9114.19321576509,9.11419321576509,"1HW","25",-1.69,2.6,6.38656594637047,6386.56594637047,1991.96991867295,1.30194112331565
"F2","I_o",5540.641,5.540641,"1HW","25",-1.77,2.51,1.24834788171029,1248.34788171029,375.752712394798,0.245590008101175
"F2","G_h",2901.082,2.901082,"1HW","25",0.19,2.34,18.7236455211784,18723.6455211784,814.635858793638,0.53244173777362
"F2","A_o",8462.49056808624,8.46249056808624,"1HW","25",-1.69,2.6,5.26617532566592,5266.17532566592,1642.5200840752,1.07354253861124
"F2","I_o",5045.026,5.045026,"1HW","25",-1.77,2.51,0.986704607029476,986.704607029477,296.998086715872,0.194116396546322
"F2","G_h",1224.541,1.224541,"1HW","25",0.19,2.34,2.48804135032376,2488.04135032376,108.250698286426,0.0707520903832852
"F2","A_o",8842.62700674776,8.84262700674776,"1HW","25",-1.69,2.6,5.90352485983822,5903.52485983822,1841.30940378354,1.20347019855133
"F2","I_o",6451.013,6.451013,"1HW","25",-1.77,2.51,1.82879940549072,1828.79940549072,550.468621052705,0.359783412452749
"F2","G_h",917.964,0.917964,"1HW","25",0.19,2.34,1.26768695218229,1267.68695218229,55.1550309903278,0.0360490398629594
"F2","A_o",8338.00264687322,8.33800264687322,"1HW","25",-1.69,2.6,5.06712099279457,5067.12099279457,1580.43503765263,1.03296407689714
"F2","I_o",6867.072,6.867072,"1HW","25",-1.77,2.51,2.13942328521615,2139.42328521615,643.966408850061,0.420893077679778
"F2","G_h",943.698,0.943698,"1HW","25",0.19,2.34,1.35241288885879,1352.41288885879,58.841320933624,0.0384583796951791
"F2","A_o",8077.05299540209,8.07705299540209,"1HW","25",-1.69,2.6,4.66506419359881,4665.06419359881,1455.03352198347,0.95100230194998
"F2","I_o",7319.313,7.319313,"1HW","25",-1.77,2.51,2.51084845997439,2510.84845997439,755.765386452293,0.49396430487078
"F2","G_h",1333.08,1.33308,"1HW","25",0.19,2.34,3.03503384181117,3035.03384181117,132.049466403057,0.0863068407863119
"F2","A_o",7270.46275523947,7.27046275523947,"1HW","25",-1.69,2.6,3.54863507149597,3548.63507149597,1106.81927879959,0.723411293333066
"F2","I_o",3112.944,3.112944,"1HW","25",-1.77,2.51,0.293670270473847,293.670270473847,88.394751412628,0.057774347328515
"F2","G_h",869.879,0.869879,"1HW","25",0.19,2.34,1.11772174706499,1117.72174706499,48.6302848600024,0.0317844999084983
"F2","A_o",8270.94762974496,8.27094762974496,"1HW","25",-1.69,2.6,4.9618508380886,4961.8508380886,1547.60127639983,1.01150410222211
"F2","I_o",3337.581,3.337581,"1HW","25",-1.77,2.51,0.349795206886476,349.795206886476,105.288357272829,0.0688159197861629
"F2","G_h",844.812,0.844812,"1HW","25",0.19,2.34,1.04380307851672,1043.80307851672,45.4142018613368,0.0296824848766907
"F2","A_o",6946.10595581949,6.94610595581949,"1HW","25",-1.69,2.6,3.1515750216514,3151.5750216514,982.976249253073,0.642468136766714
"F2","I_o",4717.558,4.717558,"1HW","25",-1.77,2.51,0.83373933820875,833.73933820875,250.955540800834,0.164023229281591
"F2","G_h",1157.628,1.157628,"1HW","25",0.19,2.34,2.18148139338705,2181.48139338705,94.9127650560411,0.0620344869647328
"F2","A_o",8765.7110628707,8.7657110628707,"1HW","25",-1.69,2.6,5.7709404550857,5770.9404550857,1799.95632794123,1.17644204440603
"F2","I_o",3645.179,3.645179,"1HW","25",-1.77,2.51,0.436429740235908,436.429740235908,131.365351811008,0.0858597070660186
"F2","G_h",703.391,0.703391,"1HW","25",0.19,2.34,0.679892935679991,679.892935679991,29.5810538027393,0.0193340220932937
"F2","A_o",8008.84647947994,8.00884647947994,"1HW","25",-1.69,2.6,4.56333044892886,4563.33044892886,1423.30276702091,0.930263246418897
"F2","I_o",4699.071,4.699071,"1HW","25",-1.77,2.51,0.825562842200208,825.562842200208,248.494415502263,0.162414650655074
"F2","G_h",1258.264,1.258264,"1HW","25",0.19,2.34,2.65134317930572,2651.34317930572,115.355699582505,0.0753958820800685
"F2","A_o",8800.05053140566,8.80005053140566,"1HW","25",-1.69,2.6,5.82990437728223,5829.90437728224,1818.34717527433,1.18846220606165
"F2","I_o",5961.001,5.961001,"1HW","25",-1.77,2.51,1.4998615736069,1499.8615736069,451.458333655678,0.295070806310901
"F2","G_h",1546.418,1.546418,"1HW","25",0.19,2.34,4.29561091262999,4295.61091262999,186.895157831071,0.122153697928804
"F2","A_o",9615.15668236051,9.61515668236051,"1HW","25",-1.69,2.6,7.33983928496823,7339.83928496823,2289.29587298159,1.49627181240627
"F2","I_o",5521.603,5.521603,"1HW","25",-1.77,2.51,1.23760939217736,1237.60939217736,372.520427045385,0.243477403297637
"F2","G_h",1391.099,1.391099,"1HW","25",0.19,2.34,3.3531872789885,3353.1872789885,145.891813409143,0.0953541264112047
"F2","A_o",8206.67511327734,8.20667511327734,"1HW","25",-1.69,2.6,4.86222247266799,4862.22247266799,1516.52718922515,0.991194241323626
"F2","I_o",4859.934,4.859934,"1HW","25",-1.77,2.51,0.898343091277586,898.343091277586,270.401270474553,0.176732856519316
"F2","G_h",1280.836,1.280836,"1HW","25",0.19,2.34,2.76397970609791,2763.97970609791,120.25633464479,0.0785989115325426
"F2","A_o",7824.28944884526,7.82428944884526,"1HW","25",-1.69,2.6,4.29493663941473,4294.93663941473,1339.59073783346,0.875549501851931
"F2","I_o",2347.933,2.347933,"1HW","25",-1.77,2.51,0.144684199767407,144.684199767407,43.5499441299896,0.028464015771235
"F2","G_h",969.211,0.969211,"1HW","25",0.19,2.34,1.43952397613881,1439.52397613881,62.6313849634378,0.0409355457277371
"F2","A_o",7640.74984372043,7.64074984372044,"1HW","25",-1.69,2.6,4.03788132940355,4037.88132940355,1259.41518664097,0.82314718081109
"F2","I_o",2971.935,2.971935,"1HW","25",-1.77,2.51,0.261413889938123,261.413889938123,78.6855808713751,0.0514284842296569
"F2","G_h",1115.074,1.115074,"1HW","25",0.19,2.34,1.99843779023951,1998.43779023951,86.9488307528566,0.0568293011456579
"F2","A_o",9775.31717033123,9.77531717033123,"1HW","25",-1.69,2.6,7.66196615625253,7661.96615625253,2389.76724413517,1.56193937525174
"F2","I_o",3504.082,3.504082,"1HW","25",-1.77,2.51,0.395258660262051,395.258660262051,118.972856738877,0.0777600370842335
"F2","G_h",1634.259,1.634259,"1HW","25",0.19,2.34,4.88844655789066,4888.44655789066,212.68848821933,0.139012083803484
"F2","A_o",8686.04593327002,8.68604593327002,"1HW","25",-1.69,2.6,5.63556568836832,5635.56568836832,1757.73293820208,1.14884505764842
"F2","I_o",3429.751,3.429751,"1HW","25",-1.77,2.51,0.374549398886321,374.549398886321,112.739369064783,0.0736858621338449
"F2","G_h",1372.141,1.372141,"1HW","25",0.19,2.34,3.24723003151182,3247.23003151182,141.281783103029,0.092341034707862
"F2","A_o",8669.25150111344,8.66925150111344,"1HW","25",-1.69,2.6,5.60727900416986,5607.27900416986,1748.91032140058,1.14307864143829
"F2","I_o",3241.074,3.241074,"1HW","25",-1.77,2.51,0.324959514188042,324.959514188042,97.8128137706006,0.0639299436409154
"F2","G_h",1400.562,1.400562,"1HW","25",0.19,2.34,3.40680654598774,3406.80654598774,148.224701925453,0.096878890147355
"F2","A_o",8812.26018318273,8.81226018318273,"1HW","25",-1.69,2.6,5.8509583864656,5850.9583864656,1824.91392073862,1.19275419656119
"F2","I_o",6568.168,6.568168,"1HW","25",-1.77,2.51,1.91330882216992,1913.30882216992,575.905955473145,0.376409121224278
"F2","G_h",1249.157,1.249157,"1HW","25",0.19,2.34,2.60665671829454,2606.65671829454,113.411463162246,0.0741251393217294
"F2","A_o",6667.25511758848,6.66725511758848,"1HW","25",-1.69,2.6,2.83310317528114,2833.10317528114,883.644880370189,0.577545673444568
"F2","I_o",3060.31,3.06031,"1HW","25",-1.77,2.51,0.28136573514698,281.36573514698,84.6910862792411,0.0553536511629027
"F2","G_h",1088.25,1.08825,"1HW","25",0.19,2.34,1.88775270582936,1887.75270582936,82.1330998263061,0.0536817645923569
"F2","A_o",7287.32214493371,7.28732214493371,"1HW","25",-1.69,2.6,3.57006988821328,3570.06988821328,1113.50479813372,0.72778091381289
"F2","I_o",3033.051,3.033051,"1HW","25",-1.77,2.51,0.275117413249704,275.117413249704,82.810341388161,0.054124406136053
"F2","G_h",1192.681,1.192681,"1HW","25",0.19,2.34,2.33919735296617,2339.19735296616,101.774734111793,0.0665194340599955
"F2","A_o",8397.63186051382,8.39763186051382,"1HW","25",-1.69,2.6,5.16187832201395,5161.87832201395,1609.98984863615,1.05228094682101
"F2","I_o",4740.904,4.740904,"1HW","25",-1.77,2.51,0.844134236374881,844.134236374881,254.084405148839,0.166068238659372
"F2","G_h",1165.53,1.16553,"1HW","25",0.19,2.34,2.21648546726873,2216.48546726873,96.435736304115,0.0630298930092255
"F2","A_o",7345.91080074975,7.34591080074975,"1HW","25",-1.69,2.6,3.64517758786435,3645.17758786435,1136.93088965489,0.743092084741759
"F2","I_o",2959.183,2.959183,"1HW","25",-1.77,2.51,0.258607595716295,258.607595716295,77.8408863106049,0.0508763962814411
"F2","G_h",1215.181,1.215181,"1HW","25",0.19,2.34,2.44376742214688,2443.76742214688,106.324410509735,0.0694930787645328
"F2","A_o",9151.20842188657,9.15120842188657,"1HW","25",-1.69,2.6,6.45422292111163,6454.22292111163,2013.07212909472,1.31573341770897
"F2","I_o",4337.926,4.337926,"1HW","25",-1.77,2.51,0.675426614144952,675.426614144952,203.30341085763,0.132878046312177
"F2","G_h",444.864,0.444864,"1HW","25",0.19,2.34,0.232729691720181,232.729691720181,10.1256965192383,0.00661810230015577
"F2","A_o",8765.63056530537,8.76563056530537,"1HW","25",-1.69,2.6,5.77080266678486,5770.80266678486,1799.9133517702,1.17641395540536
"F2","I_o",6268.089,6.268089,"1HW","25",-1.77,2.51,1.7014110043926,1701.4110043926,512.124712322173,0.334722034197498
"F2","G_h",653.224,0.653224,"1HW","25",0.19,2.34,0.571801631954098,571.801631954098,24.8781741237117,0.0162602445253017
"F2","A_o",7941.51467931117,7.94151467931117,"1HW","25",-1.69,2.6,4.4642518965117,4464.2518965117,1392.400166522,0.910065468315032
"F2","I_o",3783.762,3.783762,"1HW","25",-1.77,2.51,0.479279403847554,479.279403847554,144.263100558114,0.0942896082079175
"F2","G_h",4601.509,4.601509,"1HW","25",0.19,2.34,55.104446614331,55104.446614331,2397.50630507496,1.56699758501631
"F2","A_o",7409.93999059085,7.40993999059085,"1HW","25",-1.69,2.6,3.72836305851609,3728.36305851609,1162.87643795117,0.760049959445209
"F2","I_o",3922.576,3.922576,"1HW","25",-1.77,2.51,0.524643299567831,524.643299567831,157.917633169917,0.103214139326743
"F2","G_h",5798.188,5.798188,"1HW","25",0.19,2.34,94.6463706766847,94646.3706766847,4117.91215394947,2.69144585225455
"F2","A_o",7639.0208085803,7.6390208085803,"1HW","25",-1.69,2.6,4.03550604229067,4035.50604229067,1258.67433459046,0.822662963784614
"F2","I_o",3936.366,3.936366,"1HW","25",-1.77,2.51,0.529285059037809,529.285059037809,159.31480277038,0.104127322072144
"F2","G_h",5180.226,5.180226,"1HW","25",0.19,2.34,72.7069581040146,72706.9581040146,3163.36341597271,2.06755778821746
"F2","A_o",8347.80120116517,8.34780120116517,"1HW","25",-1.69,2.6,5.08261782020844,5082.61782020844,1585.26849812301,1.03612320138759
"F2","I_o",6640.961,6.640961,"1HW","25",-1.77,2.51,1.96697859451907,1966.97859451907,592.060556950241,0.386967684281203
"F2","G_h",4298.033,4.298033,"1HW","25",0.19,2.34,46.9733144090287,46973.3144090287,2043.73375263378,1.33577369453189
"F2","A_o",7901.75000050076,7.90175000050076,"1HW","25",-1.69,2.6,4.40636573449958,4406.36573449958,1374.34547259042,0.89826501476498
"F2","I_o",3220.335,3.220335,"1HW","25",-1.77,2.51,0.319765526275482,319.765526275482,96.24942340892,0.0629081198751111
"F2","G_h",5044.12,5.04412,"1HW","25",0.19,2.34,68.3152810265973,68315.2810265973,2972.28857301761,1.94267226994615
"F2","A_o",8524.45414705522,8.52445414705522,"1HW","25",-1.69,2.6,5.36701866330194,5367.01866330194,1673.97312108387,1.09410007913979
"F2","G_h",4338.006,4.338006,"1HW","25",0.19,2.34,48.00195739832,48001.95739832,2088.48836326906,1.36502507403207
"F2","A_o",7088.27091633372,7.08827091633372,"1HW","25",-1.69,2.6,3.32203956889669,3322.03956889669,1036.14414153888,0.677218393162665
"F2","G_h",12811.17,12.81117,"1HW","25",0.19,2.34,605.003348537873,605003.348537873,26322.7276895252,17.2043971826962
"F2","A_o",8272.17836518583,8.27217836518583,"1HW","25",-1.69,2.6,4.96377073622073,4963.77073622073,1548.20009262725,1.01189548537729
"F2","G_h",15346.938,15.346938,"1HW","25",0.19,2.34,923.189525556029,923189.525556029,40166.4991537019,26.252613825949
"F2","A_o",8130.29756885515,8.13029756885515,"1HW","25",-1.69,2.6,4.74544284192105,4745.44284192105,1480.10362239517,0.967387988493578
"F2","G_h",15673.584,15.673584,"1HW","25",0.19,2.34,969.826080378831,969826.080378831,42195.5810355543,27.5788111343492
"F2","A_o",7567.9189289379,7.56791892893791,"1HW","25",-1.69,2.6,3.93857232321929,3938.57232321929,1228.4407076121,0.80290242327588
"F2","G_h",14890.424,14.890424,"1HW","25",0.19,2.34,860.206124885246,860206.124885246,37426.1921639572,24.4615635058544
"F2","A_o",7545.63244022073,7.54563244022073,"1HW","25",-1.69,2.6,3.90848707505385,3908.48707505385,1219.0571187093,0.796769358633528
"F2","G_h",15337.745,15.337745,"1HW","25",0.19,2.34,921.896021111725,921896.021111725,40110.2208449374,26.2158306176061
"F2","A_o",8356.608308801,8.356608308801,"1HW","25",-1.69,2.6,5.09657149135329,5096.57149135329,1589.62064815309,1.03896774389091
"F2","G_h",16256.644,16.256644,"1HW","25",0.19,2.34,1056.36084446542,1056360.84446542,45960.5701653394,30.0395883433591
"F2","A_o",7235.05166736407,7.23505166736407,"1HW","25",-1.69,2.6,3.50387218803607,3503.87218803607,1092.85773544845,0.714286101600295
"F2","G_h",13561.934,13.561934,"1HW","25",0.19,2.34,691.245959984554,691245.959984554,30075.005725392,19.6568664871843
"F2","A_o",8213.68739677645,8.21368739677645,"1HW","25",-1.69,2.6,4.87303176391315,4873.03176391315,1519.89860716451,0.993397782460466
"F2","G_h",15755.226,15.755226,"1HW","25",0.19,2.34,981.688381851569,981688.381851569,42711.6907929508,27.9161377731705
"F2","A_o",8732.39609123052,8.73239609123052,"1HW","25",-1.69,2.6,5.71408779765892,5714.08779765892,1782.22398408982,1.16485227718289
"F2","G_h",15728.955,15.728955,"1HW","25",0.19,2.34,977.862283696905,977862.283696905,42545.2233839984,27.807335545097
"F2","A_o",6394.86644679349,6.39486644679349,"1HW","25",-1.69,2.6,2.54191980669414,2541.91980669414,792.824787707904,0.5181861357568
"F2","G_h",14642.085,14.642085,"1HW","25",0.19,2.34,827.010153208123,827010.153208123,35981.8885498403,23.5175742155819
"F2","A_o",7607.25539129547,7.60725539129547,"1HW","25",-1.69,2.6,3.99202076193652,3992.02076193652,1245.111275648,0.813798219377777
"F2","A_o",8068.63297482412,8.06863297482412,"1HW","25",-1.69,2.6,4.65243054104878,4652.43054104878,1451.09308575311,0.948426853433407
"F2","A_o",7831.8663871112,7.8318663871112,"1HW","25",-1.69,2.6,4.30575883395987,4305.75883395987,1342.96618031208,0.877755673406591
"F2","A_o",6697.8136899428,6.6978136899428,"1HW","25",-1.69,2.6,2.86698858158361,2866.98858158361,894.213738595929,0.584453423918908
"F2","A_o",7340.23903917012,7.34023903917012,"1HW","25",-1.69,2.6,3.63786457967898,3637.86457967898,1134.64996240187,0.741601282615604
"F2","A_o",6298.1014679241,6.2981014679241,"1HW","25",-1.69,2.6,2.44312168431957,2443.12168431957,762.009653339275,0.49804552505835
"F2","A_o",7113.19670001748,7.11319670001748,"1HW","25",-1.69,2.6,3.35249800181491,3352.49800181491,1045.64412676607,0.683427533834032
"F2","A_o",7879.40041384437,7.87940041384437,"1HW","25",-1.69,2.6,4.37403490520393,4374.03490520393,1364.26148693311,0.891674174466082
"F2","A_o",6110.00194856607,6.11000194856607,"1HW","25",-1.69,2.6,2.25791457372343,2257.91457372343,704.243555544336,0.460289905584534
"F2","A_o",7644.89805949313,7.64489805949313,"1HW","25",-1.69,2.6,4.04358350859717,4043.58350859717,1261.19369633146,0.824309605445396
"F2","A_o",6593.21241061934,6.59321241061934,"1HW","25",-1.69,2.6,2.75202500344747,2752.02500344747,858.356598575267,0.561017384689717
"F2","A_o",7302.91468611305,7.30291468611305,"1HW","25",-1.69,2.6,3.58996480286266,3589.96480286266,1119.71002201286,0.731836615694681
"F2","A_o",6578.06556112635,6.57806556112635,"1HW","25",-1.69,2.6,2.73561712532445,2735.61712532445,853.238981388696,0.557672536855357
"F2","A_o",7559.30628834414,7.55930628834414,"1HW","25",-1.69,2.6,3.92692901113366,3926.92901113366,1224.80915857259,0.80052886181215
"F2","A_o",8172.06230521106,8.17206230521107,"1HW","25",-1.69,2.6,4.80908374250099,4809.08374250099,1499.95321928606,0.980361581232718
"F2","A_o",16642.8807793866,16.6428807793866,"1HW","25",-1.69,2.6,30.5628679883827,30562.8679883827,9532.55852557657,6.23043040887357
"F2","A_o",14028.1319605863,14.0281319605863,"1HW","25",-1.69,2.6,19.5974511555817,19597.4511555817,6112.44501542594,3.99506210158558
"F2","A_o",16362.3498033908,16.3623498033908,"1HW","25",-1.69,2.6,29.2414396034706,29241.4396034706,9120.4050123225,5.96104902766176
"F2","A_o",13272.1022522317,13.2721022522317,"1HW","25",-1.69,2.6,16.9684928315007,16968.4928315007,5292.47291414508,3.45913262362424
"F2","A_o",13687.9382909269,13.6879382909269,"1HW","25",-1.69,2.6,18.3856462756608,18385.6462756608,5734.4830733786,3.74802815253503
"F2","A_o",13959.7209330307,13.9597209330307,"1HW","25",-1.69,2.6,19.3499351909648,19349.9351909648,6035.24478606191,3.94460443533458
"F2","A_o",16248.2036251056,16.2482036251056,"1HW","25",-1.69,2.6,28.7140146751733,28714.0146751733,8955.90117718655,5.85353018116768
"F2","A_o",12711.6506805685,12.7116506805685,"1HW","25",-1.69,2.6,15.1678864777974,15167.8864777974,4730.86379242501,3.09206783818628
"F2","A_o",14857.4038812667,14.8574038812667,"1HW","25",-1.69,2.6,22.7536784374359,22753.6784374359,7096.87230463626,4.63847863048122
"F2","A_o",12512.7892453401,12.5127892453401,"1HW","25",-1.69,2.6,14.5586376608375,14558.6376608375,4540.83908641521,2.96786868393151
"F2","A_o",15287.8098892501,15.2878098892501,"1HW","25",-1.69,2.6,24.507426618867,24507.426618867,7643.8663624246,4.99599108655203
"F2","A_o",14723.1751523599,14.7231751523599,"1HW","25",-1.69,2.6,22.2230592663059,22223.0592663059,6931.37218516082,4.53030861775217
"F2","A_o",13975.1835182877,13.9751835182877,"1HW","25",-1.69,2.6,19.4057106287549,19405.7106287549,6052.64114510865,3.95597460464618
"F2","A_o",12886.9852934906,12.8869852934906,"1HW","25",-1.69,2.6,15.7178617874852,15717.8617874852,4902.40109151662,3.2041837199455
"F2","A_o",13888.2186704297,13.8882186704297,"1HW","25",-1.69,2.6,19.0933010053828,19093.3010053828,5955.20058357889,3.89228796312346
"F2","A_o",13423.4795049993,13.4234795049993,"1HW","25",-1.69,2.6,17.4762911188696,17476.2911188696,5450.85519997543,3.56265045750028
"F2","A_o",13227.9553610589,13.2279553610589,"1HW","25",-1.69,2.6,16.8221334442143,16822.1334442143,5246.82342125045,3.42929635375847
"F2","A_o",15515.6017936962,15.5156017936962,"1HW","25",-1.69,2.6,25.4682101555313,25468.2101555313,7943.53474751022,5.19185277615047
"F2","A_o",13360.9348156899,13.3609348156899,"1HW","25",-1.69,2.6,17.265366331359,17265.366331359,5385.06775875086,3.51965212990253
"F2","A_o",11829.382141924,11.829382141924,"1HW","25",-1.69,2.6,12.5806001785987,12580.6001785987,3923.88919570495,2.56463346124506
"F2","A_o",15289.2387841406,15.2892387841406,"1HW","25",-1.69,2.6,24.513382671702,24513.382671702,7645.72405530386,4.99720526490448
"F2","A_o",14596.5979395434,14.5965979395434,"1HW","25",-1.69,2.6,21.7297274259943,21729.7274259943,6777.50198416762,4.42973985893309
"F2","A_o",11668.992644176,11.668992644176,"1HW","25",-1.69,2.6,12.1419027976507,12141.9027976507,3787.05948258724,2.47520227620081
"F2","A_o",13171.7252157383,13.1717252157383,"1HW","25",-1.69,2.6,16.6368431156222,16636.8431156222,5189.03136776256,3.39152376977945
"F2","A_o",11789.4844826173,11.7894844826173,"1HW","25",-1.69,2.6,12.4705761718501,12470.5761718501,3889.57270800004,2.54220438431375
"F2","A_o",13676.8130682627,13.6768130682627,"1HW","25",-1.69,2.6,18.3468186808785,18346.8186808785,5722.37274656601,3.74011290625229
"F2","A_o",15309.856877184,15.309856877184,"1HW","25",-1.69,2.6,24.5994241032955,24599.4241032955,7672.56037781788,5.01474534497901
"F2","A_o",12902.9707424549,12.9029707424549,"1HW","25",-1.69,2.6,15.768604208313,15768.604208313,4918.22765257282,3.21452787749858
"F2","A_o",12916.4811851776,12.9164811851776,"1HW","25",-1.69,2.6,15.8115687501839,15811.5687501839,4931.62829318236,3.22328646613226
"F2","A_o",10917.9925567512,10.9179925567512,"1HW","25",-1.69,2.6,10.2134217080889,10213.4217080889,3185.56623075291,2.08206943186465
"F2","A_o",13534.3741679877,13.5343741679877,"1HW","25",-1.69,2.6,17.8541535155059,17854.1535155059,5568.71048148629,3.63968005325901
"F2","A_o",12655.924366944,12.655924366944,"1HW","25",-1.69,2.6,14.9956074821587,14995.6074821587,4677.12997368531,3.05694769521916
"F2","A_o",12343.37020678,12.34337020678,"1HW","25",-1.69,2.6,14.0516641853506,14051.6641853506,4382.71405941085,2.86451899307899
"F2","A_o",12738.8615881148,12.7388615881148,"1HW","25",-1.69,2.6,15.2524499693459,15252.4499693459,4757.23914543898,3.10930663100587
"F2","A_o",11990.6898670541,11.9906898670541,"1HW","25",-1.69,2.6,13.0315130371105,13031.5130371105,4064.52891627475,2.6565548472384
"F2","A_o",10336.7474725178,10.3367474725178,"1HW","25",-1.69,2.6,8.85927447488865,8859.27447488865,2763.20770871777,1.80601811027305
"F2","A_o",12422.7637856276,12.4227637856276,"1HW","25",-1.69,2.6,14.287866743815,14287.866743815,4456.3856373959,2.91267035123915
"F2","A_o",11971.337793845,11.971337793845,"1HW","25",-1.69,2.6,12.976900720067,12976.900720067,4047.49533458891,2.64542178731301
"F2","A_o",9373.02199850733,9.37302199850734,"1HW","25",-1.69,2.6,6.86889779560177,6868.89779560177,2142.40922244819,1.40026746565241
"F2","A_o",10831.0429029146,10.8310429029146,"1HW","25",-1.69,2.6,10.0032867416423,10003.2867416423,3120.02513471823,2.03923211419492
"F2","A_o",11270.3758093828,11.2703758093828,"1HW","25",-1.69,2.6,11.0927655537398,11092.7655537398,3459.83357621144,2.26132913477872
"F2","A_o",11770.5095503082,11.7705095503082,"1HW","25",-1.69,2.6,12.4184583908003,12418.4583908003,3873.31717209062,2.53157985103962
"F2","A_o",12107.0299607967,12.1070299607967,"1HW","25",-1.69,2.6,13.36281034369,13362.81034369,4167.86054619691,2.72409186025942
"F2","A_o",10474.7124306184,10.4747124306184,"1HW","25",-1.69,2.6,9.17000310945731,9170.00310945731,2860.12396983974,1.86936207179068
"F2","A_o",12092.4885784712,12.0924885784712,"1HW","25",-1.69,2.6,13.3211213094862,13321.1213094862,4154.85773642876,2.7155932917835
"F2","A_o",10634.3873065483,10.6343873065483,"1HW","25",-1.69,2.6,9.53789266406051,9537.89266406051,2974.86872192047,1.94435864177809
"F2","A_o",11063.5400888041,11.0635400888041,"1HW","25",-1.69,2.6,10.5712098964904,10571.2098964904,3297.16036671536,2.15500677563096
"F2","A_o",11143.5642141878,11.1435642141878,"1HW","25",-1.69,2.6,10.7711658250948,10771.1658250948,3359.52662084707,2.19576903323338
"F2","A_o",8323.95120957483,8.32395120957483,"1HW","25",-1.69,2.6,5.04494885147805,5044.94885147805,1573.519546776,1.02844414821961
"F2","A_o",9046.06877779019,9.04606877779019,"1HW","25",-1.69,2.6,6.26319166368923,6263.19166368923,1953.48947990467,1.27679050974162
"F2","A_o",8926.22715192886,8.92622715192886,"1HW","25",-1.69,2.6,6.04973887427237,6049.73887427237,1886.91355488555,1.23327683325853
"F2","A_o",8892.83341597084,8.89283341597084,"1HW","25",-1.69,2.6,5.99107019734389,5991.07019734389,1868.61479455156,1.22131685918403
"F2","A_o",10315.791800077,10.315791800077,"1HW","25",-1.69,2.6,8.8126531556556,8812.6531556556,2748.66651924898,1.79651406486862
"F2","A_o",8761.9188730394,8.76191887303941,"1HW","25",-1.69,2.6,5.76445153329139,5764.45153329139,1797.93243323358,1.17511923740757
"F2","A_o",10807.6152149901,10.8076152149901,"1HW","25",-1.69,2.6,9.94712722165829,9947.12722165829,3102.50898043522,2.02778364734328
"F2","A_o",8802.96840573015,8.80296840573015,"1HW","25",-1.69,2.6,5.83493163777473,5834.93163777473,1819.91517782194,1.18948704432806
"F2","A_o",11177.5950552519,11.1775950552519,"1HW","25",-1.69,2.6,10.8568982274012,10856.8982274012,3386.26655712645,2.21324611576892
"F2","A_o",7325.31745632731,7.32531745632731,"1HW","25",-1.69,2.6,3.61866825897537,3618.66825897537,1128.66262997442,0.737687993447332
"F2","A_o",8369.07228672072,8.36907228672072,"1HW","25",-1.69,2.6,5.11635922895915,5116.35922895915,1595.79244351236,1.0430015970669
"F2","A_o",9666.55436486214,9.66655436486214,"1HW","25",-1.69,2.6,7.44228700518491,7442.28700518491,2321.24931691717,1.51715641628573
"F2","A_o",8514.86893147927,8.51486893147927,"1HW","25",-1.69,2.6,5.35134209489933,5351.34209489933,1669.0835993991,1.09090431333275
"F2","A_o",7538.92346228268,7.53892346228268,"1HW","25",-1.69,2.6,3.89945819718413,3899.45819718413,1216.24101170173,0.794928765818123
"F2","A_o",6981.45610543574,6.98145610543574,"1HW","25",-1.69,2.6,3.19344639663152,3193.44639663152,996.035931109372,0.651003876542073
"F2","A_o",8656.11276102154,8.65611276102154,"1HW","25",-1.69,2.6,5.58521060070226,5585.21060070226,1742.02718635904,1.13857986036538
"F2","A_o",8081.97346417322,8.08197346417322,"1HW","25",-1.69,2.6,4.67245677556448,4672.45677556448,1457.33926829856,0.952509325685335
"F2","A_o",7424.83061593965,7.42483061593965,"1HW","25",-1.69,2.6,3.74787442551797,3747.87442551797,1168.96203331906,0.764027472757552
"F2","A_o",8860.1425380745,8.8601425380745,"1HW","25",-1.69,2.6,5.93397678011358,5933.97678011358,1850.80735771743,1.20967801158002
"F2","A_o",8464.0284736674,8.46402847366739,"1HW","25",-1.69,2.6,5.26866397252986,5268.66397252986,1643.29629303206,1.07404986472684
"F2","A_o",7942.43780825829,7.94243780825829,"1HW","25",-1.69,2.6,4.46560123668832,4465.60123668832,1392.82102572309,0.910340539688293
"F2","A_o",7228.59922914702,7.22859922914702,"1HW","25",-1.69,2.6,3.49575334934123,3495.75334934123,1090.32546965953,0.712631025921261
"F2","A_o",5537.38175172327,5.53738175172327,"1HW","25",-1.69,2.6,1.7482019866778,1748.2019866778,545.264199644804,0.356381829833205
"F2","A_o",10079.8869994182,10.0798869994182,"1HW","25",-1.69,2.6,8.29821580609506,8298.21580609506,2588.21350992105,1.69164281694186
"F2","A_o",11380.36,11.38036,"1HW","25",-1.69,2.6,11.3764195848114,11376.4195848114,3548.30526850267,2.31915377026318
"F2","A_o",6837.52,6.83752,"1HW","25",-1.69,2.6,3.02507666236673,3025.07666236673,943.521410992184,0.616680660779205
"F2","A_o",7068.939,7.068939,"1HW","25",-1.69,2.6,3.29853433019242,3298.53433019242,1028.81285758702,0.672426704305239
"F2","A_o",6700.811,6.700811,"1HW","25",-1.69,2.6,2.87032555990195,2870.32555990195,895.254542133418,0.5851336876689
"F2","A_o",4164.64,4.16464,"1HW","25",-1.69,2.6,0.833491953959537,833.491953959537,259.96614043998,0.16991251009149
"F2","A_o",6793.438,6.793438,"1HW","25",-1.69,2.6,2.97463033204728,2974.63033204728,927.787200565547,0.606396863114736
"F2","A_o",10075.684,10.075684,"1HW","25",-1.69,2.6,8.28922255213716,8289.22255213716,2585.40851401158,1.68980948628208
"F2","A_o",7638.141,7.638141,"1HW","25",-1.69,2.6,4.03429772265267,4034.29772265267,1258.29745969537,0.82241664032377
"F2","A_o",8420.605,8.420605,"1HW","25",-1.69,2.6,5.19867381088535,5198.67381088535,1621.46636161514,1.05978193569617
"F2","A_o",8905.555,8.905555,"1HW","25",-1.69,2.6,6.01337896958374,6013.37896958374,1875.57290061317,1.22586464092364
"F2","A_o",7951.836,7.951836,"1HW","25",-1.69,2.6,4.47935288588099,4479.35288588099,1397.11016510628,0.913143898762275
"F2","A_o",5716.145,5.716145,"1HW","25",-1.69,2.6,1.89875275027477,1898.75275027477,592.220982810701,0.387072537784772
"F2","A_o",4573.405,4.573405,"1HW","25",-1.69,2.6,1.0632199617474,1063.2199617474,331.618306069015,0.216743990894781
"F2","A_o",10490.173,10.490173,"1HW","25",-1.69,2.6,9.20523523673562,9205.23523673562,2871.11287033784,1.87654435969793
"F2","A_o",5707.781,5.707781,"1HW","25",-1.69,2.6,1.89153762250425,1891.53762250425,589.970584459076,0.385601689188939
"F2","A_o",9020.786,9.020786,"1HW","25",-1.69,2.6,6.21778052787004,6217.78052787004,1939.32574664267,1.26753316774031
"F2","A_o",6388.62,6.38862,"1HW","25",-1.69,2.6,2.53546924815116,2535.46924815116,790.812858498348,0.516871149345325
"F2","A_o",5176.095,5.176095,"1HW","25",-1.69,2.6,1.46691794154977,1466.91794154977,457.531705969372,0.299040330698936
"F2","A_o",4044.286,4.044286,"1HW","25",-1.69,2.6,0.772304981432729,772.304981432729,240.881923708868,0.15743916582279
"F2","A_o",7674.915,7.674915,"1HW","25",-1.69,2.6,4.0849927802217,4084.9927802217,1274.10924815115,0.832751142582451
"F2","A_o",8543.43,8.54343,"1HW","25",-1.69,2.6,5.39813684734109,5398.13684734109,1683.67888268569,1.10044371417365
"F2","A_o",6469.125,6.469125,"1HW","25",-1.69,2.6,2.61937942313944,2619.37942313944,816.984442077191,0.533976759527576
"F2","A_o",4982.334,4.982334,"1HW","25",-1.69,2.6,1.32838933002581,1328.38933002581,414.32463203505,0.270800413094804
"F2","A_o",4811.56,4.81156,"1HW","25",-1.69,2.6,1.21323059879954,1213.23059879954,378.406623765576,0.247324590696455
"F2","A_o",6652.511,6.652511,"1HW","25",-1.69,2.6,2.81684249224061,2816.84249224061,878.573173329847,0.57423083224173
"F2","A_o",5684.563,5.684563,"1HW","25",-1.69,2.6,1.87159733595888,1871.59733595888,583.751209085575,0.381536737964428
"F2","A_o",5568.601,5.568601,"1HW","25",-1.69,2.6,1.77394382373655,1773.94382373655,553.293078623429,0.361629463152568
"F2","A_o",7256.812,7.256812,"1HW","25",-1.69,2.6,3.53133783446674,3531.33783446674,1101.42427057018,0.719885144163514
"F2","A_o",5533.743,5.533743,"1HW","25",-1.69,2.6,1.74521671007096,1745.21671007096,544.333091871134,0.355773262660872
"F2","A_o",4256.635,4.256635,"1HW","25",-1.69,2.6,0.882211409963016,882.211409963016,275.161738767465,0.179844273704225
"F2","A_o",5509.085,5.509085,"1HW","25",-1.69,2.6,1.72506963326653,1725.06963326653,538.04921861583,0.351666155958059
"F2","A_o",6971.201,6.971201,"1HW","25",-1.69,2.6,3.18126445269684,3181.26445269684,992.236382796143,0.648520511631466
"F2","A_o",5475.661,5.475661,"1HW","25",-1.69,2.6,1.69798964626235,1697.98964626235,529.602970669226,0.346145732463546
